date,month,open,high,low,close,volume,settle
2019/01/02,201901,9760,9762,9506,9536,165922,9529
2019/01/02,201902,9729,9740,9488,9513,2002,9510
2019/01/02,201903,9708,9715,9470,9488,365,9488
2019/01/02,201906,9634,9647,9412,9430,138,9430
2019/01/02,201909,9252,9252,9025,9032,82,9032
2019/01/02,201912,9198,9198,8970,8986,84,8986
2019/01/03,201901,9488,9547,9433,9440,130686,9443
2019/01/03,201902,9472,9523,9415,9421,1728,9423
2019/01/03,201903,9445,9505,9398,9401,378,9405
2019/01/03,201906,9400,9440,9340,9346,107,9346
2019/01/03,201909,9000,9042,8940,8950,41,8950
2019/01/03,201912,8939,8962,8895,8898,84,8899
2019/01/04,201901,9367,9410,9305,9367,168796,9370
2019/01/04,201902,9350,9390,9288,9344,2353,9352
2019/01/04,201903,9320,9365,9272,9324,528,9331
2019/01/04,201906,9260,9306,9209,9270,209,9268
2019/01/04,201909,8881,8905,8817,8887,73,8887
2019/01/04,201912,8825,8855,8770,8830,70,8830
2019/01/07,201901,9541,9588,9490,9563,145208,9563
2019/01/07,201902,9510,9568,9470,9542,2597,9544
2019/01/07,201903,9481,9545,9451,9520,380,9523
2019/01/07,201906,9440,9477,9394,9463,164,9463
2019/01/07,201909,9045,9084,8998,9073,87,9073
2019/01/07,201912,8970,9025,8958,9023,28,9023
2019/01/08,201901,9600,9611,9532,9561,121996,9558
2019/01/08,201902,9577,9590,9516,9541,2724,9541
2019/01/08,201903,9561,9565,9498,9518,247,9518
2019/01/08,201906,9489,9503,9432,9454,104,9454
2019/01/08,201909,9085,9085,9038,9057,37,9057
2019/01/08,201912,9052,9052,9000,9006,25,9009
2019/01/09,201901,9608,9755,9602,9708,161013,9709
2019/01/09,201902,9588,9736,9587,9690,5081,9690
2019/01/09,201903,9569,9713,9566,9671,572,9671
2019/01/09,201906,9511,9649,9500,9608,193,9608
2019/01/09,201909,9117,9250,9113,9211,126,9211
2019/01/09,201912,9050,9200,9050,9185,42,9161
2019/01/10,201901,9710,9713,9673,9694,96870,9694
2019/01/10,201902,9690,9697,9660,9678,3425,9678
2019/01/10,201903,9668,9677,9640,9666,366,9666
2019/01/10,201906,9608,9613,9580,9605,51,9605
2019/01/10,201909,9197,9215,9185,9210,59,9210
2019/01/10,201912,9177,9177,9142,9153,17,9153
2019/01/11,201901,9760,9803,9724,9750,137362,9750
2019/01/11,201902,9743,9786,9711,9737,10814,9738
2019/01/11,201903,9729,9767,9692,9718,317,9718
2019/01/11,201906,9655,9702,9640,9662,67,9662
2019/01/11,201909,9265,9303,9241,9266,56,9266
2019/01/11,201912,9210,9260,9196,9221,27,9221
2019/01/14,201901,9738,9756,9660,9691,133304,9689
2019/01/14,201902,9722,9742,9649,9678,31028,9677
2019/01/14,201903,9716,9721,9633,9660,294,9660
2019/01/14,201906,9649,9656,9576,9601,69,9601
2019/01/14,201909,9248,9249,9193,9195,21,9207
2019/01/14,201912,9255,9255,9138,9148,32,9161
2019/01/15,201901,9743,9817,9715,9793,158065,9794
2019/01/15,201902,9718,9804,9703,9794,54613,9791
2019/01/15,201903,9699,9785,9683,9776,965,9776
2019/01/15,201906,9650,9719,9634,9719,170,9719
2019/01/15,201909,9251,9328,9232,9311,63,9311
2019/01/15,201912,9202,9281,9188,9245,47,9270
2019/01/16,201901,9781,9804,9755,9784,62359,0
2019/01/16,201902,9785,9799,9750,9764,61799,9763
2019/01/16,201903,9768,9785,9740,9753,1608,9752
2019/01/16,201906,9703,9729,9689,9699,115,9699
2019/01/16,201909,9310,9329,9290,9310,58,9300
2019/01/16,201912,9270,9277,9241,9250,50,9250
2019/01/17,201902,9777,9834,9721,9779,142688,9779
2019/01/17,201903,9768,9820,9710,9767,1611,9766
2019/01/17,201904,9760,9804,9700,9752,105,9752
2019/01/17,201906,9717,9763,9660,9716,126,9716
2019/01/17,201909,9318,9368,9265,9319,80,9319
2019/01/17,201912,9272,9320,9232,9268,37,9268
2019/01/18,201902,9825,9846,9770,9820,115290,9821
2019/01/18,201903,9810,9832,9760,9809,1284,9808
2019/01/18,201904,9803,9818,9747,9793,128,9793
2019/01/18,201906,9756,9780,9714,9750,112,9758
2019/01/18,201909,9354,9383,9316,9362,84,9362
2019/01/18,201912,9305,9333,9267,9333,31,9311
2019/01/21,201902,9885,9919,9856,9866,119821,9864
2019/01/21,201903,9875,9905,9845,9853,1346,9853
2019/01/21,201904,9866,9890,9830,9835,132,9835
2019/01/21,201906,9807,9855,9798,9806,112,9806
2019/01/21,201909,9428,9438,9397,9419,36,9400
2019/01/21,201912,9383,9400,9349,9355,27,9355
2019/01/22,201902,9841,9868,9822,9847,93410,9845
2019/01/22,201903,9835,9855,9812,9834,1080,9833
2019/01/22,201904,9821,9840,9800,9820,90,9820
2019/01/22,201906,9773,9802,9769,9783,67,9783
2019/01/22,201909,9367,9388,9366,9382,45,9382
2019/01/22,201912,9318,9342,9318,9337,22,9337
2019/01/23,201902,9830,9860,9807,9818,106263,9819
2019/01/23,201903,9816,9847,9796,9809,1098,9808
2019/01/23,201904,9803,9830,9785,9793,66,9793
2019/01/23,201906,9765,9794,9748,9758,64,9758
2019/01/23,201909,9363,9386,9349,9351,26,9351
2019/01/23,201912,9308,9342,9300,9304,35,9304
2019/01/24,201902,9833,9884,9820,9863,104491,9860
2019/01/24,201903,9824,9870,9810,9848,1297,9848
2019/01/24,201904,9813,9855,9797,9834,133,9834
2019/01/24,201906,9785,9818,9766,9801,61,9801
2019/01/24,201909,9411,9411,9365,9394,18,9394
2019/01/24,201912,9325,9364,9318,9343,49,9347
2019/01/25,201902,9928,9989,9911,9968,116395,9968
2019/01/25,201903,9909,9975,9899,9955,1720,9955
2019/01/25,201904,9891,9959,9886,9940,270,9940
2019/01/25,201906,9862,9922,9850,9902,223,9902
2019/01/25,201909,9468,9515,9442,9497,61,9497
2019/01/25,201912,9419,9464,9408,9460,44,9451
2019/01/28,201902,10000,10018,9975,9985,81405,9986
2019/01/28,201903,9990,10004,9966,9975,1023,9976
2019/01/28,201904,9963,9985,9959,9959,108,9959
2019/01/28,201906,9940,9952,9925,9925,77,9925
2019/01/28,201909,9541,9546,9510,9516,80,9516
2019/01/28,201912,9480,9498,9470,9476,59,9476
2019/01/29,201902,9932,9936,9880,9923,113746,9922
2019/01/29,201903,9920,9923,9871,9910,1939,9911
2019/01/29,201904,9910,9910,9860,9899,147,9899
2019/01/29,201906,9870,9875,9830,9868,84,9868
2019/01/29,201909,9460,9462,9412,9450,83,9450
2019/01/29,201912,9430,9430,9373,9409,51,9409
2019/01/30,201902,9925,9956,9896,9926,83963,9924
2019/01/30,201903,9920,9942,9887,9915,1267,9913
2019/01/30,201904,9891,9930,9875,9902,100,9902
2019/01/30,201906,9862,9896,9845,9860,29,9870
2019/01/30,201909,9430,9480,9430,9451,19,9451
2019/01/30,201912,9408,9440,9388,9411,66,9411
2019/02/11,201902,10010,10067,9966,9999,101469,9998
2019/02/11,201903,9995,10052,9954,9989,2935,9987
2019/02/11,201904,9990,10038,9945,9973,306,9973
2019/02/11,201906,9942,10003,9916,9939,122,9939
2019/02/11,201909,9560,9591,9502,9524,53,9524
2019/02/11,201912,9529,9550,9465,9492,66,9486
2019/02/12,201902,10049,10093,10029,10084,79049,10084
2019/02/12,201903,10038,10082,10020,10075,3112,10073
2019/02/12,201904,10018,10068,10010,10060,332,10060
2019/02/12,201906,9986,10033,9975,10025,73,10025
2019/02/12,201909,9568,9619,9565,9615,60,9615
2019/02/12,201912,9532,9577,9520,9570,57,9570
2019/02/13,201902,10125,10128,10055,10084,96794,10085
2019/02/13,201903,10113,10115,10050,10079,3079,10077
2019/02/13,201904,10096,10100,10040,10064,261,10064
2019/02/13,201906,10068,10069,10015,10038,96,10038
2019/02/13,201909,9661,9661,9596,9623,139,9623
2019/02/13,201912,9610,9615,9557,9575,44,9579
2019/02/14,201902,10044,10124,10034,10080,97857,10079
2019/02/14,201903,10040,10114,10028,10071,5055,10071
2019/02/14,201904,10030,10100,10020,10061,197,10061
2019/02/14,201906,10001,10069,9996,10033,124,10033
2019/02/14,201909,9583,9651,9582,9616,59,9616
2019/02/14,201912,9544,9607,9544,9573,24,9573
2019/02/15,201902,10040,10116,10022,10042,121921,10042
2019/02/15,201903,10035,10109,10018,10038,17493,10037
2019/02/15,201904,10025,10097,10009,10027,261,10027
2019/02/15,201906,9994,10064,9985,9995,95,9995
2019/02/15,201909,9575,9643,9566,9588,56,9580
2019/02/15,201912,9540,9599,9520,9538,21,9538
2019/02/18,201902,10111,10161,10098,10135,113809,10138
2019/02/18,201903,10100,10155,10093,10132,28758,10134
2019/02/18,201904,10093,10142,10088,10120,420,10120
2019/02/18,201906,10057,10111,10055,10092,125,10092
2019/02/18,201909,9642,9692,9641,9674,95,9674
2019/02/18,201912,9602,9650,9598,9633,75,9633
2019/02/19,201902,10123,10158,10104,10142,93983,10143
2019/02/19,201903,10121,10157,10101,10145,37856,10145
2019/02/19,201904,10104,10143,10095,10133,209,10133
2019/02/19,201906,10073,10115,10073,10104,121,10104
2019/02/19,201909,9671,9697,9656,9684,96,9684
2019/02/19,201912,9614,9650,9614,9639,70,9639
2019/02/20,201902,10183,10262,10177,10256,73350,0
2019/02/20,201903,10177,10263,10177,10249,72429,10247
2019/02/20,201904,10168,10246,10168,10233,896,10232
2019/02/20,201906,10140,10216,10138,10207,279,10205
2019/02/20,201909,9729,9788,9725,9777,75,9777
2019/02/20,201912,9674,9736,9674,9714,152,9726
2019/02/21,201903,10255,10327,10232,10324,97337,10323
2019/02/21,201904,10242,10314,10218,10310,900,10310
2019/02/21,201905,10231,10290,10210,10290,82,10290
2019/02/21,201906,10210,10281,10191,10281,141,10279
2019/02/21,201909,9808,9858,9770,9858,99,9855
2019/02/21,201912,9732,9799,9719,9799,73,9799
2019/02/22,201903,10272,10312,10245,10310,87939,10308
2019/02/22,201904,10266,10299,10235,10299,543,10297
2019/02/22,201905,10249,10283,10223,10283,79,10281
2019/02/22,201906,10229,10267,10207,10267,80,10267
2019/02/22,201909,9814,9841,9780,9841,56,9840
2019/02/22,201912,9755,9766,9729,9764,31,9789
2019/02/25,201903,10350,10378,10324,10368,104882,10366
2019/02/25,201904,10339,10365,10315,10356,835,10355
2019/02/25,201905,10310,10350,10300,10342,63,10342
2019/02/25,201906,10310,10334,10285,10330,205,10330
2019/02/25,201909,9863,9909,9861,9900,46,9900
2019/02/25,201912,9824,9857,9808,9851,100,9851
2019/02/26,201903,10381,10394,10336,10355,100522,10352
2019/02/26,201904,10370,10380,10326,10345,950,10342
2019/02/26,201905,10350,10366,10315,10333,86,10333
2019/02/26,201906,10339,10347,10300,10325,87,10318
2019/02/26,201909,9917,9920,9884,9895,26,9891
2019/02/26,201912,9865,9872,9830,9840,68,9840
2019/02/27,201903,10375,10384,10325,10362,83461,10361
2019/02/27,201904,10357,10371,10318,10352,789,10351
2019/02/27,201905,10355,10361,10310,10340,115,10340
2019/02/27,201906,10338,10347,10300,10327,60,10327
2019/02/27,201909,9901,9905,9868,9905,36,9899
2019/02/27,201912,9862,9862,9822,9855,21,9850
2019/03/04,201903,10390,10400,10276,10311,122715,10312
2019/03/04,201904,10373,10388,10268,10303,1096,10301
2019/03/04,201905,10350,10377,10260,10295,121,10295
2019/03/04,201906,10361,10361,10246,10283,168,10283
2019/03/04,201909,9933,9933,9825,9858,89,9858
2019/03/04,201912,9882,9882,9770,9806,89,9806
2019/03/05,201903,10260,10306,10248,10274,97390,10275
2019/03/05,201904,10247,10295,10240,10268,861,10267
2019/03/05,201905,10239,10284,10230,10254,75,10254
2019/03/05,201906,10224,10274,10220,10250,40,10242
2019/03/05,201909,9802,9849,9797,9822,30,9822
2019/03/05,201912,9755,9798,9748,9773,31,9773
2019/03/06,201903,10283,10333,10282,10322,91094,10322
2019/03/06,201904,10278,10323,10273,10312,1304,10312
2019/03/06,201905,10268,10311,10268,10303,109,10303
2019/03/06,201906,10261,10298,10261,10290,112,10290
2019/03/06,201909,9845,9875,9845,9867,55,9867
2019/03/06,201912,9795,9825,9795,9817,22,9817
2019/03/07,201903,10315,10335,10260,10262,95914,10261
2019/03/07,201904,10303,10325,10252,10253,944,10253
2019/03/07,201905,10300,10312,10242,10245,79,10245
2019/03/07,201906,10278,10296,10230,10232,63,10232
2019/03/07,201909,9855,9872,9815,9820,40,9815
2019/03/07,201912,9818,9822,9769,9769,37,9764
2019/03/08,201903,10230,10244,10162,10200,127917,10201
2019/03/08,201904,10220,10236,10157,10194,1979,10194
2019/03/08,201905,10209,10226,10154,10187,221,10187
2019/03/08,201906,10200,10213,10134,10175,233,10175
2019/03/08,201909,9791,9798,9728,9762,58,9762
2019/03/08,201912,9726,9735,9675,9715,48,9715
2019/03/11,201903,10170,10234,10168,10229,78910,10227
2019/03/11,201904,10170,10226,10162,10220,1954,10219
2019/03/11,201905,10158,10214,10152,10211,102,10211
2019/03/11,201906,10146,10201,10145,10198,63,10198
2019/03/11,201909,9734,9788,9733,9788,33,9788
2019/03/11,201912,9680,9747,9680,9738,43,9738
2019/03/12,201903,10301,10385,10300,10348,109945,10348
2019/03/12,201904,10288,10377,10288,10341,3440,10341
2019/03/12,201905,10283,10365,10283,10333,298,10333
2019/03/12,201906,10268,10356,10268,10320,169,10320
2019/03/12,201909,9873,9939,9871,9907,58,9907
2019/03/12,201912,9826,9893,9821,9855,41,9855
2019/03/13,201903,10325,10365,10305,10365,100182,10363
2019/03/13,201904,10318,10358,10299,10358,2816,10356
2019/03/13,201905,10312,10349,10293,10349,270,10349
2019/03/13,201906,10290,10337,10282,10337,79,10337
2019/03/13,201909,9888,9921,9877,9921,55,9921
2019/03/13,201912,9835,9875,9820,9875,57,9875
2019/03/14,201903,10390,10392,10322,10338,92686,10337
2019/03/14,201904,10386,10386,10318,10332,3750,10332
2019/03/14,201905,10372,10372,10313,10323,205,10323
2019/03/14,201906,10368,10368,10300,10312,60,10312
2019/03/14,201909,9954,9954,9895,9908,39,9903
2019/03/14,201912,9900,9902,9846,9856,64,9856
2019/03/15,201903,10355,10430,10347,10414,116100,10413
2019/03/15,201904,10348,10423,10344,10407,16447,10408
2019/03/15,201905,10343,10413,10341,10395,412,10395
2019/03/15,201906,10328,10403,10328,10387,204,10387
2019/03/15,201909,9920,9989,9919,9982,116,9982
2019/03/15,201912,9880,9940,9874,9931,131,9931
2019/03/18,201903,10437,10487,10420,10477,104180,10478
2019/03/18,201904,10435,10483,10416,10474,32095,10474
2019/03/18,201905,10416,10471,10411,10465,359,10465
2019/03/18,201906,10406,10459,10401,10456,113,10456
2019/03/18,201909,10005,10051,9986,10044,103,10044
2019/03/18,201912,9953,9995,9939,9993,135,9993
2019/03/19,201903,10483,10511,10461,10501,101703,10501
2019/03/19,201904,10486,10500,10459,10495,43895,10494
2019/03/19,201905,10471,10490,10448,10481,603,10481
2019/03/19,201906,10465,10478,10438,10472,600,10472
2019/03/19,201909,10047,10066,10040,10059,59,10059
2019/03/19,201912,9995,10017,9986,10017,77,10017
2019/03/20,201903,10493,10549,10492,10545,56166,0
2019/03/20,201904,10490,10519,10480,10514,61841,10514
2019/03/20,201905,10477,10505,10471,10503,457,10503
2019/03/20,201906,10470,10494,10466,10490,181,10490
2019/03/20,201909,10049,10080,10048,10076,56,10076
2019/03/20,201912,9998,10030,9998,10030,103,10030
2019/03/21,201904,10538,10593,10532,10590,90838,10588
2019/03/21,201905,10518,10581,10518,10580,1233,10578
2019/03/21,201906,10511,10569,10511,10568,353,10567
2019/03/21,201909,10103,10154,10100,10154,89,10154
2019/03/21,201912,10050,10100,10045,10097,127,10105
2019/03/21,202003,10006,10053,9976,10053,85,10053
2019/03/22,201904,10645,10659,10560,10613,107634,10613
2019/03/22,201905,10636,10646,10552,10605,889,10603
2019/03/22,201906,10624,10636,10542,10592,284,10592
2019/03/22,201909,10219,10224,10133,10185,83,10185
2019/03/22,201912,10162,10175,10090,10133,87,10134
2019/03/22,202003,10108,10120,10038,10081,38,10081
2019/03/25,201904,10478,10486,10423,10438,100215,10437
2019/03/25,201905,10468,10475,10415,10430,1315,10428
2019/03/25,201906,10455,10465,10409,10420,257,10420
2019/03/25,201909,10038,10057,9996,10011,71,10011
2019/03/25,201912,9996,10000,9949,9958,57,9958
2019/03/25,202003,9941,9950,9900,9907,18,9907
2019/03/26,201904,10482,10538,10480,10522,87187,10523
2019/03/26,201905,10475,10526,10472,10515,870,10513
2019/03/26,201906,10468,10515,10468,10504,266,10504
2019/03/26,201909,10051,10105,10051,10095,92,10095
2019/03/26,201912,10013,10054,10013,10043,57,10043
2019/03/26,202003,9957,10001,9957,9992,52,9992
2019/03/27,201904,10506,10533,10473,10520,88500,10520
2019/03/27,201905,10500,10523,10465,10510,887,10511
2019/03/27,201906,10504,10509,10463,10500,120,10500
2019/03/27,201909,10087,10099,10050,10087,30,10087
2019/03/27,201912,10033,10049,10000,10043,101,10043
2019/03/27,202003,9981,10002,9957,9990,22,9990
2019/03/28,201904,10450,10515,10444,10493,83464,10493
2019/03/28,201905,10440,10504,10438,10483,936,10483
2019/03/28,201906,10438,10490,10431,10473,159,10473
2019/03/28,201909,10025,10082,10025,10067,35,10067
2019/03/28,201912,9975,10038,9975,10022,45,10022
2019/03/28,202003,9927,9981,9927,9970,35,9970
2019/03/29,201904,10551,10600,10476,10598,128163,10598
2019/03/29,201905,10542,10589,10466,10587,1861,10587
2019/03/29,201906,10535,10576,10458,10574,270,10574
2019/03/29,201909,10130,10167,10050,10167,121,10167
2019/03/29,201912,10086,10125,10012,10125,74,10125
2019/03/29,202003,10023,10070,9967,10070,72,10070
2019/04/01,201904,10679,10715,10615,10638,114429,10640
2019/04/01,201905,10658,10702,10605,10629,1493,10631
2019/04/01,201906,10652,10690,10595,10620,330,10620
2019/04/01,201909,10253,10275,10188,10208,152,10208
2019/04/01,201912,10200,10230,10145,10164,142,10164
2019/04/01,202003,10162,10175,10090,10112,59,10112
2019/04/02,201904,10688,10704,10668,10676,78347,10678
2019/04/02,201905,10678,10694,10660,10666,1015,10668
2019/04/02,201906,10667,10680,10650,10656,205,10656
2019/04/02,201909,10257,10265,10240,10250,62,10250
2019/04/02,201912,10205,10220,10201,10204,41,10204
2019/04/02,202003,10159,10177,10145,10153,39,10153
2019/04/03,201904,10688,10728,10671,10693,93675,10695
2019/04/03,201905,10670,10715,10661,10688,1991,10687
2019/04/03,201906,10663,10702,10653,10678,194,10678
2019/04/03,201909,10250,10295,10250,10271,52,10271
2019/04/03,201912,10216,10250,10199,10220,60,10220
2019/04/03,202003,10156,10187,10145,10160,26,10168
2019/04/08,201904,10779,10795,10745,10770,92630,10770
2019/04/08,201905,10768,10787,10738,10761,2194,10761
2019/04/08,201906,10757,10774,10727,10751,258,10751
2019/04/08,201909,10350,10363,10323,10344,56,10344
2019/04/08,201912,10301,10316,10279,10302,93,10297
2019/04/08,202003,10234,10265,10226,10251,22,10243
2019/04/09,201904,10801,10848,10782,10843,70930,10843
2019/04/09,201905,10789,10840,10775,10836,2936,10836
2019/04/09,201906,10778,10827,10767,10823,204,10823
2019/04/09,201909,10370,10416,10360,10415,64,10415
2019/04/09,201912,10320,10374,10319,10374,76,10374
2019/04/09,202003,10270,10316,10268,10316,56,10316
2019/04/10,201904,10820,10869,10812,10862,69994,10861
2019/04/10,201905,10814,10862,10808,10856,2213,10854
2019/04/10,201906,10808,10852,10799,10843,148,10843
2019/04/10,201909,10402,10441,10393,10439,33,10439
2019/04/10,201912,10348,10400,10348,10396,58,10395
2019/04/10,202003,10285,10339,10285,10338,15,10338
2019/04/11,201904,10868,10885,10775,10806,110887,10806
2019/04/11,201905,10864,10879,10771,10804,6752,10802
2019/04/11,201906,10854,10868,10763,10794,288,10793
2019/04/11,201909,10449,10460,10368,10386,80,10386
2019/04/11,201912,10401,10419,10324,10345,60,10345
2019/04/11,202003,10344,10355,10260,10293,52,10287
2019/04/12,201904,10818,10831,10782,10802,85901,10802
2019/04/12,201905,10810,10828,10781,10802,15507,10802
2019/04/12,201906,10805,10819,10772,10793,143,10793
2019/04/12,201909,10407,10408,10370,10380,50,10388
2019/04/12,201912,10355,10368,10325,10348,50,10348
2019/04/12,202003,10308,10314,10275,10285,14,10289
2019/04/15,201904,10865,10895,10843,10876,100286,10876
2019/04/15,201905,10860,10895,10843,10879,36329,10878
2019/04/15,201906,10853,10888,10839,10872,351,10872
2019/04/15,201909,10441,10472,10435,10461,41,10461
2019/04/15,201912,10412,10434,10395,10420,90,10420
2019/04/15,202003,10350,10377,10332,10369,35,10363
2019/04/16,201904,10870,10932,10863,10931,104554,10930
2019/04/16,201905,10868,10925,10864,10923,45120,10924
2019/04/16,201906,10867,10916,10860,10914,699,10914
2019/04/16,201909,10450,10511,10450,10511,226,10511
2019/04/16,201912,10415,10464,10415,10464,89,10464
2019/04/16,202003,10361,10407,10361,10406,37,10406
2019/04/17,201904,10954,11010,10948,11004,63683,0
2019/04/17,201905,10933,10994,10933,10994,62516,10992
2019/04/17,201906,10934,10984,10932,10981,775,10981
2019/04/17,201909,10530,10579,10530,10576,90,10576
2019/04/17,201912,10493,10537,10481,10537,152,10537
2019/04/17,202003,10438,10480,10432,10478,52,10478
2019/04/18,201905,11022,11039,10920,10939,117490,10938
2019/04/18,201906,11014,11028,10915,10931,1172,10930
2019/04/18,201907,10760,10782,10689,10697,83,10697
2019/04/18,201909,10610,10617,10522,10534,121,10534
2019/04/18,201912,10570,10584,10486,10491,98,10491
2019/04/18,202003,10517,10530,10430,10430,97,10437
2019/04/19,201905,11020,11036,10954,10972,88747,10973
2019/04/19,201906,11009,11025,10946,10966,799,10965
2019/04/19,201907,10780,10790,10716,10735,63,10735
2019/04/19,201909,10600,10621,10546,10565,67,10565
2019/04/19,201912,10574,10575,10514,10525,42,10525
2019/04/19,202003,10520,10532,10458,10469,32,10469
2019/04/22,201905,11008,11030,10958,10978,77384,10978
2019/04/22,201906,10999,11018,10950,10971,675,10970
2019/04/22,201907,10771,10793,10734,10755,89,10755
2019/04/22,201909,10600,10614,10568,10569,51,10574
2019/04/22,201912,10562,10580,10514,10533,60,10535
2019/04/22,202003,10507,10515,10480,10482,24,10485
2019/04/23,201905,10988,11024,10934,11024,103861,11023
2019/04/23,201906,10977,11015,10926,11014,1209,11014
2019/04/23,201907,10762,10797,10716,10797,54,10797
2019/04/23,201909,10584,10616,10540,10616,49,10616
2019/04/23,201912,10545,10577,10497,10577,44,10577
2019/04/23,202003,10494,10526,10446,10526,39,10526
2019/04/24,201905,11050,11057,10970,11009,108063,11009
2019/04/24,201906,11050,11050,10962,11001,1061,11000
2019/04/24,201907,10825,10825,10747,10785,123,10785
2019/04/24,201909,10646,10646,10585,10612,58,10607
2019/04/24,201912,10608,10609,10535,10570,69,10570
2019/04/24,202003,10558,10558,10480,10511,28,10517
2019/04/25,201905,10990,11041,10977,11031,86847,11030
2019/04/25,201906,10978,11031,10970,11023,734,11021
2019/04/25,201907,10764,10813,10758,10810,73,10810
2019/04/25,201909,10593,10633,10589,10625,50,10629
2019/04/25,201912,10550,10595,10541,10590,42,10590
2019/04/25,202003,10490,10546,10490,10540,61,10540
2019/04/26,201905,10962,10972,10900,10933,118536,10934
2019/04/26,201906,10958,10963,10893,10927,1892,10926
2019/04/26,201907,10744,10746,10688,10709,109,10718
2019/04/26,201909,10552,10555,10510,10535,107,10535
2019/04/26,201912,10525,10526,10473,10493,51,10493
2019/04/26,202003,10472,10472,10420,10422,21,10446
2019/04/29,201905,10959,10978,10902,10932,90107,10933
2019/04/29,201906,10949,10968,10896,10928,1316,10928
2019/04/29,201907,10737,10757,10688,10718,125,10718
2019/04/29,201909,10550,10566,10505,10538,54,10538
2019/04/29,201912,10513,10522,10470,10495,72,10495
2019/04/29,202003,10466,10488,10425,10438,25,10446
2019/04/30,201905,10912,10961,10883,10952,99311,10952
2019/04/30,201906,10909,10953,10878,10946,1704,10947
2019/04/30,201907,10701,10746,10680,10746,79,10746
2019/04/30,201909,10502,10567,10490,10565,71,10565
2019/04/30,201912,10475,10520,10450,10520,62,10520
2019/04/30,202003,10409,10473,10409,10473,12,10473
2019/05/02,201905,10947,11033,10933,10978,110504,10978
2019/05/02,201906,10936,11026,10926,10974,2067,10974
2019/05/02,201907,10730,10820,10730,10770,178,10770
2019/05/02,201909,10565,10638,10551,10586,35,10586
2019/05/02,201912,10512,10600,10503,10548,68,10548
2019/05/02,202003,10496,10550,10492,10492,34,10501
2019/05/03,201905,10992,11094,10975,11092,105128,11092
2019/05/03,201906,10983,11088,10971,11087,3323,11087
2019/05/03,201907,10780,10884,10777,10884,203,10884
2019/05/03,201909,10591,10700,10589,10700,194,10700
2019/05/03,201912,10561,10664,10551,10664,137,10664
2019/05/03,202003,10515,10611,10515,10611,50,10611
2019/05/06,201905,10980,10980,10821,10857,157627,10860
2019/05/06,201906,10990,10990,10815,10854,3927,10855
2019/05/06,201907,10783,10783,10622,10654,308,10654
2019/05/06,201909,10600,10600,10439,10478,273,10478
2019/05/06,201912,10546,10550,10400,10438,92,10438
2019/05/06,202003,10485,10485,10350,10393,68,10393
2019/05/07,201905,10900,10996,10900,10970,112695,10971
2019/05/07,201906,10900,10989,10895,10965,2974,10965
2019/05/07,201907,10700,10783,10700,10755,130,10755
2019/05/07,201909,10506,10599,10506,10582,88,10582
2019/05/07,201912,10478,10567,10478,10547,71,10547
2019/05/07,202003,10428,10512,10428,10489,52,10489
2019/05/08,201905,10849,10943,10841,10893,122471,10893
2019/05/08,201906,10826,10935,10826,10887,3737,10887
2019/05/08,201907,10631,10723,10631,10678,191,10678
2019/05/08,201909,10454,10546,10454,10502,99,10502
2019/05/08,201912,10400,10507,10400,10463,121,10463
2019/05/08,202003,10367,10452,10367,10422,28,10408
2019/05/09,201905,10854,10866,10716,10746,163378,10747
2019/05/09,201906,10852,10860,10713,10742,8808,10743
2019/05/09,201907,10645,10648,10501,10538,311,10538
2019/05/09,201909,10430,10460,10325,10350,306,10350
2019/05/09,201912,10401,10416,10287,10316,105,10316
2019/05/09,202003,10350,10365,10250,10255,56,10265
2019/05/10,201905,10750,10850,10646,10745,244648,10744
2019/05/10,201906,10760,10845,10648,10743,25251,10744
2019/05/10,201907,10540,10632,10438,10534,461,10534
2019/05/10,201909,10349,10454,10267,10354,438,10354
2019/05/10,201912,10320,10418,10248,10295,105,10317
2019/05/10,202003,10266,10360,10180,10268,36,10268
2019/05/13,201905,10686,10708,10565,10576,166126,10574
2019/05/13,201906,10692,10709,10570,10577,42108,10576
2019/05/13,201907,10486,10496,10366,10369,298,10369
2019/05/13,201909,10309,10316,10200,10204,689,10204
2019/05/13,201912,10255,10264,10156,10159,102,10159
2019/05/13,202003,10208,10218,10115,10115,67,10115
2019/05/14,201905,10425,10571,10399,10532,182739,10531
2019/05/14,201906,10429,10567,10401,10525,54603,10524
2019/05/14,201907,10202,10356,10200,10320,301,10320
2019/05/14,201909,10050,10200,10035,10160,707,10160
2019/05/14,201912,10015,10153,10000,10132,102,10115
2019/05/14,202003,9980,10105,9980,10074,54,10074
2019/05/15,201905,10539,10609,10513,10579,84213,0
2019/05/15,201906,10524,10596,10506,10583,75165,10581
2019/05/15,201907,10325,10389,10307,10379,464,10378
2019/05/15,201909,10174,10238,10147,10217,497,10217
2019/05/15,201912,10114,10192,10105,10173,45,10183
2019/05/15,202003,10133,10145,10130,10135,19,10135
2019/05/16,201906,10537,10574,10483,10488,136852,10489
2019/05/16,201907,10344,10357,10264,10269,2582,10268
2019/05/16,201908,10235,10235,10150,10150,107,10150
2019/05/16,201909,10184,10191,10110,10115,456,10115
2019/05/16,201912,10123,10154,10082,10082,112,10082
2019/05/16,202003,10106,10121,10040,10044,51,10044
2019/05/17,201906,10562,10566,10406,10411,148067,10413
2019/05/17,201907,10356,10356,10187,10190,1437,10191
2019/05/17,201908,10204,10204,10060,10066,86,10066
2019/05/17,201909,10190,10190,10027,10033,796,10033
2019/05/17,201912,10158,10158,9994,10000,97,10000
2019/05/17,202003,10116,10116,9959,9959,76,9959
2019/05/20,201906,10442,10485,10405,10433,138410,10432
2019/05/20,201907,10215,10263,10186,10212,955,10212
2019/05/20,201908,10098,10129,10060,10075,85,10080
2019/05/20,201909,10063,10101,10025,10051,739,10051
2019/05/20,201912,10047,10063,9994,10013,55,10013
2019/05/20,202003,9989,10024,9870,9977,79,9977
2019/05/21,201906,10398,10502,10378,10487,139337,10487
2019/05/21,201907,10174,10281,10162,10269,1078,10268
2019/05/21,201908,10050,10148,10035,10137,81,10137
2019/05/21,201909,10024,10111,10000,10111,212,10104
2019/05/21,201912,9990,10078,9981,10077,48,10069
2019/05/21,202003,9945,10040,9933,10028,75,10028
2019/05/22,201906,10471,10515,10453,10480,116942,10479
2019/05/22,201907,10260,10293,10234,10255,840,10255
2019/05/22,201908,10128,10160,10106,10126,56,10126
2019/05/22,201909,10100,10129,10073,10093,186,10093
2019/05/22,201912,10063,10092,10035,10053,41,10053
2019/05/22,202003,10015,10050,9996,10013,46,10013
2019/05/23,201906,10422,10424,10285,10310,140826,10311
2019/05/23,201907,10208,10208,10068,10090,1239,10091
2019/05/23,201908,10077,10077,9945,9960,170,9960
2019/05/23,201909,10044,10044,9907,9933,274,9933
2019/05/23,201912,10005,10005,9868,9891,96,9891
2019/05/23,202003,9960,9960,9831,9852,111,9852
2019/05/24,201906,10316,10386,10315,10344,110221,10341
2019/05/24,201907,10095,10160,10094,10120,1560,10119
2019/05/24,201908,9965,10020,9964,9981,77,9981
2019/05/24,201909,9965,9991,9931,9954,95,9954
2019/05/24,201912,9895,9950,9893,9907,97,9907
2019/05/24,202003,9856,9900,9848,9872,42,9872
2019/05/27,201906,10350,10390,10284,10333,103116,10332
2019/05/27,201907,10119,10161,10060,10106,928,10107
2019/05/27,201908,9993,10022,9930,9980,77,9976
2019/05/27,201909,9961,9989,9899,9948,97,9943
2019/05/27,201912,9920,9950,9860,9906,61,9906
2019/05/27,202003,9879,9918,9820,9865,41,9865
2019/05/28,201906,10369,10374,10309,10340,87667,10340
2019/05/28,201907,10136,10146,10085,10114,731,10115
2019/05/28,201908,10006,10006,9958,9982,35,9982
2019/05/28,201909,9970,9970,9929,9948,37,9948
2019/05/28,201912,9929,9937,9890,9912,43,9912
2019/05/28,202003,9905,9905,9850,9877,26,9873
2019/05/29,201906,10220,10295,10218,10291,94603,10291
2019/05/29,201907,10001,10070,9998,10067,868,10067
2019/05/29,201908,9872,9939,9869,9937,61,9937
2019/05/29,201909,9820,9905,9820,9904,97,9904
2019/05/29,201912,9790,9866,9790,9862,57,9862
2019/05/29,202003,9762,9820,9756,9818,63,9825
2019/05/30,201906,10311,10382,10279,10367,118886,10365
2019/05/30,201907,10080,10158,10058,10141,1363,10143
2019/05/30,201908,9948,10015,9925,10008,74,10008
2019/05/30,201909,9902,9988,9902,9977,87,9977
2019/05/30,201912,9895,9950,9858,9940,59,9940
2019/05/30,202003,9856,9905,9822,9905,53,9898
2019/05/31,201906,10332,10493,10330,10455,132616,10455
2019/05/31,201907,10106,10267,10106,10230,1557,10230
2019/05/31,201908,9985,10125,9983,10096,111,10096
2019/05/31,201909,9958,10098,9958,10061,140,10061
2019/05/31,201912,9905,10060,9905,10033,89,10023
2019/05/31,202003,9878,10018,9870,9978,38,9981
2019/06/03,201906,10431,10477,10366,10471,129111,10471
2019/06/03,201907,10197,10248,10141,10248,1178,10244
2019/06/03,201908,10074,10102,10012,10091,80,10109
2019/06/03,201909,10033,10077,9974,10077,175,10074
2019/06/03,201912,9987,10023,9936,10015,77,10035
2019/06/03,202003,9950,9985,9900,9971,47,9989
2019/06/04,201906,10461,10483,10401,10416,91946,10416
2019/06/04,201907,10239,10255,10177,10193,1314,10192
2019/06/04,201908,10107,10120,10047,10055,67,10055
2019/06/04,201909,10080,10081,10010,10015,45,10015
2019/06/04,201912,10026,10035,9975,9980,53,9980
2019/06/04,202003,9996,10000,9929,9935,35,9935
2019/06/05,201906,10495,10510,10439,10456,101638,10456
2019/06/05,201907,10262,10285,10219,10233,1256,10236
2019/06/05,201908,10135,10150,10090,10099,88,10099
2019/06/05,201909,10104,10112,10052,10066,59,10066
2019/06/05,201912,10055,10072,10010,10022,40,10022
2019/06/05,202003,10010,10025,9976,9979,32,9979
2019/06/06,201906,10433,10437,10351,10360,112358,10365
2019/06/06,201907,10211,10213,10128,10139,2019,10141
2019/06/06,201908,10060,10060,9998,10005,222,10006
2019/06/06,201909,10036,10036,9960,9970,376,9971
2019/06/06,201912,9989,9989,9927,9937,44,9937
2019/06/06,202003,9935,9937,9885,9894,34,9894
2019/06/10,201906,10477,10546,10442,10539,122498,10540
2019/06/10,201907,10246,10321,10220,10315,2069,10316
2019/06/10,201908,10074,10181,10074,10177,157,10177
2019/06/10,201909,10061,10148,10050,10142,253,10142
2019/06/10,201912,10030,10109,10016,10106,94,10106
2019/06/10,202003,10006,10060,9980,10058,96,10058
2019/06/11,201906,10555,10618,10533,10592,102065,10590
2019/06/11,201907,10330,10393,10310,10364,2044,10365
2019/06/11,201908,10185,10254,10181,10228,75,10228
2019/06/11,201909,10160,10218,10145,10196,281,10194
2019/06/11,201912,10115,10179,10108,10157,43,10157
2019/06/11,202003,10075,10127,10070,10107,47,10107
2019/06/12,201906,10587,10611,10564,10592,88158,10591
2019/06/12,201907,10363,10386,10341,10365,1139,10366
2019/06/12,201908,10217,10249,10205,10230,123,10230
2019/06/12,201909,10183,10211,10170,10194,49,10194
2019/06/12,201912,10150,10175,10130,10163,59,10154
2019/06/12,202003,10087,10115,10087,10110,6,10110
2019/06/13,201906,10561,10589,10497,10529,115701,10528
2019/06/13,201907,10336,10365,10276,10311,4628,10312
2019/06/13,201908,10195,10223,10145,10173,318,10173
2019/06/13,201909,10164,10191,10105,10139,132,10139
2019/06/13,201912,10117,10148,10070,10099,57,10099
2019/06/13,202003,10075,10103,10024,10058,42,10058
2019/06/14,201906,10534,10558,10516,10529,87499,10528
2019/06/14,201907,10319,10343,10302,10315,12507,10315
2019/06/14,201908,10179,10200,10165,10172,235,10172
2019/06/14,201909,10145,10164,10128,10140,145,10140
2019/06/14,201912,10110,10123,10091,10099,32,10099
2019/06/14,202003,10074,10081,10060,10063,14,10057
2019/06/17,201906,10477,10565,10460,10545,126622,10545
2019/06/17,201907,10271,10349,10255,10331,34239,10329
2019/06/17,201908,10121,10204,10110,10185,392,10185
2019/06/17,201909,10088,10174,10081,10161,358,10159
2019/06/17,201912,10049,10128,10040,10109,45,10109
2019/06/17,202003,10005,10084,9994,10063,34,10063
2019/06/18,201906,10539,10576,10526,10553,89907,10554
2019/06/18,201907,10325,10359,10306,10338,36896,10338
2019/06/18,201908,10180,10217,10170,10197,159,10197
2019/06/18,201909,10150,10185,10140,10170,177,10169
2019/06/18,201912,10103,10140,10100,10111,55,10122
2019/06/18,202003,10056,10091,10050,10073,51,10073
2019/06/19,201906,10680,10800,10667,10770,82967,0
2019/06/19,201907,10462,10585,10453,10585,76168,10581
2019/06/19,201908,10321,10444,10310,10444,461,10443
2019/06/19,201909,10293,10414,10280,10414,278,10411
2019/06/19,201912,10246,10361,10232,10361,125,10361
2019/06/19,202003,10196,10307,10183,10307,92,10307
2019/06/20,201907,10575,10605,10558,10591,82664,10592
2019/06/20,201908,10440,10472,10428,10462,1039,10459
2019/06/20,201909,10410,10435,10400,10429,210,10429
2019/06/20,201912,10358,10388,10350,10384,45,10384
2019/06/20,202003,10308,10337,10301,10324,48,10324
2019/06/20,202006,10491,10491,10261,10288,46,10288
2019/06/21,201907,10628,10641,10564,10585,96638,10586
2019/06/21,201908,10493,10506,10435,10458,1080,10457
2019/06/21,201909,10474,10474,10406,10428,189,10428
2019/06/21,201912,10427,10427,10363,10380,65,10380
2019/06/21,202003,10380,10380,10311,10311,54,10328
2019/06/21,202006,10329,10334,10273,10288,25,10288
2019/06/24,201907,10605,10647,10553,10623,91686,10622
2019/06/24,201908,10471,10515,10428,10495,794,10494
2019/06/24,201909,10442,10482,10397,10466,314,10465
2019/06/24,201912,10381,10441,10357,10420,72,10420
2019/06/24,202003,10340,10386,10307,10371,70,10371
2019/06/24,202006,10306,10342,10268,10329,25,10329
2019/06/25,201907,10620,10630,10523,10540,99176,10539
2019/06/25,201908,10494,10503,10399,10416,771,10414
2019/06/25,201909,10454,10470,10370,10388,199,10387
2019/06/25,201912,10412,10425,10330,10347,87,10342
2019/06/25,202003,10364,10376,10279,10292,52,10292
2019/06/25,202006,10310,10326,10244,10254,19,10254
2019/06/26,201907,10525,10541,10499,10503,84635,10505
2019/06/26,201908,10389,10412,10373,10375,1499,10377
2019/06/26,201909,10371,10383,10346,10350,127,10351
2019/06/26,201912,10315,10334,10302,10306,31,10306
2019/06/26,202003,10266,10285,10250,10258,20,10258
2019/06/26,202006,10215,10231,10213,10220,23,10220
2019/06/27,201907,10535,10642,10532,10622,107467,10621
2019/06/27,201908,10413,10510,10410,10492,1121,10490
2019/06/27,201909,10379,10483,10379,10467,244,10466
2019/06/27,201912,10346,10435,10346,10417,63,10417
2019/06/27,202003,10285,10380,10285,10363,38,10363
2019/06/27,202006,10277,10342,10275,10324,41,10324
2019/06/28,201907,10621,10627,10550,10580,82329,10577
2019/06/28,201908,10484,10492,10424,10452,596,10449
2019/06/28,201909,10465,10465,10400,10428,137,10425
2019/06/28,201912,10423,10423,10367,10369,41,10384
2019/06/28,202003,10365,10372,10300,10325,38,10325
2019/06/28,202006,10296,10296,10263,10284,13,10284
2019/07/01,201907,10707,10780,10693,10767,97751,10766
2019/07/01,201908,10573,10648,10567,10636,1157,10635
2019/07/01,201909,10545,10622,10545,10613,237,10611
2019/07/01,201912,10503,10578,10500,10568,90,10568
2019/07/01,202003,10435,10523,10435,10513,135,10513
2019/07/01,202006,10400,10484,10400,10478,44,10478
2019/07/02,201907,10738,10766,10729,10749,61053,10749
2019/07/02,201908,10615,10633,10600,10616,905,10615
2019/07/02,201909,10589,10609,10578,10593,85,10593
2019/07/02,201912,10553,10559,10537,10537,16,10548
2019/07/02,202003,10495,10513,10481,10492,40,10492
2019/07/02,202006,10450,10468,10449,10449,24,10449
2019/07/03,201907,10733,10741,10202,10641,110757,10641
2019/07/03,201908,10610,10610,10145,10506,1128,10507
2019/07/03,201909,10585,10585,10333,10497,230,10482
2019/07/03,201912,10534,10534,10333,10438,76,10439
2019/07/03,202003,10223,10463,10108,10396,78,10382
2019/07/03,202006,10437,10437,10200,10339,72,10339
2019/07/04,201907,10691,10729,10677,10710,77799,10707
2019/07/04,201908,10555,10589,10541,10572,822,10570
2019/07/04,201909,10529,10562,10520,10550,252,10550
2019/07/04,201912,10478,10520,10478,10499,96,10506
2019/07/04,202003,10441,10459,10420,10450,50,10450
2019/07/04,202006,10399,10418,10378,10405,11,10405
2019/07/05,201907,10713,10749,10682,10718,77791,10718
2019/07/05,201908,10572,10612,10548,10582,945,10582
2019/07/05,201909,10557,10582,10525,10561,121,10559
2019/07/05,201912,10520,10545,10485,10517,70,10517
2019/07/05,202003,10453,10488,10429,10461,27,10461
2019/07/05,202006,10416,10435,10381,10412,21,10412
2019/07/08,201907,10655,10711,10630,10665,105869,10665
2019/07/08,201908,10520,10574,10498,10530,1628,10529
2019/07/08,201909,10500,10548,10474,10510,218,10510
2019/07/08,201912,10448,10509,10442,10466,64,10466
2019/07/08,202003,10398,10443,10380,10403,62,10403
2019/07/08,202006,10337,10401,10337,10365,19,10365
2019/07/09,201907,10688,10699,10631,10650,79635,10650
2019/07/09,201908,10545,10563,10497,10516,1683,10516
2019/07/09,201909,10524,10540,10477,10493,157,10493
2019/07/09,201912,10485,10491,10434,10453,34,10453
2019/07/09,202003,10405,10405,10378,10391,21,10391
2019/07/09,202006,10393,10393,10338,10338,14,10351
2019/07/10,201907,10699,10741,10689,10731,99635,10732
2019/07/10,201908,10557,10602,10552,10594,3228,10594
2019/07/10,201909,10533,10575,10531,10572,344,10572
2019/07/10,201912,10503,10532,10484,10528,134,10528
2019/07/10,202003,10440,10470,10431,10470,43,10470
2019/07/10,202006,10400,10428,10389,10420,27,10420
2019/07/11,201907,10801,10833,10772,10814,86527,10813
2019/07/11,201908,10659,10697,10639,10680,4989,10679
2019/07/11,201909,10635,10670,10617,10656,219,10655
2019/07/11,201912,10594,10625,10570,10608,199,10608
2019/07/11,202003,10539,10563,10514,10549,58,10549
2019/07/11,202006,10488,10514,10469,10502,30,10502
2019/07/12,201907,10789,10830,10788,10810,77492,10811
2019/07/12,201908,10661,10696,10655,10679,12394,10680
2019/07/12,201909,10636,10670,10636,10658,157,10658
2019/07/12,201912,10590,10623,10590,10608,97,10608
2019/07/12,202003,10535,10560,10534,10547,46,10547
2019/07/12,202006,10505,10520,10489,10500,23,10500
2019/07/15,201907,10808,10860,10730,10849,142849,10849
2019/07/15,201908,10683,10725,10600,10716,36913,10717
2019/07/15,201909,10659,10700,10580,10695,449,10695
2019/07/15,201912,10615,10651,10538,10645,177,10645
2019/07/15,202003,10545,10588,10480,10588,68,10588
2019/07/15,202006,10499,10540,10425,10533,58,10533
2019/07/16,201907,10863,10892,10851,10876,94778,10878
2019/07/16,201908,10725,10746,10715,10727,37818,10727
2019/07/16,201909,10707,10723,10698,10703,311,10707
2019/07/16,201912,10645,10675,10645,10662,88,10662
2019/07/16,202003,10605,10614,10587,10601,118,10601
2019/07/16,202006,10548,10567,10540,10555,116,10555
2019/07/17,201907,10837,10855,10805,10831,73472,0
2019/07/17,201908,10691,10696,10648,10666,55636,10665
2019/07/17,201909,10670,10674,10630,10645,500,10644
2019/07/17,201912,10615,10626,10585,10597,58,10597
2019/07/17,202003,10551,10565,10527,10540,60,10540
2019/07/17,202006,10509,10520,10480,10488,33,10488
2019/07/18,201908,10625,10676,10623,10651,78967,10651
2019/07/18,201909,10610,10651,10602,10627,639,10627
2019/07/18,201910,10584,10619,10583,10600,24,10600
2019/07/18,201912,10557,10602,10557,10587,34,10578
2019/07/18,202003,10506,10541,10500,10518,43,10518
2019/07/18,202006,10450,10493,10450,10486,24,10473
2019/07/19,201908,10757,10792,10727,10744,96597,10740
2019/07/19,201909,10730,10765,10702,10718,979,10715
2019/07/19,201910,10705,10735,10679,10687,90,10687
2019/07/19,201912,10685,10712,10656,10668,72,10668
2019/07/19,202003,10622,10653,10597,10600,148,10600
2019/07/19,202006,10570,10608,10547,10547,138,10561
2019/07/22,201908,10735,10798,10729,10794,78276,10795
2019/07/22,201909,10700,10772,10700,10770,745,10770
2019/07/22,201910,10689,10740,10683,10738,89,10738
2019/07/22,201912,10660,10720,10660,10719,39,10719
2019/07/22,202003,10613,10663,10613,10661,51,10661
2019/07/22,202006,10550,10616,10550,10612,154,10612
2019/07/23,201908,10822,10836,10785,10803,76794,10803
2019/07/23,201909,10800,10810,10762,10780,623,10779
2019/07/23,201910,10767,10775,10734,10747,68,10747
2019/07/23,201912,10750,10753,10719,10724,18,10724
2019/07/23,202003,10692,10698,10657,10670,42,10670
2019/07/23,202006,10647,10653,10615,10623,119,10623
2019/07/24,201908,10817,10835,10792,10804,66376,10804
2019/07/24,201909,10788,10810,10769,10781,435,10781
2019/07/24,201910,10761,10774,10740,10740,38,10750
2019/07/24,201912,10742,10745,10720,10722,7,10728
2019/07/24,202003,10688,10699,10672,10672,22,10672
2019/07/24,202006,10634,10652,10612,10625,38,10625
2019/07/25,201908,10825,10831,10769,10822,73933,10822
2019/07/25,201909,10805,10805,10750,10797,519,10797
2019/07/25,201910,10773,10773,10725,10767,81,10767
2019/07/25,201912,10743,10750,10705,10745,17,10745
2019/07/25,202003,10701,10701,10653,10690,41,10690
2019/07/25,202006,10646,10649,10625,10643,47,10643
2019/07/26,201908,10781,10795,10765,10787,53262,10788
2019/07/26,201909,10755,10768,10743,10761,453,10763
2019/07/26,201910,10730,10738,10712,10732,54,10732
2019/07/26,201912,10701,10715,10692,10711,14,10711
2019/07/26,202003,10645,10660,10635,10655,47,10655
2019/07/26,202006,10595,10613,10585,10602,64,10602
2019/07/29,201908,10779,10802,10744,10782,83205,10782
2019/07/29,201909,10759,10775,10720,10758,774,10758
2019/07/29,201910,10720,10743,10690,10728,134,10728
2019/07/29,201912,10701,10720,10672,10710,34,10704
2019/07/29,202003,10633,10663,10617,10659,38,10646
2019/07/29,202006,10595,10616,10569,10601,74,10601
2019/07/30,201908,10819,10836,10751,10752,91827,10752
2019/07/30,201909,10790,10808,10727,10728,1093,10727
2019/07/30,201910,10765,10777,10698,10698,130,10698
2019/07/30,201912,10751,10755,10680,10683,29,10674
2019/07/30,202003,10687,10696,10622,10622,49,10616
2019/07/30,202006,10640,10645,10575,10578,46,10570
2019/07/31,201908,10721,10743,10674,10737,103963,10736
2019/07/31,201909,10697,10715,10651,10714,1389,10711
2019/07/31,201910,10660,10686,10623,10680,176,10679
2019/07/31,201912,10642,10663,10599,10659,48,10659
2019/07/31,202003,10574,10602,10542,10597,37,10597
2019/07/31,202006,10528,10559,10500,10554,102,10554
2019/08/01,201908,10635,10697,10623,10644,109370,10644
2019/08/01,201909,10613,10670,10597,10618,1296,10619
2019/08/01,201910,10587,10641,10577,10593,184,10593
2019/08/01,201912,10571,10603,10550,10568,55,10568
2019/08/01,202003,10489,10555,10489,10507,69,10507
2019/08/01,202006,10430,10511,10430,10464,103,10464
2019/08/02,201908,10518,10535,10441,10469,142909,10469
2019/08/02,201909,10500,10509,10418,10445,1801,10445
2019/08/02,201910,10470,10480,10390,10415,202,10415
2019/08/02,201912,10450,10452,10368,10395,183,10395
2019/08/02,202003,10392,10395,10310,10330,182,10330
2019/08/02,202006,10347,10351,10270,10289,68,10289
2019/08/05,201908,10421,10460,10358,10379,135670,10376
2019/08/05,201909,10389,10430,10333,10348,1661,10350
2019/08/05,201910,10360,10403,10305,10323,170,10323
2019/08/05,201912,10350,10378,10285,10301,122,10301
2019/08/05,202003,10280,10320,10228,10248,105,10248
2019/08/05,202006,10240,10275,10180,10200,75,10195
2019/08/06,201908,10096,10387,10095,10331,199053,10329
2019/08/06,201909,10058,10356,10058,10299,2698,10299
2019/08/06,201910,10070,10325,10055,10272,313,10272
2019/08/06,201912,10011,10303,10011,10250,230,10250
2019/08/06,202003,9975,10242,9975,10198,75,10191
2019/08/06,202006,9919,10190,9919,10156,48,10143
2019/08/07,201908,10330,10375,10301,10347,113948,10346
2019/08/07,201909,10300,10345,10274,10316,1300,10315
2019/08/07,201910,10284,10315,10246,10292,181,10292
2019/08/07,201912,10246,10294,10223,10270,99,10270
2019/08/07,202003,10201,10229,10170,10210,73,10210
2019/08/07,202006,10149,10182,10120,10154,61,10154
2019/08/08,201908,10372,10454,10340,10439,122318,10436
2019/08/08,201909,10333,10421,10310,10405,2331,10401
2019/08/08,201910,10310,10393,10290,10375,218,10375
2019/08/08,201912,10271,10369,10265,10351,150,10351
2019/08/08,202003,10220,10304,10207,10284,71,10295
2019/08/08,202006,10178,10256,10158,10242,69,10242
2019/08/12,201908,10439,10477,10380,10441,87087,10439
2019/08/12,201909,10417,10439,10349,10406,1400,10404
2019/08/12,201910,10368,10410,10323,10375,141,10375
2019/08/12,201912,10333,10385,10300,10360,45,10352
2019/08/12,202003,10269,10329,10269,10295,18,10295
2019/08/12,202006,10200,10275,10200,10246,20,10246
2019/08/13,201908,10385,10400,10319,10342,102839,10343
2019/08/13,201909,10344,10364,10287,10311,2109,10308
2019/08/13,201910,10330,10334,10270,10280,196,10280
2019/08/13,201912,10300,10309,10239,10262,80,10262
2019/08/13,202003,10228,10231,10188,10209,25,10199
2019/08/13,202006,10200,10202,10127,10149,32,10149
2019/08/14,201908,10457,10492,10416,10429,107891,10429
2019/08/14,201909,10420,10456,10382,10394,2812,10395
2019/08/14,201910,10392,10426,10356,10367,179,10368
2019/08/14,201912,10368,10402,10338,10338,160,10338
2019/08/14,202003,10309,10336,10282,10282,39,10282
2019/08/14,202006,10261,10297,10224,10233,83,10233
2019/08/15,201908,10255,10335,10242,10301,117015,10300
2019/08/15,201909,10206,10302,10206,10267,6612,10268
2019/08/15,201910,10194,10273,10193,10239,458,10239
2019/08/15,201912,10172,10250,10172,10220,96,10220
2019/08/15,202003,10123,10192,10123,10165,55,10165
2019/08/15,202006,10076,10140,10076,10122,44,10122
2019/08/16,201908,10315,10421,10288,10414,135144,10412
2019/08/16,201909,10275,10382,10254,10375,17984,10376
2019/08/16,201910,10245,10352,10228,10345,974,10345
2019/08/16,201912,10224,10325,10212,10320,348,10320
2019/08/16,202003,10172,10263,10150,10258,78,10258
2019/08/16,202006,10123,10214,10107,10202,97,10209
2019/08/19,201908,10436,10489,10419,10484,113319,10481
2019/08/19,201909,10401,10450,10385,10445,34764,10443
2019/08/19,201910,10373,10420,10355,10413,968,10413
2019/08/19,201912,10340,10394,10330,10388,177,10387
2019/08/19,202003,10279,10328,10275,10324,41,10324
2019/08/19,202006,10235,10284,10220,10278,47,10278
2019/08/20,201908,10487,10530,10478,10527,94358,10526
2019/08/20,201909,10443,10488,10441,10487,33204,10485
2019/08/20,201910,10413,10455,10411,10455,660,10455
2019/08/20,201912,10389,10428,10386,10428,117,10428
2019/08/20,202003,10330,10359,10323,10359,77,10359
2019/08/20,202006,10275,10307,10270,10307,79,10307
2019/08/21,201908,10514,10544,10505,10528,61159,0
2019/08/21,201909,10475,10498,10463,10492,51865,10490
2019/08/21,201910,10441,10465,10432,10458,304,10457
2019/08/21,201912,10409,10433,10409,10428,92,10428
2019/08/21,202003,10350,10365,10345,10363,46,10363
2019/08/21,202006,10303,10313,10295,10306,59,10306
2019/08/22,201909,10538,10564,10464,10477,105769,10476
2019/08/22,201910,10503,10531,10435,10444,1054,10444
2019/08/22,201911,10496,10512,10424,10431,87,10431
2019/08/22,201912,10473,10500,10407,10416,154,10416
2019/08/22,202003,10403,10430,10348,10355,64,10349
2019/08/22,202006,10345,10367,10283,10293,80,10293
2019/08/23,201909,10485,10513,10460,10499,76901,10497
2019/08/23,201910,10451,10479,10430,10466,716,10464
2019/08/23,201911,10443,10459,10417,10441,18,10453
2019/08/23,201912,10428,10451,10403,10428,58,10437
2019/08/23,202003,10359,10381,10342,10362,42,10368
2019/08/23,202006,10303,10323,10278,10311,47,10311
2019/08/26,201909,10335,10367,10294,10307,120532,10307
2019/08/26,201910,10307,10334,10264,10280,1508,10277
2019/08/26,201911,10298,10320,10251,10262,82,10262
2019/08/26,201912,10325,10325,10240,10250,144,10250
2019/08/26,202003,10254,10254,10168,10181,46,10181
2019/08/26,202006,10165,10172,10118,10131,57,10124
2019/08/27,201909,10372,10390,10343,10364,73290,10363
2019/08/27,201910,10343,10358,10312,10332,800,10330
2019/08/27,201911,10330,10336,10300,10317,42,10317
2019/08/27,201912,10315,10323,10285,10305,58,10305
2019/08/27,202003,10253,10255,10219,10234,33,10234
2019/08/27,202006,10184,10198,10160,10178,33,10178
2019/08/28,201909,10390,10438,10388,10413,86584,10412
2019/08/28,201910,10352,10404,10352,10380,1252,10379
2019/08/28,201911,10341,10390,10341,10364,58,10364
2019/08/28,201912,10335,10373,10334,10350,129,10350
2019/08/28,202003,10264,10302,10264,10281,55,10281
2019/08/28,202006,10210,10249,10208,10223,56,10223
2019/08/29,201909,10420,10442,10376,10430,84003,10430
2019/08/29,201910,10386,10407,10345,10399,976,10398
2019/08/29,201911,10361,10392,10333,10389,69,10383
2019/08/29,201912,10345,10379,10320,10377,60,10369
2019/08/29,202003,10277,10308,10270,10300,27,10300
2019/08/29,202006,10215,10250,10192,10244,48,10244
2019/08/30,201909,10520,10584,10517,10576,79713,10577
2019/08/30,201910,10483,10549,10483,10544,1022,10543
2019/08/30,201911,10469,10532,10469,10530,80,10530
2019/08/30,201912,10459,10518,10459,10516,122,10516
2019/08/30,202003,10399,10450,10399,10447,105,10447
2019/08/30,202006,10328,10393,10328,10390,76,10390
2019/09/02,201909,10564,10615,10556,10605,60427,10603
2019/09/02,201910,10528,10580,10523,10570,652,10569
2019/09/02,201911,10515,10555,10512,10555,41,10555
2019/09/02,201912,10507,10550,10506,10538,28,10538
2019/09/02,202003,10431,10480,10431,10473,35,10473
2019/09/02,202006,10376,10423,10375,10420,37,10420
2019/09/03,201909,10599,10632,10537,10543,91892,10543
2019/09/03,201910,10565,10597,10505,10511,1014,10510
2019/09/03,201911,10554,10580,10493,10495,112,10495
2019/09/03,201912,10543,10566,10478,10481,67,10481
2019/09/03,202003,10477,10497,10408,10412,69,10412
2019/09/03,202006,10423,10432,10354,10355,66,10355
2019/09/04,201909,10563,10657,10558,10644,86712,10644
2019/09/04,201910,10525,10621,10525,10613,1532,10611
2019/09/04,201911,10514,10606,10514,10595,181,10595
2019/09/04,201912,10506,10591,10506,10591,116,10581
2019/09/04,202003,10434,10523,10434,10521,72,10511
2019/09/04,202006,10395,10464,10395,10456,79,10456
2019/09/05,201909,10719,10762,10703,10735,91108,10734
2019/09/05,201910,10680,10726,10668,10703,1623,10702
2019/09/05,201911,10668,10706,10659,10686,154,10686
2019/09/05,201912,10654,10694,10643,10681,132,10675
2019/09/05,202003,10590,10621,10568,10606,319,10606
2019/09/05,202006,10540,10567,10527,10547,64,10546
2019/09/06,201909,10776,10783,10741,10768,68005,10767
2019/09/06,201910,10745,10749,10709,10737,883,10736
2019/09/06,201911,10726,10736,10700,10722,90,10722
2019/09/06,201912,10707,10720,10695,10708,69,10708
2019/09/06,202003,10641,10652,10621,10652,34,10639
2019/09/06,202006,10592,10594,10560,10589,39,10581
2019/09/09,201909,10802,10827,10773,10792,68953,10793
2019/09/09,201910,10766,10793,10742,10762,1373,10763
2019/09/09,201911,10750,10780,10730,10751,114,10748
2019/09/09,201912,10750,10765,10715,10736,76,10736
2019/09/09,202003,10670,10687,10647,10666,53,10666
2019/09/09,202006,10611,10637,10589,10608,75,10608
2019/09/10,201909,10801,10814,10731,10743,76441,10742
2019/09/10,201910,10763,10782,10703,10713,1710,10714
2019/09/10,201911,10753,10767,10691,10701,133,10701
2019/09/10,201912,10743,10753,10678,10686,78,10686
2019/09/10,202003,10673,10677,10606,10618,43,10618
2019/09/10,202006,10625,10630,10557,10560,40,10560
2019/09/11,201909,10795,10808,10751,10773,89245,10774
2019/09/11,201910,10755,10780,10726,10750,5844,10748
2019/09/11,201911,10744,10766,10715,10735,150,10735
2019/09/11,201912,10737,10750,10700,10724,85,10724
2019/09/11,202003,10667,10680,10630,10654,116,10654
2019/09/11,202006,10609,10621,10573,10594,73,10594
2019/09/12,201909,10842,10870,10801,10824,101288,10824
2019/09/12,201910,10812,10842,10778,10801,16715,10799
2019/09/12,201911,10798,10830,10768,10787,481,10786
2019/09/12,201912,10795,10814,10751,10769,447,10769
2019/09/12,202003,10723,10745,10683,10702,237,10702
2019/09/12,202006,10664,10686,10624,10640,113,10640
2019/09/16,201909,10802,10885,10802,10881,107760,10878
2019/09/16,201910,10779,10853,10779,10844,39807,10843
2019/09/16,201911,10786,10839,10765,10829,178,10830
2019/09/16,201912,10757,10825,10750,10817,253,10817
2019/09/16,202003,10694,10756,10694,10751,266,10750
2019/09/16,202006,10606,10697,10606,10690,125,10690
2019/09/17,201909,10907,10910,10858,10863,86095,10865
2019/09/17,201910,10864,10873,10832,10839,40048,10842
2019/09/17,201911,10850,10858,10820,10826,161,10826
2019/09/17,201912,10840,10843,10805,10813,122,10810
2019/09/17,202003,10778,10778,10735,10746,88,10746
2019/09/17,202006,10719,10722,10675,10681,87,10681
2019/09/18,201909,10912,10963,10884,10959,59301,0
2019/09/18,201910,10885,10920,10853,10895,52898,10894
2019/09/18,201911,10865,10904,10840,10880,473,10878
2019/09/18,201912,10848,10885,10828,10864,170,10864
2019/09/18,202003,10775,10822,10766,10800,144,10800
2019/09/18,202006,10719,10758,10700,10740,170,10740
2019/09/19,201910,10915,10936,10851,10870,91304,10867
2019/09/19,201911,10898,10920,10837,10855,863,10855
2019/09/19,201912,10885,10901,10826,10840,223,10840
2019/09/19,202003,10817,10835,10758,10769,36,10775
2019/09/19,202006,10770,10780,10708,10713,153,10713
2019/09/19,202009,10404,10470,10338,10347,114,10347
2019/09/20,201910,10901,10912,10884,10901,60402,10899
2019/09/20,201911,10885,10896,10870,10886,463,10885
2019/09/20,201912,10868,10878,10854,10870,128,10870
2019/09/20,202003,10804,10810,10791,10805,33,10805
2019/09/20,202006,10738,10752,10735,10741,36,10741
2019/09/20,202009,10371,10392,10371,10381,28,10385
2019/09/23,201910,10894,10929,10872,10894,75227,10892
2019/09/23,201911,10872,10912,10857,10877,756,10876
2019/09/23,201912,10865,10895,10843,10861,109,10861
2019/09/23,202003,10791,10825,10777,10795,23,10795
2019/09/23,202006,10746,10769,10715,10734,86,10734
2019/09/23,202009,10390,10414,10358,10379,23,10379
2019/09/24,201910,10911,10932,10865,10908,89403,10905
2019/09/24,201911,10895,10912,10850,10890,3377,10888
2019/09/24,201912,10878,10896,10834,10875,251,10872
2019/09/24,202003,10785,10820,10772,10811,28,10810
2019/09/24,202006,10761,10770,10712,10745,62,10745
2019/09/24,202009,10386,10420,10359,10390,30,10390
2019/09/25,201910,10865,10873,10805,10841,100205,10841
2019/09/25,201911,10844,10855,10790,10822,1069,10823
2019/09/25,201912,10831,10836,10775,10812,192,10812
2019/09/25,202003,10757,10770,10710,10747,58,10747
2019/09/25,202006,10706,10708,10650,10689,63,10689
2019/09/25,202009,10355,10356,10300,10334,60,10334
2019/09/26,201910,10876,10895,10828,10843,83512,10843
2019/09/26,201911,10850,10875,10811,10825,973,10825
2019/09/26,201912,10835,10856,10797,10807,162,10807
2019/09/26,202003,10785,10789,10739,10744,23,10744
2019/09/26,202006,10721,10732,10675,10686,44,10686
2019/09/26,202009,10356,10382,10320,10338,44,10338
2019/09/27,201910,10876,10897,10811,10824,94839,10823
2019/09/27,201911,10862,10876,10792,10804,1688,10805
2019/09/27,201912,10838,10856,10777,10790,259,10790
2019/09/27,202003,10776,10790,10717,10727,38,10727
2019/09/27,202006,10717,10735,10660,10669,87,10669
2019/09/27,202009,10380,10382,10318,10320,19,10320
2019/10/01,201910,10856,10962,10856,10954,91075,10953
2019/10/01,201911,10828,10942,10828,10936,1720,10935
2019/10/01,201912,10819,10924,10819,10916,482,10916
2019/10/01,202003,10727,10859,10727,10852,68,10852
2019/10/01,202006,10695,10799,10695,10796,142,10796
2019/10/01,202009,10351,10448,10351,10445,102,10445
2019/10/02,201910,10916,10948,10912,10922,67011,10923
2019/10/02,201911,10903,10928,10899,10906,843,10906
2019/10/02,201912,10879,10911,10879,10890,95,10890
2019/10/02,202003,10818,10841,10814,10823,37,10823
2019/10/02,202006,10756,10784,10756,10763,76,10763
2019/10/02,202009,10409,10435,10409,10417,32,10417
2019/10/03,201910,10827,10877,10773,10851,97211,10849
2019/10/03,201911,10812,10858,10759,10834,1947,10833
2019/10/03,201912,10790,10841,10743,10817,239,10817
2019/10/03,202003,10712,10775,10680,10750,96,10750
2019/10/03,202006,10669,10716,10619,10696,47,10691
2019/10/03,202009,10300,10365,10285,10342,49,10342
2019/10/04,201910,10881,10912,10820,10880,106799,10877
2019/10/04,201911,10860,10893,10802,10863,2471,10860
2019/10/04,201912,10846,10875,10790,10837,216,10843
2019/10/04,202003,10771,10808,10721,10778,101,10778
2019/10/04,202006,10711,10751,10671,10727,72,10717
2019/10/04,202009,10400,10400,10319,10380,27,10372
2019/10/07,201910,10907,10937,10886,10915,68946,10914
2019/10/07,201911,10888,10916,10868,10894,2760,10894
2019/10/07,201912,10865,10899,10853,10876,143,10876
2019/10/07,202003,10815,10830,10788,10813,36,10813
2019/10/07,202006,10753,10770,10730,10751,55,10751
2019/10/07,202009,10390,10425,10390,10405,21,10405
2019/10/08,201910,10958,11021,10950,11001,85671,11000
2019/10/08,201911,10927,10998,10927,10981,6964,10981
2019/10/08,201912,10910,10978,10910,10964,304,10964
2019/10/08,202003,10835,10906,10835,10894,74,10894
2019/10/08,202006,10790,10846,10789,10832,106,10832
2019/10/08,202009,10436,10506,10436,10481,33,10487
2019/10/09,201910,10963,10969,10880,10880,90482,10883
2019/10/09,201911,10945,10952,10863,10864,14284,10865
2019/10/09,201912,10933,10933,10846,10850,250,10849
2019/10/09,202003,10850,10862,10780,10780,41,10780
2019/10/09,202006,10796,10802,10718,10718,46,10718
2019/10/09,202009,10440,10452,10381,10381,36,10381
2019/10/14,201910,11070,11092,11030,11076,114852,11073
2019/10/14,201911,11034,11068,11010,11055,43529,11056
2019/10/14,201912,11010,11049,10994,11041,623,11038
2019/10/14,202003,10975,10977,10925,10970,118,10969
2019/10/14,202006,10881,10915,10863,10909,72,10909
2019/10/14,202009,10508,10576,10508,10561,48,10567
2019/10/15,201910,11083,11122,11073,11108,99518,11107
2019/10/15,201911,11061,11098,11053,11087,50874,11087
2019/10/15,201912,11038,11078,11038,11066,413,11066
2019/10/15,202003,10975,11007,10975,10998,106,10998
2019/10/15,202006,10909,10948,10909,10932,82,10937
2019/10/15,202009,10580,10603,10580,10596,32,10596
2019/10/16,201910,11158,11171,11130,11145,66943,0
2019/10/16,201911,11140,11147,11108,11131,56523,11131
2019/10/16,201912,11115,11123,11087,11112,638,11109
2019/10/16,202003,11046,11049,11018,11039,97,11039
2019/10/16,202006,10985,10985,10956,10976,44,10976
2019/10/16,202009,10644,10650,10617,10640,31,10640
2019/10/17,201911,11148,11161,11117,11157,56152,11158
2019/10/17,201912,11130,11139,11098,11139,524,11139
2019/10/17,202001,11076,11098,11072,11098,16,11098
2019/10/17,202003,11060,11060,11025,11060,46,11060
2019/10/17,202006,10985,10994,10962,10985,58,10992
2019/10/17,202009,10643,10660,10633,10660,21,10660
2019/10/18,201911,11195,11223,11132,11150,91145,11149
2019/10/18,201912,11178,11200,11112,11131,1031,11129
2019/10/18,202001,11131,11160,11074,11088,85,11088
2019/10/18,202003,11080,11111,11038,11052,73,11052
2019/10/18,202006,11020,11050,10968,10988,51,10981
2019/10/18,202009,10660,10717,10640,10653,38,10647
2019/10/21,201911,11157,11168,11133,11155,54208,11157
2019/10/21,201912,11133,11147,11114,11136,401,11136
2019/10/21,202001,11091,11101,11078,11099,26,11099
2019/10/21,202003,11061,11064,11035,11055,22,11055
2019/10/21,202006,10989,10996,10980,10989,51,10989
2019/10/21,202009,10647,10660,10639,10656,15,10656
2019/10/22,201911,11213,11252,11191,11242,78469,11240
2019/10/22,201912,11196,11230,11172,11220,999,11219
2019/10/22,202001,11151,11187,11140,11174,101,11174
2019/10/22,202003,11115,11138,11090,11133,75,11133
2019/10/22,202006,11050,11072,11025,11070,77,11070
2019/10/22,202009,10718,10740,10703,10735,29,10735
2019/10/23,201911,11225,11254,11182,11201,79441,11200
2019/10/23,201912,11200,11232,11162,11178,930,11179
2019/10/23,202001,11165,11187,11123,11134,106,11134
2019/10/23,202003,11128,11149,11081,11111,67,11098
2019/10/23,202006,11061,11077,11019,11037,24,11037
2019/10/23,202009,10736,10745,10690,10692,9,10692
2019/10/24,201911,11232,11292,11225,11290,71647,11288
2019/10/24,201912,11214,11269,11205,11268,1133,11266
2019/10/24,202001,11167,11225,11162,11225,137,11224
2019/10/24,202003,11135,11183,11128,11183,60,11183
2019/10/24,202006,11064,11111,11062,11111,46,11111
2019/10/24,202009,10736,10778,10728,10778,99,10777
2019/10/25,201911,11321,11328,11264,11284,61411,11283
2019/10/25,201912,11296,11305,11244,11262,939,11263
2019/10/25,202001,11251,11260,11204,11220,73,11220
2019/10/25,202003,11212,11220,11170,11179,53,11179
2019/10/25,202006,11150,11150,11100,11104,21,11110
2019/10/25,202009,10818,10822,10765,10774,76,10774
2019/10/28,201911,11334,11342,11291,11311,52213,11311
2019/10/28,201912,11307,11320,11272,11292,596,11291
2019/10/28,202001,11265,11277,11231,11249,83,11249
2019/10/28,202003,11237,11237,11193,11205,36,11205
2019/10/28,202006,11161,11161,11122,11136,13,11136
2019/10/28,202009,10831,10832,10800,10808,21,10808
2019/10/29,201911,11348,11366,11293,11326,80689,11325
2019/10/29,201912,11328,11345,11274,11302,1536,11303
2019/10/29,202001,11282,11300,11238,11264,126,11264
2019/10/29,202003,11249,11260,11196,11221,48,11221
2019/10/29,202006,11175,11187,11133,11151,22,11151
2019/10/29,202009,10845,10853,10798,10798,86,10821
2019/10/30,201911,11312,11351,11295,11338,66641,11338
2019/10/30,201912,11289,11329,11275,11316,1006,11317
2019/10/30,202001,11250,11283,11238,11274,63,11274
2019/10/30,202003,11206,11245,11200,11235,52,11235
2019/10/30,202006,11138,11170,11125,11160,26,11160
2019/10/30,202009,10810,10841,10792,10832,62,10832
2019/10/31,201911,11371,11396,11341,11346,74398,11344
2019/10/31,201912,11346,11372,11318,11324,1082,11323
2019/10/31,202001,11303,11329,11280,11280,155,11280
2019/10/31,202003,11270,11285,11240,11240,53,11240
2019/10/31,202006,11190,11216,11166,11166,37,11166
2019/10/31,202009,10863,10883,10836,10837,126,10837
2019/11/01,201911,11333,11377,11316,11371,60298,11371
2019/11/01,201912,11311,11354,11297,11351,841,11350
2019/11/01,202001,11266,11310,11260,11308,82,11308
2019/11/01,202003,11228,11268,11215,11266,40,11266
2019/11/01,202006,11156,11187,11156,11187,12,11193
2019/11/01,202009,10825,10869,10816,10863,88,10863
2019/11/04,201911,11416,11554,11413,11544,102908,11542
2019/11/04,201912,11394,11531,11392,11523,2129,11517
2019/11/04,202001,11341,11486,11341,11474,189,11474
2019/11/04,202003,11312,11439,11311,11431,105,11431
2019/11/04,202006,11235,11363,11235,11358,58,11358
2019/11/04,202009,10903,11035,10903,11025,241,11025
2019/11/05,201911,11594,11650,11566,11645,85555,11645
2019/11/05,201912,11568,11626,11545,11624,1867,11623
2019/11/05,202001,11523,11578,11505,11578,107,11578
2019/11/05,202003,11489,11532,11458,11532,76,11532
2019/11/05,202006,11397,11466,11397,11464,44,11464
2019/11/05,202009,11074,11128,11060,11123,98,11131
2019/11/06,201911,11644,11675,11600,11653,89714,11650
2019/11/06,201912,11620,11654,11581,11629,1340,11629
2019/11/06,202001,11578,11610,11543,11588,159,11588
2019/11/06,202003,11538,11565,11500,11542,70,11542
2019/11/06,202006,11462,11485,11418,11469,49,11469
2019/11/06,202009,11137,11155,11095,11141,39,11141
2019/11/07,201911,11636,11637,11558,11596,98305,11596
2019/11/07,201912,11607,11615,11539,11577,1556,11576
2019/11/07,202001,11556,11565,11498,11536,153,11536
2019/11/07,202003,11520,11520,11455,11488,69,11488
2019/11/07,202006,11455,11455,11381,11418,31,11418
2019/11/07,202009,11123,11123,11049,11091,72,11091
2019/11/08,201911,11646,11648,11554,11573,93120,11572
2019/11/08,201912,11628,11628,11537,11552,1327,11553
2019/11/08,202001,11580,11580,11500,11510,142,11510
2019/11/08,202003,11530,11530,11454,11466,29,11466
2019/11/08,202006,11464,11464,11393,11416,31,11397
2019/11/08,202009,11134,11134,11050,11084,64,11065
2019/11/11,201911,11577,11581,11424,11437,115934,11437
2019/11/11,201912,11554,11561,11406,11419,2526,11419
2019/11/11,202001,11508,11508,11367,11378,177,11378
2019/11/11,202003,11447,11449,11323,11341,92,11341
2019/11/11,202006,11385,11385,11266,11266,27,11266
2019/11/11,202009,11056,11056,10921,10933,92,10933
2019/11/12,201911,11483,11528,11466,11523,77144,11524
2019/11/12,201912,11465,11508,11448,11505,2903,11504
2019/11/12,202001,11421,11468,11410,11465,178,11465
2019/11/12,202003,11375,11423,11372,11423,62,11423
2019/11/12,202006,11308,11352,11297,11352,31,11352
2019/11/12,202009,10974,11017,10965,11017,95,11017
2019/11/13,201911,11463,11494,11428,11466,104040,11466
2019/11/13,201912,11449,11475,11411,11448,2896,11448
2019/11/13,202001,11410,11430,11375,11409,192,11409
2019/11/13,202003,11363,11384,11330,11364,79,11364
2019/11/13,202006,11294,11307,11263,11296,35,11296
2019/11/13,202009,10966,10988,10930,10953,68,10962
2019/11/14,201911,11493,11496,11413,11456,106892,11456
2019/11/14,201912,11470,11478,11398,11440,7064,11441
2019/11/14,202001,11425,11436,11360,11402,273,11402
2019/11/14,202003,11388,11388,11319,11353,129,11353
2019/11/14,202006,11326,11326,11250,11283,60,11283
2019/11/14,202009,10983,10989,10916,10949,67,10949
2019/11/15,201911,11485,11563,11480,11532,107490,11532
2019/11/15,201912,11460,11546,11460,11519,12721,11518
2019/11/15,202001,11426,11506,11426,11479,226,11479
2019/11/15,202003,11403,11460,11403,11430,104,11430
2019/11/15,202006,11320,11391,11320,11358,24,11358
2019/11/15,202009,10978,11047,10978,11028,92,11028
2019/11/18,201911,11533,11594,11507,11593,107411,11592
2019/11/18,201912,11521,11588,11494,11585,39043,11585
2019/11/18,202001,11482,11547,11460,11546,248,11546
2019/11/18,202003,11424,11500,11410,11500,100,11500
2019/11/18,202006,11362,11430,11355,11430,72,11430
2019/11/18,202009,11007,11090,11007,11090,71,11090
2019/11/19,201911,11574,11654,11563,11644,96240,11645
2019/11/19,201912,11571,11651,11559,11640,34440,11641
2019/11/19,202001,11534,11610,11520,11602,306,11602
2019/11/19,202003,11497,11563,11473,11554,131,11554
2019/11/19,202006,11409,11488,11404,11488,43,11488
2019/11/19,202009,11075,11145,11069,11138,83,11138
2019/11/20,201911,11621,11644,11594,11607,62136,0
2019/11/20,201912,11620,11640,11586,11601,54826,11599
2019/11/20,202001,11581,11598,11550,11565,484,11565
2019/11/20,202003,11534,11553,11503,11520,156,11520
2019/11/20,202006,11457,11473,11432,11447,55,11447
2019/11/20,202009,11124,11138,11088,11104,57,11104
2019/11/21,201912,11529,11551,11450,11544,135473,11545
2019/11/21,202001,11501,11517,11421,11511,1542,11512
2019/11/21,202002,11463,11492,11405,11492,101,11492
2019/11/21,202003,11453,11470,11380,11470,216,11470
2019/11/21,202006,11373,11400,11311,11400,102,11400
2019/11/21,202009,11026,11048,10962,11043,92,11043
2019/11/22,201912,11565,11592,11531,11556,80409,11554
2019/11/22,202001,11524,11555,11500,11524,723,11522
2019/11/22,202002,11538,11538,11483,11497,115,11497
2019/11/22,202003,11488,11508,11461,11481,148,11481
2019/11/22,202006,11417,11436,11390,11412,37,11412
2019/11/22,202009,11065,11083,11035,11057,68,11057
2019/11/25,201912,11615,11629,11559,11565,87376,11566
2019/11/25,202001,11572,11595,11528,11536,1055,11536
2019/11/25,202002,11553,11572,11512,11518,56,11518
2019/11/25,202003,11541,11554,11490,11493,182,11493
2019/11/25,202006,11459,11480,11424,11425,53,11425
2019/11/25,202009,11105,11125,11061,11066,100,11066
2019/11/26,201912,11620,11658,11603,11618,107977,11618
2019/11/26,202001,11592,11628,11573,11586,1253,11587
2019/11/26,202002,11576,11610,11560,11566,96,11566
2019/11/26,202003,11545,11585,11535,11540,181,11540
2019/11/26,202006,11485,11519,11469,11470,55,11470
2019/11/26,202009,11117,11156,11110,11120,86,11120
2019/11/27,201912,11613,11651,11596,11647,70898,11647
2019/11/27,202001,11586,11621,11569,11619,716,11618
2019/11/27,202002,11563,11601,11556,11601,76,11601
2019/11/27,202003,11547,11578,11528,11573,48,11573
2019/11/27,202006,11485,11512,11465,11505,19,11505
2019/11/27,202009,11123,11150,11100,11145,70,11145
2019/11/28,201912,11658,11663,11605,11614,88687,11613
2019/11/28,202001,11632,11633,11578,11586,1363,11585
2019/11/28,202002,11610,11616,11565,11565,59,11565
2019/11/28,202003,11583,11590,11538,11552,70,11544
2019/11/28,202006,11517,11517,11476,11476,24,11476
2019/11/28,202009,11154,11156,11114,11116,39,11115
2019/11/29,201912,11604,11613,11462,11465,131564,11464
2019/11/29,202001,11578,11584,11434,11438,2086,11435
2019/11/29,202002,11562,11562,11419,11419,160,11419
2019/11/29,202003,11540,11540,11397,11397,184,11397
2019/11/29,202006,11470,11470,11330,11330,80,11330
2019/11/29,202009,11102,11109,10968,10970,66,10970
2019/12/02,201912,11527,11533,11459,11502,90579,11502
2019/12/02,202001,11495,11502,11433,11471,1501,11472
2019/12/02,202002,11482,11484,11418,11459,102,11459
2019/12/02,202003,11417,11459,11400,11437,53,11437
2019/12/02,202006,11395,11395,11343,11354,21,11367
2019/12/02,202009,11031,11032,10965,11006,48,11006
2019/12/03,201912,11444,11527,11439,11524,88994,11523
2019/12/03,202001,11410,11496,11410,11495,1122,11493
2019/12/03,202002,11395,11478,11395,11475,106,11475
2019/12/03,202003,11379,11457,11379,11453,66,11453
2019/12/03,202006,11313,11388,11313,11378,15,11389
2019/12/03,202009,10943,11025,10943,11019,50,11019
2019/12/04,201912,11492,11505,11443,11503,106806,11502
2019/12/04,202001,11466,11475,11414,11473,1827,11472
2019/12/04,202002,11444,11457,11400,11456,138,11456
2019/12/04,202003,11425,11433,11380,11433,47,11433
2019/12/04,202006,11344,11369,11313,11368,34,11368
2019/12/04,202009,10992,11000,10944,11000,72,11000
2019/12/05,201912,11540,11618,11532,11598,91837,11598
2019/12/05,202001,11504,11586,11503,11570,1709,11568
2019/12/05,202002,11509,11567,11497,11549,109,11549
2019/12/05,202003,11483,11547,11475,11526,113,11526
2019/12/05,202006,11405,11478,11405,11460,63,11460
2019/12/05,202009,11045,11113,11045,11099,40,11099
2019/12/06,201912,11645,11670,11580,11612,88309,11611
2019/12/06,202001,11608,11638,11555,11587,2011,11584
2019/12/06,202002,11593,11620,11537,11567,82,11567
2019/12/06,202003,11589,11600,11519,11545,61,11545
2019/12/06,202006,11503,11530,11451,11475,33,11475
2019/12/06,202009,11142,11168,11083,11109,74,11109
2019/12/09,201912,11670,11699,11633,11671,78956,11671
2019/12/09,202001,11645,11668,11607,11645,2520,11645
2019/12/09,202002,11621,11651,11592,11632,187,11632
2019/12/09,202003,11608,11631,11570,11606,212,11606
2019/12/09,202006,11535,11560,11508,11538,28,11538
2019/12/09,202009,11166,11197,11150,11175,69,11175
2019/12/10,201912,11647,11656,11605,11625,73085,11624
2019/12/10,202001,11623,11630,11581,11602,2136,11600
2019/12/10,202002,11605,11610,11571,11586,51,11586
2019/12/10,202003,11589,11593,11550,11565,113,11565
2019/12/10,202006,11521,11522,11484,11484,20,11498
2019/12/10,202009,11151,11158,11116,11123,50,11131
2019/12/11,201912,11600,11706,11594,11706,92546,11704
2019/12/11,202001,11582,11679,11573,11679,3584,11676
2019/12/11,202002,11566,11662,11560,11662,127,11662
2019/12/11,202003,11547,11642,11539,11642,80,11642
2019/12/11,202006,11487,11565,11487,11565,32,11579
2019/12/11,202009,11113,11214,11113,11214,133,11211
2019/12/12,201912,11765,11888,11754,11853,119427,11851
2019/12/12,202001,11739,11862,11728,11829,8300,11828
2019/12/12,202002,11720,11845,11720,11813,246,11813
2019/12/12,202003,11700,11826,11698,11794,194,11794
2019/12/12,202006,11651,11759,11651,11730,120,11730
2019/12/12,202009,11266,11401,11266,11368,179,11368
2019/12/13,201912,11977,12007,11917,11965,117530,11963
2019/12/13,202001,11950,11983,11895,11948,17394,11941
2019/12/13,202002,11935,11969,11885,11933,246,11926
2019/12/13,202003,11915,11946,11864,11911,233,11910
2019/12/13,202006,11854,11882,11810,11840,107,11850
2019/12/13,202009,11506,11520,11445,11474,103,11487
2019/12/16,201912,11932,11976,11922,11961,95670,11959
2019/12/16,202001,11911,11960,11907,11947,37072,11946
2019/12/16,202002,11897,11945,11893,11925,212,11931
2019/12/16,202003,11877,11924,11874,11897,125,11911
2019/12/16,202006,11817,11863,11817,11852,96,11852
2019/12/16,202009,11455,11498,11452,11483,58,11483
2019/12/17,201912,11974,12102,11945,12100,111124,12099
2019/12/17,202001,11959,12094,11933,12090,42726,12091
2019/12/17,202002,11950,12075,11923,12073,440,12073
2019/12/17,202003,11931,12056,11900,12056,227,12056
2019/12/17,202006,11870,11986,11843,11986,92,11994
2019/12/17,202009,11505,11620,11488,11620,110,11620
2019/12/18,201912,12077,12129,12065,12118,54946,0
2019/12/18,202001,12063,12098,12052,12094,47453,12096
2019/12/18,202002,12043,12082,12037,12078,349,12077
2019/12/18,202003,12024,12060,12015,12060,87,12060
2019/12/18,202006,11972,12000,11962,12000,47,12000
2019/12/18,202009,11600,11628,11587,11628,62,11628
2019/12/19,202001,12110,12115,12015,12030,92209,12031
2019/12/19,202002,12090,12097,12003,12018,947,12017
2019/12/19,202003,12070,12070,11989,12002,139,12002
2019/12/19,202006,12010,12015,11940,11944,26,11943
2019/12/19,202009,11641,11642,11557,11571,96,11571
2019/12/19,202012,11579,11587,11507,11524,88,11524
2019/12/20,202001,12063,12063,11951,11979,126757,11979
2019/12/20,202002,12053,12053,11941,11967,1538,11966
2019/12/20,202003,12015,12015,11925,11950,223,11950
2019/12/20,202006,11964,11964,11875,11890,45,11890
2019/12/20,202009,11594,11594,11498,11522,62,11522
2019/12/20,202012,11560,11560,11462,11470,41,11470
2019/12/23,202001,12000,12028,11972,12020,75298,12020
2019/12/23,202002,11991,12013,11959,12007,891,12006
2019/12/23,202003,11966,11987,11948,11984,46,11984
2019/12/23,202006,11912,11936,11896,11936,22,11936
2019/12/23,202009,11546,11566,11519,11566,39,11566
2019/12/23,202012,11497,11516,11475,11515,11,11515
2019/12/24,202001,12030,12044,11982,11983,55384,11983
2019/12/24,202002,12020,12029,11971,11973,606,11973
2019/12/24,202003,12010,12010,11955,11956,37,11956
2019/12/24,202006,11937,11938,11903,11903,19,11903
2019/12/24,202009,11573,11573,11534,11534,24,11534
2019/12/24,202012,11525,11525,11483,11484,21,11484
2019/12/25,202001,11989,12027,11976,12020,41599,12019
2019/12/25,202002,11976,12013,11967,12007,533,12006
2019/12/25,202003,11962,11996,11958,11990,32,11990
2019/12/25,202006,11908,11942,11908,11942,17,11942
2019/12/25,202009,11539,11554,11530,11546,10,11569
2019/12/25,202012,11491,11525,11487,11525,9,11525
2019/12/26,202001,12029,12042,11986,12009,52249,12007
2019/12/26,202002,12019,12026,11974,11995,654,11995
2019/12/26,202003,12000,12010,11963,11976,118,11976
2019/12/26,202006,11953,11953,11910,11934,17,11929
2019/12/26,202009,11581,11581,11550,11558,22,11558
2019/12/26,202012,11529,11529,11496,11504,5,11509
2019/12/27,202001,12038,12112,12037,12097,74454,12097
2019/12/27,202002,12022,12098,12022,12085,1200,12085
2019/12/27,202003,12014,12080,12014,12067,153,12067
2019/12/27,202006,11954,12026,11954,12014,40,12014
2019/12/27,202009,11596,11656,11595,11645,63,11645
2019/12/27,202012,11545,11605,11545,11595,37,11595
2019/12/30,202001,12091,12125,12065,12069,66062,12069
2019/12/30,202002,12074,12111,12056,12059,1056,12058
2019/12/30,202003,12058,12092,12038,12041,120,12041
2019/12/30,202006,12000,12036,11990,11990,35,11990
2019/12/30,202009,11647,11660,11621,11622,42,11622
2019/12/30,202012,11590,11611,11572,11572,15,11572
2019/12/31,202001,12029,12049,11992,11995,74341,11994
2019/12/31,202002,12017,12036,11982,11985,898,11984
2019/12/31,202003,12006,12017,11965,11966,131,11966
2019/12/31,202006,11947,11956,11918,11919,44,11919
2019/12/31,202009,11580,11592,11548,11548,41,11549
2019/12/31,202012,11529,11539,11500,11500,13,11500
2020/01/02,202001,12044,12120,12023,12102,100401,12101
2020/01/02,202002,12038,12107,12013,12092,1756,12091
2020/01/02,202003,12014,12088,11998,12070,172,12070
2020/01/02,202006,11971,12035,11971,12024,46,12024
2020/01/02,202009,11602,11670,11581,11655,86,11655
2020/01/02,202012,11560,11623,11535,11601,46,11601
2020/01/03,202001,12180,12198,11996,12086,172660,12087
2020/01/03,202002,12170,12183,11986,12075,3483,12075
2020/01/03,202003,12149,12166,11970,12061,337,12061
2020/01/03,202006,12100,12115,11924,12011,202,12011
2020/01/03,202009,11736,11739,11560,11634,95,11634
2020/01/03,202012,11677,11688,11510,11592,65,11592
2020/01/06,202001,12017,12034,11948,11950,118380,11949
2020/01/06,202002,12015,12022,11937,11937,2095,11938
2020/01/06,202003,12001,12001,11923,11923,207,11923
2020/01/06,202006,11940,11954,11878,11878,81,11878
2020/01/06,202009,11572,11583,11511,11511,76,11511
2020/01/06,202012,11523,11536,11458,11458,57,11458
2020/01/07,202001,11995,12009,11816,11871,157264,11871
2020/01/07,202002,11985,11997,11807,11860,4022,11860
2020/01/07,202003,11962,11979,11795,11848,418,11846
2020/01/07,202006,11932,11932,11751,11800,90,11800
2020/01/07,202009,11560,11564,11382,11431,100,11431
2020/01/07,202012,11513,11513,11334,11387,67,11387
2020/01/08,202001,11728,11892,11697,11788,158971,11788
2020/01/08,202002,11719,11875,11688,11773,4845,11773
2020/01/08,202003,11708,11854,11675,11756,504,11757
2020/01/08,202006,11659,11810,11631,11714,106,11714
2020/01/08,202009,11294,11437,11261,11348,99,11348
2020/01/08,202012,11233,11390,11233,11295,37,11295
2020/01/09,202001,11919,11998,11883,11968,115014,11969
2020/01/09,202002,11900,11980,11869,11958,7530,11956
2020/01/09,202003,11884,11964,11855,11941,510,11941
2020/01/09,202006,11836,11903,11809,11890,281,11890
2020/01/09,202009,11466,11545,11447,11524,76,11524
2020/01/09,202012,11419,11500,11406,11472,37,11472
2020/01/10,202001,12005,12042,11953,12010,114171,12011
2020/01/10,202002,11988,12027,11939,11997,18562,11997
2020/01/10,202003,11977,12011,11933,11977,242,11977
2020/01/10,202006,11928,11960,11913,11914,38,11930
2020/01/10,202009,11561,11590,11522,11563,50,11563
2020/01/10,202012,11514,11542,11466,11517,41,11517
2020/01/13,202001,12085,12121,12044,12117,142642,12116
2020/01/13,202002,12056,12102,12030,12096,40612,12096
2020/01/13,202003,12054,12083,12016,12079,444,12079
2020/01/13,202006,12000,12033,11975,12026,114,12026
2020/01/13,202009,11632,11666,11609,11661,79,11661
2020/01/13,202012,11584,11615,11558,11615,55,11615
2020/01/14,202001,12176,12199,12148,12181,104397,12181
2020/01/14,202002,12156,12171,12122,12155,37503,12155
2020/01/14,202003,12138,12150,12105,12137,530,12137
2020/01/14,202006,12078,12097,12054,12082,168,12082
2020/01/14,202009,11718,11733,11688,11715,80,11715
2020/01/14,202012,11671,11677,11639,11672,39,11672
2020/01/15,202001,12159,12175,12058,12063,89882,0
2020/01/15,202002,12139,12148,12042,12056,65151,12054
2020/01/15,202003,12120,12130,12029,12035,597,12035
2020/01/15,202006,12066,12070,11981,11985,52,11985
2020/01/15,202009,11700,11708,11611,11621,66,11621
2020/01/15,202012,11650,11660,11560,11570,59,11570
2020/01/16,202002,12040,12078,11990,12056,106272,12052
2020/01/16,202003,12032,12060,11977,12041,1324,12036
2020/01/16,202004,12006,12031,11965,12004,242,12004
2020/01/16,202006,11972,12005,11940,11981,110,11986
2020/01/16,202009,11607,11632,11581,11605,20,11622
2020/01/16,202012,11557,11577,11533,11557,24,11571
2020/01/17,202002,12103,12118,12029,12072,101199,12071
2020/01/17,202003,12081,12100,12015,12053,1050,12052
2020/01/17,202004,12053,12065,11986,12023,82,12023
2020/01/17,202006,12032,12037,11965,11999,57,11999
2020/01/17,202009,11671,11675,11600,11634,36,11634
2020/01/17,202012,11601,11601,11550,11582,22,11582
2020/01/20,202002,12119,12160,12097,12111,77557,12111
2020/01/20,202003,12099,12140,12080,12093,1037,12095
2020/01/20,202004,12075,12103,12050,12066,52,12066
2020/01/20,202006,12047,12081,12035,12035,37,12035
2020/01/20,202009,11682,11711,11667,11669,65,11669
2020/01/20,202012,11626,11662,11623,11623,21,11623
2020/01/30,202002,11770,11798,11366,11370,248664,11372
2020/01/30,202003,11773,11780,11351,11357,4014,11355
2020/01/30,202004,11750,11750,11323,11323,220,11323
2020/01/30,202006,11795,11795,11305,11305,414,11305
2020/01/30,202009,11359,11360,10949,10951,173,10935
2020/01/30,202012,11331,11331,10900,10900,145,10882
2020/01/31,202002,11460,11567,11407,11468,154361,11469
2020/01/31,202003,11437,11548,11390,11448,2389,11448
2020/01/31,202004,11410,11515,11371,11421,163,11421
2020/01/31,202006,11394,11490,11344,11386,332,11393
2020/01/31,202009,11030,11124,10980,11032,51,11032
2020/01/31,202012,10972,11070,10932,10968,63,10974
2020/02/03,202002,11285,11370,11152,11325,206381,11324
2020/02/03,202003,11267,11350,11136,11305,2757,11304
2020/02/03,202004,11237,11315,11111,11278,236,11277
2020/02/03,202006,11213,11285,11089,11254,178,11254
2020/02/03,202009,10842,10922,10731,10886,147,10886
2020/02/03,202012,10793,10867,10662,10831,65,10831
2020/02/04,202002,11373,11557,11362,11534,145462,11534
2020/02/04,202003,11348,11535,11344,11510,2127,11515
2020/02/04,202004,11326,11505,11315,11480,179,11480
2020/02/04,202006,11299,11474,11292,11466,194,11466
2020/02/04,202009,10927,11114,10926,11102,120,11102
2020/02/04,202012,10881,11056,10871,11038,61,11038
2020/02/05,202002,11603,11620,11474,11542,155144,11542
2020/02/05,202003,11585,11596,11455,11523,2285,11523
2020/02/05,202004,11559,11560,11428,11492,186,11492
2020/02/05,202006,11515,11521,11400,11462,168,11462
2020/02/05,202009,11149,11175,11042,11115,79,11100
2020/02/05,202012,11100,11107,10984,11035,39,11035
2020/02/06,202002,11651,11744,11628,11741,122911,11739
2020/02/06,202003,11626,11723,11610,11720,2180,11721
2020/02/06,202004,11601,11690,11580,11685,201,11685
2020/02/06,202006,11578,11656,11556,11656,155,11656
2020/02/06,202009,11213,11296,11194,11295,98,11295
2020/02/06,202012,11151,11234,11134,11234,50,11234
2020/02/07,202002,11660,11666,11566,11592,125747,11589
2020/02/07,202003,11651,11651,11550,11574,2170,11572
2020/02/07,202004,11614,11614,11520,11540,140,11540
2020/02/07,202006,11570,11580,11490,11509,125,11509
2020/02/07,202009,11220,11220,11132,11157,58,11157
2020/02/07,202012,11150,11155,11073,11092,57,11092
2020/02/10,202002,11455,11598,11402,11564,147183,11565
2020/02/10,202003,11440,11578,11385,11547,3713,11547
2020/02/10,202004,11411,11547,11358,11513,208,11513
2020/02/10,202006,11381,11514,11328,11491,121,11491
2020/02/10,202009,11008,11150,10975,11125,88,11125
2020/02/10,202012,10962,11082,10910,11068,39,11068
2020/02/11,202002,11625,11689,11613,11666,92406,11664
2020/02/11,202003,11602,11668,11596,11645,2715,11643
2020/02/11,202004,11574,11633,11566,11615,212,11615
2020/02/11,202006,11550,11600,11537,11580,93,11580
2020/02/11,202009,11190,11237,11177,11228,47,11221
2020/02/11,202012,11124,11180,11124,11160,40,11160
2020/02/12,202002,11663,11797,11647,11771,105501,11770
2020/02/12,202003,11640,11770,11629,11748,3797,11746
2020/02/12,202004,11609,11738,11600,11704,270,11714
2020/02/12,202006,11577,11700,11571,11679,110,11679
2020/02/12,202009,11217,11330,11210,11318,53,11318
2020/02/12,202012,11159,11275,11150,11250,51,11250
2020/02/13,202002,11798,11837,11762,11774,110031,11775
2020/02/13,202003,11786,11815,11743,11754,6032,11755
2020/02/13,202004,11753,11780,11711,11718,212,11718
2020/02/13,202006,11690,11743,11679,11689,65,11689
2020/02/13,202009,11360,11380,11320,11325,33,11325
2020/02/13,202012,11296,11310,11254,11254,22,11254
2020/02/14,202002,11757,11852,11755,11812,102988,11810
2020/02/14,202003,11738,11830,11735,11790,11074,11789
2020/02/14,202004,11711,11792,11705,11755,180,11755
2020/02/14,202006,11680,11755,11675,11718,67,11718
2020/02/14,202009,11342,11390,11324,11355,36,11355
2020/02/14,202012,11274,11323,11250,11297,35,11297
2020/02/17,202002,11710,11792,11702,11770,109882,11769
2020/02/17,202003,11692,11769,11681,11751,29841,11750
2020/02/17,202004,11653,11735,11650,11714,194,11714
2020/02/17,202006,11614,11698,11614,11680,81,11680
2020/02/17,202009,11253,11330,11253,11317,41,11317
2020/02/17,202012,11191,11265,11191,11243,25,11257
2020/02/18,202002,11715,11719,11627,11640,154544,11640
2020/02/18,202003,11699,11699,11610,11629,46058,11629
2020/02/18,202004,11666,11666,11578,11598,455,11597
2020/02/18,202006,11627,11627,11545,11562,281,11563
2020/02/18,202009,11265,11265,11187,11200,111,11200
2020/02/18,202012,11188,11190,11124,11142,68,11142
2020/02/19,202002,11678,11805,11637,11760,83637,0
2020/02/19,202003,11657,11787,11621,11762,70098,11763
2020/02/19,202004,11628,11753,11590,11730,743,11729
2020/02/19,202006,11593,11711,11570,11690,145,11690
2020/02/19,202009,11233,11350,11203,11322,77,11322
2020/02/19,202012,11165,11291,11149,11263,57,11263
2020/02/20,202003,11820,11830,11679,11715,137132,11713
2020/02/20,202004,11786,11797,11650,11684,1288,11682
2020/02/20,202005,11771,11776,11635,11662,136,11662
2020/02/20,202006,11750,11755,11613,11644,175,11644
2020/02/20,202009,11388,11396,11251,11279,59,11279
2020/02/20,202012,11325,11334,11192,11220,55,11220
2020/02/21,202003,11665,11765,11636,11664,139432,11663
2020/02/21,202004,11633,11733,11606,11634,1248,11633
2020/02/21,202005,11623,11712,11594,11615,113,11615
2020/02/21,202006,11601,11691,11570,11591,139,11591
2020/02/21,202009,11275,11318,11213,11239,28,11232
2020/02/21,202012,11220,11259,11153,11176,42,11171
2020/02/24,202003,11509,11587,11476,11508,136123,11511
2020/02/24,202004,11491,11555,11447,11478,1651,11481
2020/02/24,202005,11470,11533,11435,11459,107,11459
2020/02/24,202006,11455,11512,11411,11437,275,11438
2020/02/24,202009,11087,11145,11061,11080,64,11080
2020/02/24,202012,11038,11086,10990,11014,80,11014
2020/02/25,202003,11400,11561,11386,11542,148777,11541
2020/02/25,202004,11364,11528,11358,11510,1706,11509
2020/02/25,202005,11345,11510,11340,11483,170,11491
2020/02/25,202006,11330,11486,11314,11471,213,11471
2020/02/25,202009,10968,11120,10964,11100,96,11100
2020/02/25,202012,10907,11055,10902,11039,57,11039
2020/02/26,202003,11383,11482,11365,11421,162698,11421
2020/02/26,202004,11356,11449,11338,11389,1751,11390
2020/02/26,202005,11347,11429,11319,11373,168,11373
2020/02/26,202006,11320,11403,11295,11346,390,11346
2020/02/26,202009,10980,11032,10938,10984,156,10984
2020/02/26,202012,10917,10977,10890,10922,79,10922
2020/02/27,202003,11395,11447,11237,11273,168661,11276
2020/02/27,202004,11371,11413,11210,11244,2045,11246
2020/02/27,202005,11344,11389,11190,11231,227,11231
2020/02/27,202006,11325,11365,11168,11211,410,11200
2020/02/27,202009,10955,11001,10805,10845,149,10836
2020/02/27,202012,10894,10915,10753,10782,97,10782
2020/03/02,202003,11011,11278,11005,11174,203861,11176
2020/03/02,202004,11011,11245,10979,11146,2907,11147
2020/03/02,202005,10985,11212,10978,11132,123,11132
2020/03/02,202006,10978,11201,10950,11106,511,11108
2020/03/02,202009,10615,10833,10615,10744,80,10744
2020/03/02,202012,10565,10771,10548,10680,87,10680
2020/03/03,202003,11313,11375,11278,11324,165499,11321
2020/03/03,202004,11280,11341,11248,11292,2143,11288
2020/03/03,202005,11256,11322,11232,11264,181,11264
2020/03/03,202006,11234,11300,11216,11245,255,11245
2020/03/03,202009,10862,10928,10860,10877,54,10877
2020/03/03,202012,10822,10865,10787,10816,54,10816
2020/03/04,202003,11348,11369,11267,11364,142617,11358
2020/03/04,202004,11302,11335,11236,11332,1557,11324
2020/03/04,202005,11264,11315,11220,11312,134,11311
2020/03/04,202006,11253,11293,11200,11288,246,11285
2020/03/04,202009,10877,10923,10847,10921,71,10918
2020/03/04,202012,10828,10862,10776,10862,49,10857
2020/03/05,202003,11450,11501,11428,11492,112997,11491
2020/03/05,202004,11414,11466,11399,11458,2230,11456
2020/03/05,202005,11402,11445,11390,11437,133,11437
2020/03/05,202006,11377,11420,11353,11413,152,11413
2020/03/05,202009,11019,11058,10995,11044,56,11044
2020/03/05,202012,10939,10990,10939,10983,21,10983
2020/03/06,202003,11400,11420,11260,11269,154698,11269
2020/03/06,202004,11371,11382,11227,11235,4044,11232
2020/03/06,202005,11350,11365,11210,11215,163,11215
2020/03/06,202006,11328,11340,11190,11192,310,11192
2020/03/06,202009,10962,10963,10823,10823,63,10823
2020/03/06,202012,10900,10900,10760,10768,98,10768
2020/03/09,202003,10975,11108,10916,10950,213069,10951
2020/03/09,202004,10945,11068,10880,10912,5163,10910
2020/03/09,202005,10924,11047,10867,10892,231,10892
2020/03/09,202006,10904,11030,10841,10869,434,10869
2020/03/09,202009,10600,10656,10478,10500,159,10500
2020/03/09,202012,10519,10594,10424,10443,91,10443
2020/03/10,202003,10830,10996,10779,10984,209076,10981
2020/03/10,202004,10797,10947,10735,10936,7747,10934
2020/03/10,202005,10775,10929,10717,10918,303,10918
2020/03/10,202006,10761,10909,10695,10896,454,10896
2020/03/10,202009,10382,10524,10333,10524,101,10524
2020/03/10,202012,10385,10466,10270,10461,67,10461
2020/03/11,202003,10979,11029,10807,10821,183871,10824
2020/03/11,202004,10938,10980,10758,10772,6342,10773
2020/03/11,202005,10920,10956,10740,10755,336,10755
2020/03/11,202006,10892,10940,10718,10735,230,10734
2020/03/11,202009,10518,10557,10342,10360,96,10360
2020/03/11,202012,10454,10500,10287,10290,85,10290
2020/03/12,202003,10750,10765,10161,10367,331510,10362
2020/03/12,202004,10696,10712,10100,10302,11985,10298
2020/03/12,202005,10660,10682,10092,10270,704,10270
2020/03/12,202006,10655,10660,10066,10254,662,10254
2020/03/12,202009,10268,10272,9706,9880,306,9880
2020/03/12,202012,10205,10224,9624,9805,312,9805
2020/03/13,202003,9749,10147,9450,10021,348943,10027
2020/03/13,202004,9652,10071,9388,9944,19756,9953
2020/03/13,202005,9600,10038,9368,9930,766,9930
2020/03/13,202006,9600,10013,9344,9924,758,9924
2020/03/13,202009,9238,9588,8971,9520,239,9520
2020/03/13,202012,9164,9555,8895,9450,211,9455
2020/03/16,202003,9919,10055,9636,9668,260020,9679
2020/03/16,202004,9848,9975,9520,9556,42708,9563
2020/03/16,202005,9820,9920,9498,9533,535,9537
2020/03/16,202006,9866,9919,9489,9507,689,9507
2020/03/16,202009,9438,9453,9100,9120,52,9120
2020/03/16,202012,9398,9450,9052,9067,95,9067
2020/03/17,202003,9379,9677,9271,9363,257921,9371
2020/03/17,202004,9200,9557,9156,9190,66897,9205
2020/03/17,202005,9212,9514,9156,9158,490,9164
2020/03/17,202006,9200,9492,9100,9100,376,9100
2020/03/17,202009,8768,9018,8742,8745,103,8748
2020/03/17,202012,8744,9044,8673,8673,109,8677
2020/03/18,202003,9366,9489,9205,9263,111426,0
2020/03/18,202004,9250,9309,8914,8919,127004,8919
2020/03/18,202005,9222,9239,8842,8853,970,8850
2020/03/18,202006,9161,9178,8776,8776,648,8776
2020/03/18,202009,8732,8740,8420,8420,94,8420
2020/03/18,202012,8700,8703,8300,8300,139,8300
2020/03/19,202004,8820,8872,8268,8353,307231,8356
2020/03/19,202005,8752,8800,8212,8285,2180,8287
2020/03/19,202006,8676,8726,8150,8214,838,8214
2020/03/19,202009,8284,8301,7782,7824,173,7824
2020/03/19,202012,8217,8217,7655,7712,147,7712
2020/03/19,202103,8140,8167,7591,7700,42,7635
2020/03/20,202004,8562,9166,8544,9013,266159,9041
2020/03/20,202005,8492,9100,8480,8972,1431,9000
2020/03/20,202006,8420,9030,8420,8925,383,8925
2020/03/20,202009,8066,8606,8066,8515,104,8515
2020/03/20,202012,7944,8483,7944,8460,123,8460
2020/03/20,202103,7939,8398,7939,8367,36,8367
2020/03/23,202004,8609,8868,8555,8688,180341,8665
2020/03/23,202005,8566,8804,8510,8630,1705,8609
2020/03/23,202006,8519,8733,8442,8570,426,8551
2020/03/23,202009,8153,8364,8080,8169,50,8172
2020/03/23,202012,8059,8255,8006,8090,57,8090
2020/03/23,202103,7940,8196,7919,8014,14,8014
2020/03/24,202004,8998,9295,8986,9193,179105,9193
2020/03/24,202005,8942,9233,8942,9135,1749,9131
2020/03/24,202006,8890,9175,8876,9072,260,9072
2020/03/24,202009,8509,8785,8509,8683,45,8699
2020/03/24,202012,8422,8692,8422,8608,70,8608
2020/03/24,202103,8421,8607,8421,8503,39,8525
2020/03/25,202004,9410,9624,9370,9583,209717,9585
2020/03/25,202005,9380,9559,9317,9516,2998,9518
2020/03/25,202006,9309,9504,9258,9448,645,9444
2020/03/25,202009,8927,9116,8888,9082,116,9082
2020/03/25,202012,8860,9017,8797,8989,144,8989
2020/03/25,202103,8739,8942,8722,8890,52,8890
2020/03/26,202004,9679,9690,9426,9638,190488,9631
2020/03/26,202005,9628,9628,9362,9575,2061,9565
2020/03/26,202006,9516,9536,9290,9496,1084,9495
2020/03/26,202009,9141,9141,8960,9116,37,9109
2020/03/26,202012,9083,9083,8840,9035,29,9025
2020/03/26,202103,8974,8974,8751,8925,86,8925
2020/03/27,202004,9899,9910,9548,9583,187676,9579
2020/03/27,202005,9844,9844,9486,9527,1322,9518
2020/03/27,202006,9750,9764,9425,9446,221,9446
2020/03/27,202009,9388,9388,9040,9065,38,9053
2020/03/27,202012,9237,9237,8948,8990,47,8964
2020/03/27,202103,9499,9499,8847,8847,55,8881
2020/03/30,202004,9376,9576,9266,9576,164970,9566
2020/03/30,202005,9289,9506,9206,9504,1341,9500
2020/03/30,202006,9235,9431,9130,9431,168,9431
2020/03/30,202009,8853,9040,8800,9040,52,9039
2020/03/30,202012,8755,8943,8650,8943,43,8943
2020/03/30,202103,8671,8840,8586,8840,36,8840
2020/03/31,202004,9666,9717,9495,9596,142747,9595
2020/03/31,202005,9597,9649,9430,9530,1130,9529
2020/03/31,202006,9525,9568,9360,9455,189,9455
2020/03/31,202009,9139,9182,8988,9065,45,9065
2020/03/31,202012,9035,9073,8891,8963,13,8963
2020/03/31,202103,8948,8987,8803,8870,23,8870
2020/04/01,202004,9588,9650,9551,9552,116273,9555
2020/04/01,202005,9523,9580,9484,9486,1266,9486
2020/04/01,202006,9452,9508,9415,9419,106,9419
2020/04/01,202009,9060,9105,9026,9030,30,9026
2020/04/01,202012,8987,9015,8950,8950,12,8925
2020/04/01,202103,8902,8904,8851,8851,11,8836
2020/04/06,202004,9741,9860,9582,9826,146380,9823
2020/04/06,202005,9661,9767,9527,9764,2121,9764
2020/04/06,202006,9588,9700,9467,9700,261,9700
2020/04/06,202009,9199,9333,9089,9318,63,9318
2020/04/06,202012,9100,9215,8992,9215,47,9215
2020/04/06,202103,9011,9119,8900,9119,31,9119
2020/04/07,202004,9955,10020,9878,9997,137022,9998
2020/04/07,202005,9912,9967,9828,9943,2376,9943
2020/04/07,202006,9842,9901,9768,9880,235,9880
2020/04/07,202009,9470,9509,9400,9498,143,9498
2020/04/07,202012,9350,9405,9286,9405,38,9405
2020/04/07,202103,9288,9317,9192,9300,27,9300
2020/04/08,202004,9950,10135,9945,10127,130314,10122
2020/04/08,202005,9893,10082,9893,10075,5443,10073
2020/04/08,202006,9815,10021,9815,9998,353,10019
2020/04/08,202009,9452,9631,9452,9630,41,9627
2020/04/08,202012,9356,9521,9347,9521,21,9521
2020/04/08,202103,9271,9444,9271,9428,21,9428
2020/04/09,202004,10131,10197,10028,10101,135819,10100
2020/04/09,202005,10081,10142,9963,10031,6146,10027
2020/04/09,202006,10020,10072,9910,9967,792,9966
2020/04/09,202009,9635,9679,9532,9575,54,9575
2020/04/09,202012,9592,9592,9423,9498,38,9479
2020/04/09,202103,9415,9495,9330,9377,36,9377
2020/04/10,202004,10038,10140,10030,10133,74244,10133
2020/04/10,202005,9978,10050,9961,10046,5274,10046
2020/04/10,202006,9915,9986,9900,9979,165,9979
2020/04/10,202009,9567,9600,9543,9591,19,9591
2020/04/10,202012,9425,9492,9425,9490,26,9490
2020/04/10,202103,9320,9384,9320,9384,8,9384
2020/04/13,202004,10084,10149,10031,10073,124231,10079
2020/04/13,202005,9992,10050,9926,9941,31702,9949
2020/04/13,202006,9929,9982,9866,9866,1273,9883
2020/04/13,202009,9542,9564,9510,9510,525,9510
2020/04/13,202012,9420,9472,9399,9402,21,9402
2020/04/13,202103,9320,9341,9293,9293,14,9299
2020/04/14,202004,10160,10355,10125,10346,133841,10343
2020/04/14,202005,10012,10273,10001,10261,46563,10263
2020/04/14,202006,9945,10204,9936,10193,698,10193
2020/04/14,202009,9600,9806,9600,9800,43,9800
2020/04/14,202012,9460,9705,9460,9699,49,9699
2020/04/14,202103,9361,9596,9360,9592,41,9592
2020/04/15,202004,10347,10463,10330,10450,67002,0
2020/04/15,202005,10270,10366,10245,10322,54271,10325
2020/04/15,202006,10217,10297,10182,10260,326,10260
2020/04/15,202009,9800,9914,9800,9880,54,9880
2020/04/15,202012,9700,9792,9700,9760,50,9760
2020/04/15,202103,9593,9690,9593,9662,57,9662
2020/04/16,202005,10177,10343,10161,10302,117908,10301
2020/04/16,202006,10112,10270,10096,10233,804,10233
2020/04/16,202007,10012,10060,10012,10060,7,10060
2020/04/16,202009,9735,9882,9727,9852,42,9852
2020/04/16,202012,9621,9770,9618,9737,32,9737
2020/04/16,202103,9522,9666,9500,9632,25,9632
2020/04/17,202005,10575,10669,10456,10561,159024,10563
2020/04/17,202006,10499,10600,10400,10499,2005,10499
2020/04/17,202007,10320,10410,10253,10327,28,10327
2020/04/17,202009,10126,10214,10024,10123,82,10123
2020/04/17,202012,10044,10100,9933,10012,75,10012
2020/04/17,202103,9908,10003,9846,9902,59,9902
2020/04/20,202005,10515,10560,10458,10476,95719,10475
2020/04/20,202006,10457,10500,10400,10414,818,10414
2020/04/20,202007,10330,10330,10227,10240,32,10240
2020/04/20,202009,10076,10082,10032,10032,23,10032
2020/04/20,202012,10010,10010,9915,9926,22,9926
2020/04/20,202103,9899,9899,9810,9814,11,9814
2020/04/21,202005,10406,10467,10144,10198,185566,10196
2020/04/21,202006,10335,10401,10088,10132,1793,10132
2020/04/21,202007,10175,10175,9918,9958,55,9958
2020/04/21,202009,9968,10010,9718,9750,46,9750
2020/04/21,202012,9853,9875,9606,9645,69,9645
2020/04/21,202103,9754,9779,9500,9545,46,9545
2020/04/22,202005,10145,10226,10065,10225,140413,10222
2020/04/22,202006,10080,10158,10004,10158,1184,10155
2020/04/22,202007,9845,9970,9845,9970,20,9970
2020/04/22,202009,9700,9764,9636,9764,39,9764
2020/04/22,202012,9590,9654,9528,9654,37,9654
2020/04/22,202103,9470,9550,9429,9550,25,9550
2020/04/23,202005,10268,10402,10154,10292,167258,10292
2020/04/23,202006,10210,10330,10090,10224,1519,10225
2020/04/23,202007,10050,10147,9919,10042,40,10042
2020/04/23,202009,9899,9932,9722,9839,73,9839
2020/04/23,202012,9813,9813,9600,9731,33,9731
2020/04/23,202103,9602,9723,9501,9628,47,9628
2020/04/24,202005,10231,10292,10211,10270,104624,10268
2020/04/24,202006,10151,10220,10144,10199,966,10197
2020/04/24,202007,9989,10034,9975,10013,24,10013
2020/04/24,202009,9763,9826,9763,9809,8,9809
2020/04/24,202012,9683,9712,9683,9700,7,9700
2020/04/24,202103,9561,9616,9555,9601,12,9601
2020/04/27,202005,10373,10567,10368,10547,123332,10545
2020/04/27,202006,10300,10503,10299,10486,924,10484
2020/04/27,202007,10125,10322,10125,10305,74,10305
2020/04/27,202009,9960,10113,9958,10097,71,10097
2020/04/27,202012,9807,9990,9807,9990,14,9990
2020/04/27,202103,9699,9898,9699,9882,24,9882
2020/04/28,202005,10600,10605,10480,10582,110417,10583
2020/04/28,202006,10538,10540,10421,10520,859,10520
2020/04/28,202007,10358,10360,10250,10343,78,10343
2020/04/28,202009,10149,10149,10033,10130,85,10130
2020/04/28,202012,10040,10040,9940,10026,34,10026
2020/04/28,202103,9939,9939,9825,9915,34,9915
2020/04/29,202005,10655,10770,10631,10707,114379,10709
2020/04/29,202006,10593,10708,10573,10646,1419,10646
2020/04/29,202007,10414,10527,10400,10482,62,10468
2020/04/29,202009,10202,10317,10183,10267,149,10255
2020/04/29,202012,10092,10202,10078,10178,81,10143
2020/04/29,202103,9989,10100,9981,10050,40,10042
2020/04/30,202005,10813,10971,10803,10944,115419,10947
2020/04/30,202006,10753,10905,10742,10880,1467,10881
2020/04/30,202007,10584,10725,10569,10704,153,10704
2020/04/30,202009,10360,10503,10358,10481,55,10488
2020/04/30,202012,10247,10397,10241,10366,74,10374
2020/04/30,202103,10150,10289,10141,10280,79,10280
2020/05/04,202005,10540,10699,10477,10615,133437,10610
2020/05/04,202006,10488,10630,10416,10551,1432,10546
2020/05/04,202007,10305,10445,10250,10354,205,10354
2020/05/04,202009,10090,10221,10025,10156,198,10156
2020/05/04,202012,10022,10114,9910,10043,44,10043
2020/05/04,202103,9900,10012,9819,9930,31,9930
2020/05/05,202005,10717,10795,10658,10725,110697,10719
2020/05/05,202006,10646,10723,10590,10651,1707,10646
2020/05/05,202007,10452,10531,10420,10471,433,10471
2020/05/05,202009,10246,10314,10200,10254,84,10254
2020/05/05,202012,10139,10200,10098,10127,65,10127
2020/05/05,202103,10020,10102,9980,10035,33,10035
2020/05/06,202005,10658,10780,10618,10750,123280,10749
2020/05/06,202006,10569,10693,10545,10665,1277,10671
2020/05/06,202007,10406,10505,10368,10478,161,10478
2020/05/06,202009,10210,10270,10146,10255,27,10255
2020/05/06,202012,10079,10163,10043,10148,51,10148
2020/05/06,202103,9988,10060,9943,10049,33,10049
2020/05/07,202005,10736,10877,10710,10833,116774,10833
2020/05/07,202006,10652,10790,10638,10752,2061,10750
2020/05/07,202007,10490,10605,10470,10568,301,10568
2020/05/07,202009,10300,10388,10253,10342,60,10342
2020/05/07,202012,10213,10255,10211,10211,26,10227
2020/05/07,202103,10025,10160,10025,10109,12,10124
2020/05/08,202005,10893,10956,10853,10896,106019,10894
2020/05/08,202006,10806,10870,10772,10809,1765,10809
2020/05/08,202007,10629,10685,10594,10625,107,10625
2020/05/08,202009,10430,10460,10371,10405,33,10405
2020/05/08,202012,10300,10337,10251,10281,42,10281
2020/05/08,202103,10180,10235,10150,10175,46,10175
2020/05/11,202005,10979,11038,10935,10983,93372,10982
2020/05/11,202006,10899,10954,10860,10903,2722,10903
2020/05/11,202007,10717,10775,10678,10720,200,10720
2020/05/11,202009,10495,10550,10458,10499,32,10499
2020/05/11,202012,10369,10425,10345,10393,33,10377
2020/05/11,202103,10255,10319,10246,10270,49,10270
2020/05/12,202005,10902,10932,10802,10865,117000,10865
2020/05/12,202006,10835,10853,10729,10789,2676,10793
2020/05/12,202007,10656,10671,10555,10615,211,10615
2020/05/12,202009,10412,10450,10330,10403,64,10392
2020/05/12,202012,10298,10310,10218,10274,16,10274
2020/05/12,202103,10181,10195,10120,10169,27,10169
2020/05/13,202005,10783,10925,10776,10915,103023,10914
2020/05/13,202006,10696,10848,10696,10839,3493,10838
2020/05/13,202007,10551,10671,10548,10655,148,10655
2020/05/13,202009,10324,10440,10324,10436,49,10436
2020/05/13,202012,10250,10320,10238,10320,23,10320
2020/05/13,202103,10120,10227,10120,10220,16,10220
2020/05/14,202005,10828,10877,10738,10750,128433,10749
2020/05/14,202006,10751,10800,10664,10672,5951,10673
2020/05/14,202007,10576,10625,10495,10502,238,10502
2020/05/14,202009,10362,10373,10261,10265,89,10265
2020/05/14,202012,10244,10265,10150,10150,32,10150
2020/05/14,202103,10157,10158,10049,10049,12,10049
2020/05/15,202005,10830,10869,10701,10818,135179,10817
2020/05/15,202006,10755,10793,10636,10751,13624,10752
2020/05/15,202007,10580,10613,10475,10582,310,10581
2020/05/15,202009,10349,10388,10250,10343,176,10343
2020/05/15,202012,10231,10265,10150,10235,26,10235
2020/05/15,202103,10136,10151,10090,10141,18,10131
2020/05/18,202005,10768,10824,10724,10763,134342,10761
2020/05/18,202006,10711,10754,10659,10696,31108,10696
2020/05/18,202007,10564,10585,10495,10531,415,10531
2020/05/18,202009,10288,10350,10280,10289,133,10301
2020/05/18,202012,10185,10231,10146,10173,30,10191
2020/05/18,202103,10079,10139,10050,10070,32,10088
2020/05/19,202005,10932,10964,10836,10872,128453,10868
2020/05/19,202006,10869,10895,10796,10809,35574,10803
2020/05/19,202007,10705,10731,10638,10650,945,10647
2020/05/19,202009,10464,10500,10400,10411,287,10411
2020/05/19,202012,10390,10390,10292,10303,31,10303
2020/05/19,202103,10250,10270,10189,10221,18,10207
2020/05/20,202005,10903,10960,10853,10887,61752,0
2020/05/20,202006,10849,10898,10808,10853,57754,10851
2020/05/20,202007,10684,10738,10658,10698,354,10698
2020/05/20,202009,10469,10550,10417,10461,140,10461
2020/05/20,202012,10366,10391,10335,10350,55,10350
2020/05/20,202103,10260,10296,10240,10254,46,10254
2020/05/21,202006,10903,11008,10894,10952,116771,10953
2020/05/21,202007,10749,10845,10736,10803,1974,10802
2020/05/21,202008,10584,10675,10582,10640,79,10640
2020/05/21,202009,10519,10616,10513,10584,271,10576
2020/05/21,202012,10400,10500,10400,10470,63,10470
2020/05/21,202103,10300,10400,10300,10380,55,10380
2020/05/22,202006,10928,10935,10723,10743,137601,10744
2020/05/22,202007,10774,10775,10566,10586,2153,10585
2020/05/22,202008,10621,10621,10420,10433,74,10433
2020/05/22,202009,10502,10505,10350,10365,145,10365
2020/05/22,202012,10436,10436,10249,10249,54,10264
2020/05/22,202103,10335,10335,10158,10169,39,10169
2020/05/25,202006,10800,10840,10651,10817,120809,10821
2020/05/25,202007,10643,10679,10495,10660,1274,10663
2020/05/25,202008,10505,10526,10350,10526,80,10509
2020/05/25,202009,10425,10460,10285,10460,61,10439
2020/05/25,202012,10315,10350,10183,10350,20,10336
2020/05/25,202103,10241,10259,10094,10259,38,10238
2020/05/26,202006,10896,11027,10891,10984,106978,10984
2020/05/26,202007,10732,10864,10732,10823,1014,10823
2020/05/26,202008,10581,10712,10581,10670,86,10670
2020/05/26,202009,10550,10639,10550,10601,76,10601
2020/05/26,202012,10428,10535,10428,10498,55,10498
2020/05/26,202103,10333,10434,10333,10397,63,10397
2020/05/27,202006,10962,11037,10926,10972,103162,10973
2020/05/27,202007,10806,10875,10774,10823,1827,10821
2020/05/27,202008,10657,10721,10633,10679,47,10679
2020/05/27,202009,10583,10651,10583,10601,174,10601
2020/05/27,202012,10478,10537,10473,10513,15,10501
2020/05/27,202103,10400,10448,10400,10410,34,10410
2020/05/28,202006,11066,11077,10856,10907,142469,10911
2020/05/28,202007,10907,10921,10711,10754,1817,10762
2020/05/28,202008,10750,10774,10570,10620,116,10620
2020/05/28,202009,10697,10703,10518,10546,438,10546
2020/05/28,202012,10584,10585,10402,10420,56,10448
2020/05/28,202103,10473,10507,10335,10353,54,10353
2020/05/29,202006,10888,10950,10806,10922,115914,10919
2020/05/29,202007,10742,10797,10659,10766,1183,10768
2020/05/29,202008,10593,10643,10530,10643,138,10629
2020/05/29,202009,10524,10563,10450,10561,262,10561
2020/05/29,202012,10395,10434,10355,10427,32,10461
2020/05/29,202103,10313,10373,10277,10373,27,10373
2020/06/01,202006,10983,11103,10971,11057,105285,11057
2020/06/01,202007,10827,10950,10825,10909,1782,10908
2020/06/01,202008,10696,10809,10690,10768,102,10768
2020/06/01,202009,10614,10737,10614,10700,621,10700
2020/06/01,202012,10529,10637,10529,10600,44,10600
2020/06/01,202103,10440,10546,10440,10518,71,10518
2020/06/02,202006,11080,11140,11072,11106,83041,11107
2020/06/02,202007,10933,10988,10923,10958,843,10958
2020/06/02,202008,10785,10842,10785,10818,63,10818
2020/06/02,202009,10720,10772,10715,10746,468,10746
2020/06/02,202012,10618,10683,10618,10653,41,10653
2020/06/02,202103,10535,10595,10531,10568,39,10568
2020/06/03,202006,11250,11299,11206,11283,109433,11283
2020/06/03,202007,11096,11145,11057,11128,1200,11129
2020/06/03,202008,10956,11003,10915,10993,90,10993
2020/06/03,202009,10884,10933,10857,10918,121,10919
2020/06/03,202012,10789,10842,10765,10827,67,10827
2020/06/03,202103,10704,10754,10678,10740,80,10740
2020/06/04,202006,11419,11425,11306,11357,109338,11358
2020/06/04,202007,11270,11272,11157,11207,1822,11207
2020/06/04,202008,11123,11133,11019,11071,97,11071
2020/06/04,202009,11052,11060,10949,10998,333,10998
2020/06/04,202012,10959,10969,10865,10908,56,10908
2020/06/04,202103,10908,10908,10782,10832,30,10832
2020/06/05,202006,11399,11473,11377,11457,85304,11457
2020/06/05,202007,11241,11319,11228,11304,1567,11304
2020/06/05,202008,11096,11177,11096,11170,72,11170
2020/06/05,202009,11036,11104,11022,11097,89,11097
2020/06/05,202012,10949,11023,10940,11010,85,11010
2020/06/05,202103,10867,10944,10863,10930,78,10930
2020/06/08,202006,11550,11626,11491,11570,107836,11570
2020/06/08,202007,11411,11471,11338,11415,2430,11413
2020/06/08,202008,11283,11336,11212,11284,101,11284
2020/06/08,202009,11203,11261,11138,11213,243,11213
2020/06/08,202012,11077,11178,11063,11132,103,11132
2020/06/08,202103,11035,11108,11000,11058,80,11058
2020/06/09,202006,11596,11622,11521,11609,90763,11606
2020/06/09,202007,11443,11459,11365,11439,2779,11440
2020/06/09,202008,11309,11330,11240,11315,87,11315
2020/06/09,202009,11242,11253,11178,11245,102,11245
2020/06/09,202012,11164,11175,11092,11164,28,11164
2020/06/09,202103,11090,11096,11025,11087,87,11087
2020/06/10,202006,11634,11730,11596,11706,95474,11704
2020/06/10,202007,11465,11558,11432,11535,3358,11534
2020/06/10,202008,11334,11422,11315,11400,141,11400
2020/06/10,202009,11277,11356,11234,11335,109,11335
2020/06/10,202012,11186,11271,11163,11248,43,11248
2020/06/10,202103,11108,11200,11081,11173,120,11173
2020/06/11,202006,11689,11738,11475,11491,144385,11491
2020/06/11,202007,11515,11560,11290,11306,4352,11303
2020/06/11,202008,11380,11419,11156,11170,210,11170
2020/06/11,202009,11300,11350,11096,11102,123,11102
2020/06/11,202012,11248,11248,11019,11029,46,11029
2020/06/11,202103,11153,11196,10941,10945,82,10945
2020/06/12,202006,11331,11432,11250,11395,138977,11391
2020/06/12,202007,11144,11246,11064,11208,13709,11203
2020/06/12,202008,11004,11096,10930,11068,205,11064
2020/06/12,202009,10950,11033,10876,11008,95,11008
2020/06/12,202012,10865,10955,10782,10931,53,10931
2020/06/12,202103,10768,10877,10700,10856,47,10856
2020/06/15,202006,11356,11446,11216,11229,162092,11225
2020/06/15,202007,11176,11241,11016,11025,40039,11022
2020/06/15,202008,11031,11095,10873,10882,252,10882
2020/06/15,202009,11007,11049,10833,10833,160,10833
2020/06/15,202012,10911,10932,10744,10744,70,10744
2020/06/15,202103,10838,10874,10665,10665,33,10665
2020/06/16,202006,11448,11554,11421,11526,132203,11522
2020/06/16,202007,11228,11358,11224,11329,43449,11329
2020/06/16,202008,11095,11206,11082,11179,326,11178
2020/06/16,202009,11044,11150,11027,11131,137,11129
2020/06/16,202012,10961,11053,10942,11040,72,11040
2020/06/16,202103,10882,10975,10864,10960,49,10960
2020/06/17,202006,11480,11568,11467,11521,68402,0
2020/06/17,202007,11282,11376,11278,11358,57633,11359
2020/06/17,202008,11163,11218,11127,11202,349,11203
2020/06/17,202009,11103,11166,11084,11151,82,11152
2020/06/17,202012,11016,11073,10992,11055,41,11055
2020/06/17,202103,10912,10980,10909,10973,26,10973
2020/06/18,202007,11372,11425,11295,11394,115951,11395
2020/06/18,202008,11214,11265,11141,11234,778,11233
2020/06/18,202009,11174,11209,11090,11183,73,11183
2020/06/18,202012,11069,11114,11036,11089,24,11089
2020/06/18,202103,10986,11027,10914,11001,55,11001
2020/06/18,202106,10991,10991,10843,10931,117,10931
2020/06/19,202007,11424,11439,11361,11410,94025,11409
2020/06/19,202008,11266,11275,11200,11248,950,11245
2020/06/19,202009,11216,11222,11150,11192,131,11192
2020/06/19,202012,11121,11127,11079,11100,28,11100
2020/06/19,202103,11032,11040,10973,11012,18,11012
2020/06/19,202106,10916,10955,10900,10955,3,10941
2020/06/22,202007,11374,11498,11362,11423,114951,11421
2020/06/22,202008,11210,11331,11207,11247,1943,11250
2020/06/22,202009,11160,11278,11160,11202,481,11202
2020/06/22,202012,11070,11180,11070,11090,64,11104
2020/06/22,202103,10970,11086,10970,11006,43,11014
2020/06/22,202106,10936,11012,10936,10958,13,10940
2020/06/23,202007,11493,11540,11346,11455,140506,11456
2020/06/23,202008,11329,11362,11180,11282,1636,11283
2020/06/23,202009,11295,11316,11133,11244,95,11232
2020/06/23,202012,11199,11222,11046,11146,39,11136
2020/06/23,202103,11100,11128,10950,11060,56,11047
2020/06/23,202106,11036,11052,10875,10980,36,10972
2020/06/24,202007,11541,11570,11503,11523,90292,11523
2020/06/24,202008,11360,11393,11330,11352,1417,11350
2020/06/24,202009,11316,11342,11285,11303,296,11302
2020/06/24,202012,11221,11245,11197,11197,27,11197
2020/06/24,202103,11139,11151,11100,11111,30,11111
2020/06/24,202106,11063,11067,11033,11035,36,11035
2020/06/29,202007,11394,11458,11315,11361,126715,11363
2020/06/29,202008,11217,11289,11150,11196,2194,11195
2020/06/29,202009,11186,11240,11110,11146,283,11147
2020/06/29,202012,11070,11135,11031,11052,42,11052
2020/06/29,202103,10975,11021,10928,10967,23,10967
2020/06/29,202106,10918,10918,10850,10850,10,10885
2020/06/30,202007,11460,11502,11412,11469,84812,11470
2020/06/30,202008,11285,11327,11242,11299,1720,11297
2020/06/30,202009,11255,11279,11200,11252,181,11252
2020/06/30,202012,11152,11182,11120,11180,30,11152
2020/06/30,202103,11050,11093,11026,11082,20,11063
2020/06/30,202106,10973,11010,10959,11010,12,10984
2020/07/01,202007,11482,11623,11472,11546,102446,11544
2020/07/01,202008,11312,11445,11301,11375,911,11372
2020/07/01,202009,11270,11400,11270,11330,209,11330
2020/07/01,202012,11165,11301,11160,11235,71,11235
2020/07/01,202103,11080,11212,11080,11142,71,11142
2020/07/01,202106,11034,11130,11034,11071,39,11071
2020/07/02,202007,11585,11712,11566,11695,92103,11695
2020/07/02,202008,11417,11535,11398,11522,1334,11519
2020/07/02,202009,11384,11490,11368,11478,123,11478
2020/07/02,202012,11285,11395,11257,11380,38,11380
2020/07/02,202103,11197,11303,11168,11288,51,11288
2020/07/02,202106,11123,11225,11123,11225,84,11214
2020/07/03,202007,11788,11850,11752,11838,92327,11834
2020/07/03,202008,11608,11670,11579,11658,1125,11657
2020/07/03,202009,11571,11623,11539,11620,142,11620
2020/07/03,202012,11482,11526,11469,11509,42,11519
2020/07/03,202103,11378,11436,11370,11427,33,11426
2020/07/03,202106,11296,11353,11271,11345,47,11345
2020/07/06,202007,11921,12072,11905,12065,107214,12067
2020/07/06,202008,11747,11908,11732,11906,2109,11906
2020/07/06,202009,11711,11865,11700,11863,181,11863
2020/07/06,202012,11610,11769,11590,11769,81,11769
2020/07/06,202103,11512,11684,11505,11684,71,11684
2020/07/06,202106,11439,11613,11431,11613,75,11613
2020/07/07,202007,12149,12192,11990,12027,134410,12028
2020/07/07,202008,12003,12033,11835,11867,2016,11868
2020/07/07,202009,11950,11984,11800,11832,267,11832
2020/07/07,202012,11850,11888,11711,11750,103,11739
2020/07/07,202103,11765,11812,11629,11657,89,11657
2020/07/07,202106,11699,11726,11555,11651,40,11591
2020/07/08,202007,12041,12145,12025,12125,103418,12126
2020/07/08,202008,11882,11982,11870,11964,1881,11965
2020/07/08,202009,11848,11943,11840,11932,205,11932
2020/07/08,202012,11755,11850,11755,11835,36,11835
2020/07/08,202103,11681,11771,11681,11767,45,11760
2020/07/08,202106,11668,11708,11668,11699,23,11691
2020/07/09,202007,12202,12222,12118,12147,112588,12149
2020/07/09,202008,12040,12056,11956,11980,3151,11980
2020/07/09,202009,12013,12018,11920,11937,209,11942
2020/07/09,202012,11908,11922,11832,11844,81,11844
2020/07/09,202103,11836,11845,11754,11765,71,11765
2020/07/09,202106,11763,11777,11680,11691,34,11691
2020/07/10,202007,12204,12213,11987,11999,140575,11995
2020/07/10,202008,12030,12042,11819,11830,12135,11826
2020/07/10,202009,12000,12000,11785,11788,269,11788
2020/07/10,202012,11887,11887,11688,11688,79,11688
2020/07/10,202103,11798,11803,11605,11618,80,11618
2020/07/10,202106,11731,11731,11534,11547,16,11547
2020/07/13,202007,12139,12210,12105,12205,116687,12204
2020/07/13,202008,11961,12031,11927,12030,30536,12029
2020/07/13,202009,11931,11990,11890,11986,207,11985
2020/07/13,202012,11838,11889,11806,11884,77,11890
2020/07/13,202103,11756,11806,11725,11805,36,11805
2020/07/13,202106,11683,11733,11653,11733,33,11733
2020/07/14,202007,12147,12224,12119,12188,136035,12188
2020/07/14,202008,11974,12059,11960,12033,47618,12030
2020/07/14,202009,11928,12012,11917,11987,384,11987
2020/07/14,202012,11860,11910,11830,11880,65,11889
2020/07/14,202103,11782,11830,11751,11808,38,11808
2020/07/14,202106,11702,11738,11695,11730,16,11730
2020/07/15,202007,12305,12323,12150,12220,74574,0
2020/07/15,202008,12149,12162,12018,12081,65976,12084
2020/07/15,202009,12100,12117,11977,12038,410,12038
2020/07/15,202012,11996,12010,11883,11942,75,11942
2020/07/15,202103,11912,11918,11796,11850,29,11850
2020/07/15,202106,11833,11853,11710,11769,38,11769
2020/07/16,202008,12066,12094,11931,12032,133119,12029
2020/07/16,202009,12019,12051,11895,11989,1441,11989
2020/07/16,202010,11994,12000,11852,11912,64,11945
2020/07/16,202012,11924,11938,11800,11888,67,11888
2020/07/16,202103,11835,11835,11715,11813,36,11805
2020/07/16,202106,11761,11772,11646,11726,28,11726
2020/07/17,202008,12088,12138,12011,12039,112518,12039
2020/07/17,202009,12047,12090,11969,11994,1325,11993
2020/07/17,202010,12008,12040,11930,11950,56,11950
2020/07/17,202012,11947,11988,11869,11896,36,11896
2020/07/17,202103,11861,11900,11787,11811,36,11811
2020/07/17,202106,11788,11820,11703,11736,76,11736
2020/07/20,202008,12073,12075,11903,12031,121048,12033
2020/07/20,202009,12026,12027,11867,11987,901,11987
2020/07/20,202010,11975,11975,11820,11920,48,11940
2020/07/20,202012,11910,11910,11785,11885,46,11885
2020/07/20,202103,11748,11810,11700,11795,14,11795
2020/07/20,202106,11740,11755,11600,11714,38,11714
2020/07/21,202008,12125,12324,12121,12289,123081,12288
2020/07/21,202009,12072,12271,12072,12241,1513,12239
2020/07/21,202010,12037,12215,12034,12182,96,12182
2020/07/21,202012,11970,12153,11970,12130,81,12130
2020/07/21,202103,11889,12058,11889,12036,46,12036
2020/07/21,202106,11818,11976,11818,11954,58,11954
2020/07/22,202008,12301,12361,12256,12331,95059,12332
2020/07/22,202009,12254,12306,12209,12278,1192,12278
2020/07/22,202010,12202,12250,12159,12220,30,12220
2020/07/22,202012,12145,12180,12100,12170,40,12170
2020/07/22,202103,12052,12089,12022,12065,18,12065
2020/07/22,202106,11970,11999,11958,11983,19,11983
2020/07/23,202008,12309,12313,12199,12288,122819,12287
2020/07/23,202009,12262,12262,12148,12236,1345,12235
2020/07/23,202010,12190,12197,12100,12190,87,12184
2020/07/23,202012,12141,12141,12044,12118,43,12118
2020/07/23,202103,12041,12041,11960,12016,32,12029
2020/07/23,202106,11906,11961,11870,11936,19,11936
2020/07/24,202008,12232,12352,12123,12150,172087,12150
2020/07/24,202009,12166,12297,12073,12095,1736,12096
2020/07/24,202010,12126,12236,12030,12040,148,12040
2020/07/24,202012,12060,12176,11958,11980,91,11980
2020/07/24,202103,11970,12076,11870,11883,63,11883
2020/07/24,202106,11928,11990,11780,11785,50,11785
2020/07/27,202008,12410,12572,12407,12503,140577,12498
2020/07/27,202009,12345,12508,12345,12444,1417,12443
2020/07/27,202010,12300,12428,12300,12382,74,12382
2020/07/27,202012,12219,12375,12219,12310,102,12310
2020/07/27,202103,12150,12252,12150,12191,124,12191
2020/07/27,202106,12031,12149,12031,12104,82,12104
2020/07/28,202008,12834,12900,12408,12457,245816,12454
2020/07/28,202009,12783,12845,12365,12398,2790,12399
2020/07/28,202010,12698,12783,12300,12348,138,12337
2020/07/28,202012,12642,12708,12253,12270,125,12270
2020/07/28,202103,12485,12595,12130,12165,88,12165
2020/07/28,202106,12416,12480,12048,12055,56,12055
2020/07/29,202008,12446,12543,12392,12423,138924,12421
2020/07/29,202009,12392,12484,12336,12372,1075,12364
2020/07/29,202010,12337,12400,12283,12315,70,12315
2020/07/29,202012,12276,12350,12217,12233,111,12233
2020/07/29,202103,12150,12234,12100,12130,47,12130
2020/07/29,202106,12041,12130,12028,12030,17,12030
2020/07/30,202008,12617,12627,12488,12596,126225,12595
2020/07/30,202009,12551,12562,12433,12537,1009,12538
2020/07/30,202010,12495,12501,12390,12468,96,12481
2020/07/30,202012,12425,12425,12320,12398,49,12410
2020/07/30,202103,12317,12317,12230,12284,32,12284
2020/07/30,202106,12204,12210,12101,12182,20,12182
2020/07/31,202008,12606,12644,12525,12577,130348,12576
2020/07/31,202009,12547,12585,12467,12520,1245,12517
2020/07/31,202010,12444,12520,12430,12448,40,12459
2020/07/31,202012,12391,12430,12348,12388,93,12388
2020/07/31,202103,12296,12330,12230,12300,20,12267
2020/07/31,202106,12195,12230,12118,12147,26,12162
2020/08/03,202008,12531,12567,12405,12443,134894,12440
2020/08/03,202009,12467,12507,12350,12388,1434,12383
2020/08/03,202010,12408,12447,12300,12323,201,12334
2020/08/03,202012,12333,12371,12237,12250,50,12260
2020/08/03,202103,12217,12258,12115,12118,28,12144
2020/08/03,202106,12114,12114,12009,12021,23,12040
2020/08/04,202008,12516,12632,12489,12629,111175,12629
2020/08/04,202009,12458,12573,12434,12571,1052,12570
2020/08/04,202010,12420,12514,12388,12512,84,12512
2020/08/04,202012,12342,12445,12326,12445,34,12445
2020/08/04,202103,12212,12325,12212,12325,11,12325
2020/08/04,202106,12108,12224,12108,12224,27,12224
2020/08/05,202008,12700,12746,12643,12744,106101,12741
2020/08/05,202009,12644,12686,12590,12686,1813,12682
2020/08/05,202010,12589,12628,12535,12628,89,12628
2020/08/05,202012,12516,12546,12495,12546,147,12558
2020/08/05,202103,12398,12435,12390,12435,28,12435
2020/08/05,202106,12300,12330,12270,12330,25,12330
2020/08/06,202008,12856,12925,12753,12835,141397,12836
2020/08/06,202009,12788,12861,12695,12780,1766,12778
2020/08/06,202010,12742,12791,12640,12722,107,12722
2020/08/06,202012,12666,12727,12576,12650,160,12650
2020/08/06,202103,12543,12605,12450,12517,29,12530
2020/08/06,202106,12440,12504,12350,12431,42,12431
2020/08/07,202008,12860,12866,12706,12763,114920,12759
2020/08/07,202009,12803,12803,12650,12704,1180,12701
2020/08/07,202010,12732,12737,12596,12634,85,12648
2020/08/07,202012,12667,12667,12538,12561,79,12580
2020/08/07,202103,12513,12518,12430,12450,21,12460
2020/08/07,202106,12443,12445,12303,12356,25,12356
2020/08/10,202008,12779,12905,12720,12855,109604,12854
2020/08/10,202009,12720,12845,12665,12798,1265,12796
2020/08/10,202010,12662,12775,12615,12740,89,12740
2020/08/10,202012,12602,12721,12546,12673,118,12673
2020/08/10,202103,12475,12594,12475,12558,16,12558
2020/08/10,202106,12345,12478,12345,12470,28,12451
2020/08/11,202008,12825,12874,12727,12737,106920,12735
2020/08/11,202009,12770,12819,12675,12682,2040,12682
2020/08/11,202010,12704,12759,12625,12631,104,12631
2020/08/11,202012,12633,12678,12560,12560,49,12560
2020/08/11,202103,12520,12553,12456,12456,27,12456
2020/08/11,202106,12436,12469,12352,12352,35,12352
2020/08/12,202008,12700,12701,12565,12655,131890,12655
2020/08/12,202009,12651,12651,12516,12601,2960,12599
2020/08/12,202010,12591,12592,12470,12550,168,12550
2020/08/12,202012,12526,12526,12408,12482,57,12482
2020/08/12,202103,12400,12402,12300,12373,21,12373
2020/08/12,202106,12317,12317,12211,12278,19,12278
2020/08/13,202008,12816,12836,12702,12723,113664,12725
2020/08/13,202009,12751,12777,12645,12665,5212,12668
2020/08/13,202010,12693,12720,12595,12611,101,12611
2020/08/13,202012,12642,12644,12544,12550,55,12550
2020/08/13,202103,12541,12550,12426,12426,14,12444
2020/08/13,202106,12436,12443,12328,12363,26,12345
2020/08/14,202008,12696,12790,12646,12788,105105,12789
2020/08/14,202009,12645,12735,12594,12733,10168,12733
2020/08/14,202010,12584,12682,12549,12682,127,12682
2020/08/14,202012,12507,12620,12507,12611,27,12620
2020/08/14,202103,12414,12510,12405,12509,27,12509
2020/08/14,202106,12307,12414,12307,12410,11,12410
2020/08/17,202008,12776,12959,12771,12955,126563,12953
2020/08/17,202009,12721,12899,12720,12899,29866,12897
2020/08/17,202010,12669,12848,12669,12847,210,12847
2020/08/17,202012,12608,12786,12608,12786,190,12786
2020/08/17,202103,12502,12670,12502,12667,45,12682
2020/08/17,202106,12439,12580,12430,12580,61,12580
2020/08/18,202008,12983,12998,12836,12875,134346,12877
2020/08/18,202009,12920,12947,12796,12831,42289,12831
2020/08/18,202010,12865,12887,12748,12781,350,12781
2020/08/18,202012,12814,12830,12688,12723,156,12723
2020/08/18,202103,12695,12695,12584,12618,35,12618
2020/08/18,202106,12605,12605,12486,12520,52,12520
2020/08/19,202008,12905,12955,12780,12806,70664,0
2020/08/19,202009,12877,12910,12739,12750,71906,12749
2020/08/19,202010,12790,12856,12691,12700,455,12699
2020/08/19,202012,12750,12793,12630,12637,158,12637
2020/08/19,202103,12629,12630,12530,12539,28,12539
2020/08/19,202106,12527,12535,12428,12440,33,12440
2020/08/20,202009,12695,12709,12067,12305,237845,12298
2020/08/20,202010,12650,12655,12029,12256,1721,12249
2020/08/20,202011,12599,12605,12016,12199,150,12226
2020/08/20,202012,12575,12596,11965,12200,231,12186
2020/08/20,202103,12476,12480,11912,12065,72,12096
2020/08/20,202106,12379,12379,11814,11963,68,11999
2020/08/21,202009,12466,12598,12423,12543,134925,12551
2020/08/21,202010,12411,12545,12375,12495,944,12498
2020/08/21,202011,12370,12506,12350,12506,81,12463
2020/08/21,202012,12346,12475,12340,12426,62,12434
2020/08/21,202103,12239,12375,12228,12327,27,12327
2020/08/21,202106,12180,12280,12155,12229,28,12229
2020/08/24,202009,12568,12653,12503,12604,103793,12603
2020/08/24,202010,12519,12600,12458,12555,686,12554
2020/08/24,202011,12504,12569,12440,12526,62,12526
2020/08/24,202012,12480,12534,12419,12493,93,12493
2020/08/24,202103,12380,12430,12367,12389,21,12389
2020/08/24,202106,12267,12312,12267,12301,13,12301
2020/08/25,202009,12657,12795,12643,12737,111954,12735
2020/08/25,202010,12605,12744,12595,12686,803,12686
2020/08/25,202011,12598,12708,12580,12652,80,12658
2020/08/25,202012,12555,12682,12541,12616,173,12629
2020/08/25,202103,12450,12568,12450,12513,31,12528
2020/08/25,202106,12418,12483,12409,12427,17,12427
2020/08/26,202009,12730,12799,12681,12792,86909,12795
2020/08/26,202010,12677,12748,12633,12748,588,12746
2020/08/26,202011,12650,12717,12608,12717,55,12717
2020/08/26,202012,12621,12692,12579,12692,227,12692
2020/08/26,202103,12520,12578,12509,12578,11,12586
2020/08/26,202106,12422,12483,12400,12478,23,12488
2020/08/27,202009,12838,12925,12735,12760,126988,12758
2020/08/27,202010,12789,12872,12690,12711,948,12711
2020/08/27,202011,12770,12840,12673,12682,77,12682
2020/08/27,202012,12773,12810,12635,12649,563,12649
2020/08/27,202103,12665,12700,12535,12552,38,12552
2020/08/27,202106,12562,12606,12444,12453,28,12453
2020/08/28,202009,12740,12782,12634,12691,138555,12688
2020/08/28,202010,12686,12731,12592,12643,1233,12644
2020/08/28,202011,12663,12700,12568,12610,96,12622
2020/08/28,202012,12629,12680,12545,12580,231,12595
2020/08/28,202103,12530,12568,12447,12498,26,12498
2020/08/28,202106,12411,12453,12353,12393,22,12393
2020/08/31,202009,12800,12826,12563,12591,142474,12589
2020/08/31,202010,12747,12779,12521,12546,1363,12545
2020/08/31,202011,12727,12753,12513,12524,107,12524
2020/08/31,202012,12700,12725,12488,12488,532,12497
2020/08/31,202103,12603,12610,12415,12415,17,12404
2020/08/31,202106,12498,12510,12300,12300,47,12311
2020/09/01,202009,12566,12698,12531,12691,114612,12688
2020/09/01,202010,12521,12650,12500,12644,957,12640
2020/09/01,202011,12495,12625,12485,12619,66,12619
2020/09/01,202012,12500,12600,12450,12590,363,12590
2020/09/01,202103,12392,12502,12392,12502,16,12502
2020/09/01,202106,12350,12406,12300,12406,50,12406
2020/09/02,202009,12765,12776,12595,12691,127417,12690
2020/09/02,202010,12716,12729,12550,12644,1772,12642
2020/09/02,202011,12692,12700,12530,12619,80,12617
2020/09/02,202012,12652,12672,12506,12593,76,12593
2020/09/02,202103,12568,12568,12411,12498,25,12498
2020/09/02,202106,12472,12472,12302,12401,28,12401
2020/09/03,202009,12792,12858,12705,12732,130555,12734
2020/09/03,202010,12738,12805,12658,12682,1681,12683
2020/09/03,202011,12712,12771,12639,12662,83,12662
2020/09/03,202012,12688,12753,12614,12649,79,12633
2020/09/03,202103,12596,12650,12517,12517,19,12535
2020/09/03,202106,12504,12552,12433,12447,79,12437
2020/09/04,202009,12558,12651,12510,12606,130795,12607
2020/09/04,202010,12500,12600,12466,12557,1854,12558
2020/09/04,202011,12475,12570,12450,12539,79,12539
2020/09/04,202012,12467,12550,12430,12510,60,12510
2020/09/04,202103,12350,12450,12330,12431,28,12414
2020/09/04,202106,12278,12352,12240,12313,29,12313
2020/09/07,202009,12608,12733,12560,12582,137459,12580
2020/09/07,202010,12542,12680,12510,12528,2275,12528
2020/09/07,202011,12557,12650,12490,12505,91,12505
2020/09/07,202012,12530,12620,12468,12479,98,12480
2020/09/07,202103,12450,12530,12375,12388,31,12388
2020/09/07,202106,12342,12425,12268,12295,16,12286
2020/09/08,202009,12657,12695,12610,12667,110554,12667
2020/09/08,202010,12616,12640,12560,12615,1932,12614
2020/09/08,202011,12585,12610,12540,12581,57,12588
2020/09/08,202012,12559,12589,12508,12559,410,12559
2020/09/08,202103,12467,12493,12416,12466,25,12466
2020/09/08,202106,12365,12371,12339,12360,17,12360
2020/09/09,202009,12545,12606,12434,12598,153591,12598
2020/09/09,202010,12489,12544,12381,12537,4176,12538
2020/09/09,202011,12465,12508,12360,12499,143,12512
2020/09/09,202012,12436,12477,12336,12474,213,12486
2020/09/09,202103,12341,12383,12238,12377,45,12390
2020/09/09,202106,12245,12279,12150,12278,29,12289
2020/09/10,202009,12669,12706,12622,12699,111296,12698
2020/09/10,202010,12600,12640,12560,12630,6521,12630
2020/09/10,202011,12577,12612,12540,12602,161,12602
2020/09/10,202012,12545,12582,12511,12574,240,12574
2020/09/10,202103,12438,12471,12430,12471,17,12471
2020/09/10,202106,12344,12379,12319,12365,18,12365
2020/09/11,202009,12658,12689,12606,12661,114638,12663
2020/09/11,202010,12583,12621,12541,12600,12716,12599
2020/09/11,202011,12571,12590,12516,12565,146,12565
2020/09/11,202012,12546,12560,12487,12543,87,12543
2020/09/11,202103,12447,12450,12398,12438,17,12438
2020/09/11,202106,12350,12363,12300,12326,10,12345
2020/09/14,202009,12694,12797,12678,12785,127791,12784
2020/09/14,202010,12615,12727,12615,12718,34270,12715
2020/09/14,202011,12611,12699,12590,12688,146,12688
2020/09/14,202012,12575,12670,12566,12660,151,12660
2020/09/14,202103,12456,12565,12456,12565,84,12565
2020/09/14,202106,12410,12471,12377,12471,27,12471
2020/09/15,202009,12768,12855,12756,12840,108510,12843
2020/09/15,202010,12707,12801,12690,12779,44174,12782
2020/09/15,202011,12668,12767,12668,12748,224,12748
2020/09/15,202012,12643,12733,12636,12720,69,12720
2020/09/15,202103,12580,12621,12568,12621,20,12621
2020/09/15,202106,12462,12533,12462,12525,40,12525
2020/09/16,202009,12945,13018,12900,12968,67977,0
2020/09/16,202010,12886,12932,12862,12905,62201,12903
2020/09/16,202011,12846,12895,12830,12868,411,12868
2020/09/16,202012,12822,12854,12800,12830,148,12830
2020/09/16,202103,12719,12745,12701,12712,61,12712
2020/09/16,202106,12615,12630,12580,12604,44,12604
2020/09/17,202010,12855,12908,12772,12816,119751,12815
2020/09/17,202011,12816,12869,12736,12778,1211,12776
2020/09/17,202012,12780,12830,12700,12732,152,12732
2020/09/17,202103,12658,12710,12580,12610,81,12610
2020/09/17,202106,12550,12599,12470,12484,34,12512
2020/09/17,202109,12200,12256,12150,12153,34,12188
2020/09/18,202010,12839,12866,12773,12835,95760,12833
2020/09/18,202011,12804,12825,12735,12792,822,12792
2020/09/18,202012,12758,12782,12700,12741,125,12752
2020/09/18,202103,12645,12653,12575,12620,77,12620
2020/09/18,202106,12513,12539,12473,12506,8,12514
2020/09/18,202109,12163,12217,12163,12217,5,12182
2020/09/21,202010,12820,12877,12655,12659,140049,12659
2020/09/21,202011,12777,12834,12609,12615,1865,12615
2020/09/21,202012,12744,12790,12570,12575,268,12575
2020/09/21,202103,12598,12644,12452,12452,124,12442
2020/09/21,202106,12518,12518,12325,12330,42,12330
2020/09/21,202109,12170,12202,12020,12020,11,12010
2020/09/22,202010,12627,12655,12481,12507,130601,12509
2020/09/22,202011,12588,12605,12430,12460,1836,12459
2020/09/22,202012,12534,12550,12386,12415,173,12415
2020/09/22,202103,12440,12440,12264,12283,159,12283
2020/09/22,202106,12280,12280,12160,12163,25,12163
2020/09/22,202109,11995,11995,11850,11850,10,11850
2020/09/23,202010,12553,12563,12441,12528,117910,12528
2020/09/23,202011,12500,12510,12392,12480,964,12480
2020/09/23,202012,12461,12461,12350,12430,107,12430
2020/09/23,202103,12321,12321,12226,12300,78,12300
2020/09/23,202106,12196,12213,12100,12185,61,12185
2020/09/23,202109,11877,11877,11802,11835,8,11878
2020/09/24,202010,12407,12414,12166,12175,171038,12180
2020/09/24,202011,12362,12362,12120,12131,1978,12131
2020/09/24,202012,12314,12314,12078,12090,345,12091
2020/09/24,202103,12179,12179,11951,11977,122,11957
2020/09/24,202106,12000,12030,11850,11859,33,11843
2020/09/24,202109,11740,11740,11532,11535,25,11535
2020/09/25,202010,12265,12309,12114,12195,128504,12195
2020/09/25,202011,12215,12257,12064,12149,1606,12149
2020/09/25,202012,12172,12215,12030,12107,139,12107
2020/09/25,202103,12041,12089,11899,11983,308,11983
2020/09/25,202106,11939,11975,11800,11857,6,11870
2020/09/25,202109,11610,11621,11501,11563,12,11563
2020/09/28,202010,12292,12421,12246,12417,94633,12415
2020/09/28,202011,12244,12370,12200,12370,1216,12369
2020/09/28,202012,12152,12329,12152,12325,142,12325
2020/09/28,202103,12076,12203,12057,12203,55,12203
2020/09/28,202106,11953,12088,11943,12088,48,12088
2020/09/28,202109,11642,11779,11627,11779,22,11779
2020/09/29,202010,12478,12522,12395,12421,103096,12421
2020/09/29,202011,12426,12469,12349,12371,1062,12371
2020/09/29,202012,12379,12426,12310,12335,107,12335
2020/09/29,202103,12245,12259,12210,12210,69,12210
2020/09/29,202106,12146,12190,12088,12096,123,12096
2020/09/29,202109,11875,11875,11765,11800,31,11786
2020/09/30,202010,12456,12548,12444,12472,107766,12473
2020/09/30,202011,12408,12496,12395,12423,789,12423
2020/09/30,202012,12375,12450,12368,12381,91,12381
2020/09/30,202103,12254,12330,12250,12250,173,12256
2020/09/30,202106,12133,12208,12131,12151,62,12136
2020/09/30,202109,11832,11900,11832,11880,14,11831
2020/10/05,202010,12577,12620,12486,12529,93958,12529
2020/10/05,202011,12513,12568,12440,12484,757,12482
2020/10/05,202012,12471,12525,12399,12442,153,12442
2020/10/05,202103,12330,12400,12287,12317,140,12317
2020/10/05,202106,12254,12254,12181,12193,49,12193
2020/10/05,202109,11944,11965,11878,11882,10,11882
2020/10/06,202010,12618,12704,12614,12675,99739,12677
2020/10/06,202011,12574,12653,12567,12626,1515,12627
2020/10/06,202012,12518,12612,12518,12589,126,12589
2020/10/06,202103,12416,12488,12416,12467,121,12467
2020/10/06,202106,12300,12353,12291,12342,122,12342
2020/10/06,202109,12000,12035,12000,12035,21,12035
2020/10/07,202010,12620,12758,12606,12755,89405,12754
2020/10/07,202011,12574,12706,12560,12705,1793,12705
2020/10/07,202012,12543,12664,12519,12664,133,12664
2020/10/07,202103,12399,12528,12399,12524,229,12540
2020/10/07,202106,12303,12413,12296,12413,102,12413
2020/10/07,202109,12000,12100,12000,12090,9,12105
2020/10/08,202010,12831,12876,12772,12873,99102,12873
2020/10/08,202011,12783,12823,12723,12821,1880,12821
2020/10/08,202012,12730,12775,12685,12775,211,12775
2020/10/08,202103,12612,12654,12570,12654,222,12654
2020/10/08,202106,12483,12520,12454,12520,38,12520
2020/10/08,202109,12137,12213,12137,12213,22,12213
2020/10/12,202010,12935,12995,12878,12920,106219,12921
2020/10/12,202011,12866,12935,12821,12863,2148,12863
2020/10/12,202012,12821,12891,12780,12822,226,12822
2020/10/12,202103,12691,12769,12658,12702,99,12702
2020/10/12,202106,12591,12633,12548,12569,25,12569
2020/10/12,202109,12276,12315,12276,12277,10,12259
2020/10/13,202010,12950,12952,12816,12919,99008,12915
2020/10/13,202011,12900,12900,12756,12853,2344,12850
2020/10/13,202012,12859,12859,12717,12807,156,12807
2020/10/13,202103,12740,12740,12596,12683,73,12683
2020/10/13,202106,12579,12584,12458,12547,26,12547
2020/10/13,202109,12266,12266,12166,12210,12,12246
2020/10/14,202010,12940,12956,12871,12888,82548,12890
2020/10/14,202011,12871,12890,12800,12817,3290,12818
2020/10/14,202012,12842,12842,12758,12768,168,12768
2020/10/14,202103,12674,12718,12639,12645,121,12645
2020/10/14,202106,12552,12561,12488,12495,84,12505
2020/10/14,202109,12323,12323,12199,12199,18,12199
2020/10/15,202010,12838,12892,12727,12840,130422,12840
2020/10/15,202011,12765,12816,12655,12764,5553,12766
2020/10/15,202012,12720,12768,12609,12715,206,12715
2020/10/15,202103,12593,12630,12480,12580,90,12580
2020/10/15,202106,12446,12490,12343,12437,24,12451
2020/10/15,202109,12175,12175,12035,12137,17,12137
2020/10/16,202010,12818,12865,12718,12745,116952,12748
2020/10/16,202011,12747,12790,12647,12672,12225,12675
2020/10/16,202012,12689,12740,12600,12625,268,12625
2020/10/16,202103,12561,12611,12480,12496,340,12496
2020/10/16,202106,12425,12468,12335,12350,54,12360
2020/10/16,202109,12110,12155,12039,12039,10,12051
2020/10/19,202010,12783,12912,12782,12896,127215,12893
2020/10/19,202011,12698,12842,12698,12833,39777,12831
2020/10/19,202012,12661,12786,12661,12779,306,12778
2020/10/19,202103,12532,12655,12532,12645,407,12645
2020/10/19,202106,12396,12519,12396,12506,61,12506
2020/10/19,202109,12101,12213,12101,12210,14,12210
2020/10/20,202010,12892,12905,12844,12856,100271,12855
2020/10/20,202011,12813,12841,12776,12778,44546,12779
2020/10/20,202012,12759,12785,12724,12725,270,12725
2020/10/20,202103,12616,12650,12588,12588,193,12588
2020/10/20,202106,12498,12498,12451,12460,18,12460
2020/10/20,202109,12176,12210,12150,12150,6,12150
2020/10/21,202010,12906,12946,12851,12860,58692,0
2020/10/21,202011,12820,12860,12795,12806,52203,12808
2020/10/21,202012,12769,12801,12738,12745,363,12745
2020/10/21,202103,12660,12660,12595,12600,501,12600
2020/10/21,202106,12497,12510,12458,12477,24,12459
2020/10/21,202109,12208,12208,12140,12140,5,12140
2020/10/22,202011,12729,12839,12707,12837,100864,12836
2020/10/22,202012,12687,12778,12651,12778,1461,12777
2020/10/22,202101,12597,12703,12597,12703,33,12703
2020/10/22,202103,12512,12622,12505,12622,327,12622
2020/10/22,202106,12388,12475,12375,12475,19,12475
2020/10/22,202109,12100,12154,12058,12140,15,12140
2020/10/23,202011,12865,12883,12795,12839,78710,12838
2020/10/23,202012,12802,12819,12735,12776,995,12776
2020/10/23,202101,12741,12743,12670,12714,38,12714
2020/10/23,202103,12642,12649,12584,12618,170,12618
2020/10/23,202106,12461,12482,12461,12482,2,12471
2020/10/23,202109,12147,12161,12118,12140,7,12140
2020/10/26,202011,12848,12935,12820,12858,90884,12860
2020/10/26,202012,12790,12868,12759,12796,915,12794
2020/10/26,202101,12732,12801,12690,12730,105,12722
2020/10/26,202103,12642,12708,12599,12625,316,12625
2020/10/26,202106,12499,12550,12450,12472,43,12472
2020/10/26,202109,12210,12225,12163,12163,12,12148
2020/10/27,202011,12826,12833,12765,12807,82240,12808
2020/10/27,202012,12755,12768,12702,12742,960,12743
2020/10/27,202101,12685,12696,12630,12669,50,12669
2020/10/27,202103,12600,12600,12535,12583,285,12574
2020/10/27,202106,12423,12423,12380,12420,37,12420
2020/10/27,202109,12114,12114,12063,12098,12,12089
2020/10/28,202011,12780,12809,12713,12739,88057,12743
2020/10/28,202012,12708,12743,12652,12679,1159,12679
2020/10/28,202101,12650,12650,12581,12607,135,12608
2020/10/28,202103,12554,12554,12483,12495,281,12509
2020/10/28,202106,12387,12408,12321,12351,31,12351
2020/10/28,202109,12060,12060,12000,12016,12,12016
2020/10/29,202011,12598,12640,12504,12602,119037,12603
2020/10/29,202012,12533,12577,12445,12540,1483,12540
2020/10/29,202101,12458,12500,12384,12469,236,12469
2020/10/29,202103,12352,12390,12289,12381,224,12371
2020/10/29,202106,12196,12241,12128,12218,45,12211
2020/10/29,202109,11872,11894,11800,11894,17,11894
2020/10/30,202011,12545,12563,12407,12414,121830,12413
2020/10/30,202012,12474,12500,12347,12352,1427,12349
2020/10/30,202101,12400,12428,12277,12277,174,12277
2020/10/30,202103,12305,12319,12182,12182,333,12182
2020/10/30,202106,12140,12168,12015,12015,41,12015
2020/10/30,202109,11810,11836,11700,11700,35,11700
2020/11/02,202011,12474,12531,12402,12515,97211,12516
2020/11/02,202012,12419,12465,12340,12453,1093,12450
2020/11/02,202101,12354,12383,12274,12383,91,12383
2020/11/02,202103,12266,12276,12181,12270,169,12270
2020/11/02,202106,12096,12123,12013,12123,45,12112
2020/11/02,202109,11772,11795,11690,11789,40,11789
2020/11/03,202011,12611,12715,12602,12685,90467,12684
2020/11/03,202012,12534,12646,12534,12618,1267,12618
2020/11/03,202101,12481,12567,12470,12545,123,12545
2020/11/03,202103,12364,12454,12363,12443,51,12443
2020/11/03,202106,12215,12300,12207,12279,43,12279
2020/11/03,202109,11893,11947,11893,11947,6,11936
2020/11/04,202011,12770,12879,12662,12865,149906,12864
2020/11/04,202012,12711,12813,12600,12798,1934,12799
2020/11/04,202101,12632,12735,12530,12727,109,12727
2020/11/04,202103,12527,12630,12430,12622,74,12622
2020/11/04,202106,12363,12450,12280,12450,20,12450
2020/11/04,202109,12000,12120,11920,12120,21,12120
2020/11/05,202011,12924,12928,12821,12890,90854,12891
2020/11/05,202012,12853,12858,12759,12825,1581,12825
2020/11/05,202101,12778,12778,12690,12756,126,12756
2020/11/05,202103,12675,12675,12578,12648,49,12648
2020/11/05,202106,12488,12488,12415,12460,43,12475
2020/11/05,202109,12160,12160,12094,12110,5,12134
2020/11/06,202011,12942,12991,12896,12936,100789,12937
2020/11/06,202012,12875,12918,12830,12868,1396,12870
2020/11/06,202101,12800,12840,12760,12780,124,12790
2020/11/06,202103,12688,12733,12667,12680,53,12681
2020/11/06,202106,12512,12558,12495,12508,70,12508
2020/11/06,202109,12198,12200,12151,12156,9,12156
2020/11/09,202011,13090,13175,13046,13121,117098,13126
2020/11/09,202012,13006,13100,12975,13050,2608,13054
2020/11/09,202101,12931,13021,12897,12984,160,12972
2020/11/09,202103,12783,12910,12783,12852,63,12860
2020/11/09,202106,12643,12730,12609,12686,379,12686
2020/11/09,202109,12310,12350,12281,12335,19,12335
2020/11/10,202011,13130,13154,13010,13071,110282,13071
2020/11/10,202012,13060,13083,12940,13004,2547,13000
2020/11/10,202101,13000,13000,12870,12928,99,12928
2020/11/10,202103,12855,12890,12760,12803,59,12815
2020/11/10,202106,12684,12702,12605,12625,20,12639
2020/11/10,202109,12350,12353,12250,12250,9,12284
2020/11/11,202011,13101,13281,13077,13263,109089,13261
2020/11/11,202012,13022,13216,13008,13199,4458,13198
2020/11/11,202101,12943,13132,12942,13116,727,13116
2020/11/11,202103,12846,13012,12823,13012,130,12998
2020/11/11,202106,12700,12833,12683,12828,36,12828
2020/11/11,202109,12349,12482,12349,12473,27,12473
2020/11/12,202011,13266,13305,13193,13230,93512,13226
2020/11/12,202012,13209,13252,13147,13180,6169,13180
2020/11/12,202101,13122,13175,13080,13115,283,13115
2020/11/12,202103,13014,13030,12974,12999,102,12999
2020/11/12,202106,12855,12859,12800,12825,35,12825
2020/11/12,202109,12520,12520,12442,12442,11,12475
2020/11/13,202011,13227,13285,13163,13284,90650,13282
2020/11/13,202012,13193,13241,13122,13241,10523,13237
2020/11/13,202101,13113,13174,13060,13174,220,13174
2020/11/13,202103,13006,13060,12949,13060,76,13060
2020/11/13,202106,12829,12886,12780,12878,42,12894
2020/11/13,202109,12460,12533,12435,12533,22,12546
2020/11/16,202011,13407,13582,13406,13581,132561,13579
2020/11/16,202012,13350,13516,13350,13510,42953,13512
2020/11/16,202101,13274,13450,13274,13450,385,13449
2020/11/16,202103,13178,13325,13178,13323,262,13323
2020/11/16,202106,12998,13161,12998,13160,75,13160
2020/11/16,202109,12630,12823,12630,12823,37,12823
2020/11/17,202011,13656,13737,13603,13625,130507,13624
2020/11/17,202012,13600,13676,13561,13581,48655,13585
2020/11/17,202101,13531,13609,13495,13520,385,13523
2020/11/17,202103,13450,13473,13388,13396,80,13396
2020/11/17,202106,13254,13300,13224,13238,53,13238
2020/11/17,202109,12968,12968,12870,12925,23,12925
2020/11/18,202011,13632,13788,13621,13756,68642,0
2020/11/18,202012,13600,13739,13587,13717,66499,13717
2020/11/18,202101,13528,13671,13526,13651,510,13652
2020/11/18,202103,13432,13556,13432,13535,61,13535
2020/11/18,202106,13260,13376,13250,13368,44,13368
2020/11/18,202109,12932,13039,12929,13039,31,13028
2020/11/19,202012,13732,13750,13662,13740,95715,13742
2020/11/19,202101,13666,13680,13593,13670,1446,13672
2020/11/19,202102,13611,13630,13555,13630,52,13627
2020/11/19,202103,13551,13559,13480,13558,37,13558
2020/11/19,202106,13363,13373,13314,13373,16,13387
2020/11/19,202109,13034,13055,12980,13055,6,13055
2020/11/20,202012,13724,13737,13640,13736,85986,13733
2020/11/20,202101,13638,13667,13574,13665,726,13665
2020/11/20,202102,13585,13614,13528,13614,82,13614
2020/11/20,202103,13518,13534,13466,13530,169,13553
2020/11/20,202106,13333,13363,13300,13360,18,13384
2020/11/20,202109,13008,13018,12965,13018,8,13043
2020/11/23,202012,13790,13943,13788,13875,115103,13873
2020/11/23,202101,13712,13870,13712,13801,1317,13803
2020/11/23,202102,13659,13820,13659,13764,114,13754
2020/11/23,202103,13629,13726,13610,13679,49,13687
2020/11/23,202106,13475,13567,13460,13522,38,13522
2020/11/23,202109,13115,13220,13100,13186,27,13186
2020/11/24,202012,13921,13928,13777,13804,89096,13799
2020/11/24,202101,13844,13857,13708,13735,1928,13731
2020/11/24,202102,13789,13789,13661,13661,89,13687
2020/11/24,202103,13740,13740,13596,13600,139,13618
2020/11/24,202106,13493,13530,13432,13432,28,13457
2020/11/24,202109,13211,13221,13093,13105,42,13120
2020/11/25,202012,13886,13909,13692,13709,123391,13712
2020/11/25,202101,13820,13837,13611,13628,2830,13630
2020/11/25,202102,13759,13788,13563,13582,169,13582
2020/11/25,202103,13705,13712,13498,13515,80,13505
2020/11/25,202106,13545,13552,13340,13347,52,13347
2020/11/25,202109,13200,13207,12998,12998,58,13005
2020/11/26,202012,13788,13862,13741,13841,97189,13839
2020/11/26,202101,13707,13775,13660,13752,1489,13752
2020/11/26,202102,13656,13712,13608,13695,82,13695
2020/11/26,202103,13578,13644,13546,13609,211,13609
2020/11/26,202106,13416,13460,13396,13460,39,13460
2020/11/26,202109,13079,13105,13069,13103,40,13103
2020/11/27,202012,13781,13890,13763,13878,94853,13878
2020/11/27,202101,13692,13800,13679,13790,1788,13788
2020/11/27,202102,13636,13734,13628,13720,92,13720
2020/11/27,202103,13572,13659,13550,13650,45,13650
2020/11/27,202106,13410,13478,13389,13478,21,13478
2020/11/27,202109,13041,13127,13041,13101,15,13114
2020/11/30,202012,13883,13975,13704,13722,134279,13720
2020/11/30,202101,13790,13885,13625,13635,2119,13635
2020/11/30,202102,13726,13820,13575,13575,157,13575
2020/11/30,202103,13701,13743,13492,13500,68,13500
2020/11/30,202106,13526,13575,13330,13333,26,13333
2020/11/30,202109,13124,13200,12985,12985,22,12968
2020/12/01,202012,13818,13885,13751,13877,91672,13875
2020/12/01,202101,13724,13803,13670,13796,1454,13796
2020/12/01,202102,13618,13721,13611,13721,69,13736
2020/12/01,202103,13594,13665,13555,13665,48,13665
2020/12/01,202106,13430,13500,13380,13500,23,13500
2020/12/01,202109,13053,13134,13000,13131,20,13131
2020/12/02,202012,13932,13980,13855,13956,110308,13955
2020/12/02,202101,13839,13900,13780,13873,2295,13873
2020/12/02,202102,13785,13835,13722,13818,109,13818
2020/12/02,202103,13706,13768,13650,13760,50,13744
2020/12/02,202106,13545,13598,13498,13577,20,13577
2020/12/02,202109,13159,13221,13133,13192,29,13202
2020/12/03,202012,13971,14047,13903,13986,125877,13982
2020/12/03,202101,13884,13961,13823,13900,2820,13897
2020/12/03,202102,13811,13893,13768,13838,93,13838
2020/12/03,202103,13744,13817,13700,13729,62,13765
2020/12/03,202106,13563,13625,13525,13598,28,13598
2020/12/03,202109,13204,13266,13195,13266,8,13219
2020/12/04,202012,14022,14149,14012,14138,110715,14133
2020/12/04,202101,13923,14048,13916,14038,4738,14036
2020/12/04,202102,13870,13979,13849,13971,221,13971
2020/12/04,202103,13793,13900,13788,13898,134,13898
2020/12/04,202106,13608,13728,13608,13718,30,13718
2020/12/04,202109,13250,13348,13250,13347,33,13347
2020/12/07,202012,14181,14247,14087,14225,125628,14220
2020/12/07,202101,14080,14149,13995,14121,3159,14119
2020/12/07,202102,14022,14080,13938,14055,187,14055
2020/12/07,202103,13955,14005,13856,13972,203,13972
2020/12/07,202106,13784,13816,13680,13785,62,13799
2020/12/07,202109,13426,13460,13310,13409,52,13427
2020/12/08,202012,14206,14350,14156,14342,111313,14340
2020/12/08,202101,14102,14235,14052,14226,3947,14225
2020/12/08,202102,14044,14163,13990,14163,180,14163
2020/12/08,202103,13950,14086,13910,14081,154,14081
2020/12/08,202106,13765,13901,13737,13899,54,13899
2020/12/08,202109,13382,13520,13382,13519,49,13519
2020/12/09,202012,14372,14425,14331,14397,96545,14397
2020/12/09,202101,14263,14308,14218,14285,3181,14283
2020/12/09,202102,14176,14240,14153,14214,260,14214
2020/12/09,202103,14115,14161,14077,14150,175,14136
2020/12/09,202106,13920,13975,13894,13975,37,13955
2020/12/09,202109,13528,13598,13528,13588,19,13574
2020/12/10,202012,14261,14314,14178,14241,126413,14237
2020/12/10,202101,14142,14194,14071,14130,4861,14130
2020/12/10,202102,14061,14131,14014,14071,230,14071
2020/12/10,202103,14004,14055,13944,13996,320,13996
2020/12/10,202106,13830,13860,13800,13840,23,13818
2020/12/10,202109,13422,13487,13422,13444,13,13444
2020/12/11,202012,14290,14340,14091,14236,159011,14237
2020/12/11,202101,14172,14226,13983,14115,11650,14116
2020/12/11,202102,14115,14162,13924,14054,184,14054
2020/12/11,202103,14046,14090,13859,13980,200,13980
2020/12/11,202106,13880,13910,13677,13804,47,13804
2020/12/11,202109,13520,13520,13341,13410,35,13410
2020/12/14,202012,14264,14285,14197,14200,120593,14201
2020/12/14,202101,14134,14161,14068,14076,30797,14074
2020/12/14,202102,14068,14089,14007,14007,175,14007
2020/12/14,202103,14000,14020,13935,13935,504,13935
2020/12/14,202106,13763,13820,13763,13778,23,13755
2020/12/14,202109,13450,13450,13402,13402,9,13384
2020/12/15,202012,14162,14232,14030,14085,158662,14084
2020/12/15,202101,14045,14099,13929,13977,45649,13979
2020/12/15,202102,13972,14025,13860,13907,313,13912
2020/12/15,202103,13886,13958,13787,13837,352,13837
2020/12/15,202106,13739,13773,13620,13620,37,13649
2020/12/15,202109,13324,13396,13236,13284,21,13284
2020/12/16,202012,14198,14328,14186,14323,71732,0
2020/12/16,202101,14086,14207,14072,14192,51571,14189
2020/12/16,202102,14000,14130,14000,14117,395,14114
2020/12/16,202103,13930,14050,13930,14038,134,14038
2020/12/16,202106,13758,13863,13750,13855,43,13855
2020/12/16,202109,13412,13478,13412,13478,46,13478
2020/12/17,202101,14220,14225,14085,14186,116139,14186
2020/12/17,202102,14147,14153,14021,14119,1421,14117
2020/12/17,202103,14069,14069,13946,14042,118,14042
2020/12/17,202106,13880,13888,13783,13851,32,13859
2020/12/17,202109,13512,13512,13410,13478,34,13478
2020/12/17,202112,13598,13598,13274,13352,45,13352
2020/12/18,202101,14190,14222,14128,14137,89422,14136
2020/12/18,202102,14123,14150,14063,14070,596,14070
2020/12/18,202103,14038,14068,13987,13992,88,13992
2020/12/18,202106,13848,13882,13811,13811,20,13811
2020/12/18,202109,13472,13505,13429,13429,45,13429
2020/12/18,202112,13333,13367,13290,13290,37,13290
2020/12/21,202101,14155,14313,14021,14312,135177,14309
2020/12/21,202102,14073,14238,13953,14238,1895,14236
2020/12/21,202103,14011,14160,13882,14160,487,14160
2020/12/21,202106,13783,13975,13700,13975,53,13975
2020/12/21,202109,13455,13591,13343,13591,46,13591
2020/12/21,202112,13338,13441,13184,13441,36,13441
2020/12/22,202101,14253,14334,14042,14046,136896,14046
2020/12/22,202102,14188,14257,13975,13979,1723,13977
2020/12/22,202103,14130,14178,13900,13900,1363,13900
2020/12/22,202106,13916,13994,13725,13725,50,13725
2020/12/22,202109,13526,13613,13364,13364,45,13347
2020/12/22,202112,13368,13463,13196,13196,24,13196
2020/12/23,202101,14104,14181,14031,14113,115346,14114
2020/12/23,202102,14034,14111,13966,14043,1234,14045
2020/12/23,202103,13954,14030,13898,13968,148,13968
2020/12/23,202106,13750,13848,13730,13820,35,13786
2020/12/23,202109,13384,13468,13355,13422,49,13405
2020/12/23,202112,13221,13299,13203,13299,20,13256
2020/12/24,202101,14185,14287,14179,14242,106221,14242
2020/12/24,202102,14101,14217,14101,14170,1615,14170
2020/12/24,202103,14070,14132,14046,14094,152,14094
2020/12/24,202106,13857,13953,13857,13909,50,13909
2020/12/24,202109,13492,13562,13475,13532,54,13532
2020/12/24,202112,13396,13401,13361,13389,21,13389
2020/12/25,202101,14328,14383,14245,14305,88875,14304
2020/12/25,202102,14254,14307,14178,14232,1648,14233
2020/12/25,202103,14172,14230,14115,14158,142,14158
2020/12/25,202106,13990,14041,13945,13960,26,13977
2020/12/25,202109,13608,13662,13541,13595,93,13595
2020/12/25,202112,13480,13512,13436,13438,15,13450
2020/12/28,202101,14329,14444,14320,14437,82692,14436
2020/12/28,202102,14247,14376,14247,14369,2109,14368
2020/12/28,202103,14177,14298,14177,14293,159,14292
2020/12/28,202106,14020,14116,14020,14110,64,14110
2020/12/28,202109,13619,13731,13619,13723,86,13723
2020/12/28,202112,13476,13596,13476,13588,25,13588
2020/12/29,202101,14465,14466,14376,14459,80587,14458
2020/12/29,202102,14387,14393,14314,14390,2302,14390
2020/12/29,202103,14295,14317,14239,14316,254,14316
2020/12/29,202106,14128,14135,14073,14135,51,14135
2020/12/29,202109,13734,13741,13669,13721,84,13747
2020/12/29,202112,13608,13608,13540,13598,55,13611
2020/12/30,202101,14451,14643,14440,14638,97857,14636
2020/12/30,202102,14382,14573,14375,14570,1494,14568
2020/12/30,202103,14299,14496,14299,14493,158,14493
2020/12/30,202106,14123,14314,14123,14314,28,14314
2020/12/30,202109,13742,13925,13733,13920,55,13920
2020/12/30,202112,13621,13783,13621,13783,31,13783
2020/12/31,202101,14678,14712,14604,14678,96684,14678
2020/12/31,202102,14600,14645,14538,14607,2001,14608
2020/12/31,202103,14550,14567,14465,14534,360,14534
2020/12/31,202106,14373,14382,14291,14360,31,14360
2020/12/31,202109,13972,13990,13893,13965,48,13965
2020/12/31,202112,13800,13808,13770,13808,7,13833
2021/01/04,202101,14640,14925,14635,14874,137069,14873
2021/01/04,202102,14581,14852,14569,14800,2313,14802
2021/01/04,202103,14493,14777,14493,14725,298,14725
2021/01/04,202106,14393,14594,14340,14550,53,14550
2021/01/04,202109,13935,14196,13935,14142,134,14153
2021/01/04,202112,13833,14060,13807,14028,47,14028
2021/01/05,202101,14874,14980,14836,14977,110886,14976
2021/01/05,202102,14796,14904,14761,14902,1954,14902
2021/01/05,202103,14729,14827,14690,14827,210,14827
2021/01/05,202106,14555,14645,14525,14645,67,14645
2021/01/05,202109,14160,14250,14133,14250,38,14250
2021/01/05,202112,14020,14116,14003,14112,34,14112
2021/01/06,202101,15048,15140,14764,14911,233806,14911
2021/01/06,202102,14968,15062,14692,14832,3753,14831
2021/01/06,202103,14884,14982,14614,14756,1138,14758
2021/01/06,202106,14723,14800,14444,14589,169,14573
2021/01/06,202109,14325,14396,14039,14198,93,14176
2021/01/06,202112,14178,14260,14000,14070,75,14038
2021/01/07,202101,15050,15260,15024,15230,151918,15226
2021/01/07,202102,14978,15181,14946,15149,3891,15147
2021/01/07,202103,14881,15096,14867,15060,608,15068
2021/01/07,202106,14720,14906,14693,14880,59,14888
2021/01/07,202109,14320,14505,14290,14490,66,14490
2021/01/07,202112,14207,14370,14189,14343,50,14350
2021/01/08,202101,15376,15473,15264,15454,158703,15451
2021/01/08,202102,15295,15403,15197,15387,3257,15384
2021/01/08,202103,15217,15320,15120,15305,524,15305
2021/01/08,202106,15055,15122,14939,15118,232,15118
2021/01/08,202109,14640,14720,14540,14716,234,14716
2021/01/08,202112,14521,14587,14420,14585,60,14585
2021/01/11,202101,15420,15538,15369,15534,139479,15531
2021/01/11,202102,15353,15466,15302,15464,2773,15459
2021/01/11,202103,15290,15381,15229,15380,463,15380
2021/01/11,202106,15128,15196,15060,15196,499,15196
2021/01/11,202109,14650,14791,14642,14791,71,14791
2021/01/11,202112,14586,14652,14526,14652,27,14652
2021/01/12,202101,15517,15605,15407,15493,175838,15489
2021/01/12,202102,15443,15532,15341,15423,4266,15422
2021/01/12,202103,15371,15448,15257,15340,416,15340
2021/01/12,202106,15193,15235,15072,15150,212,15150
2021/01/12,202109,14808,14859,14680,14749,46,14749
2021/01/12,202112,14660,14660,14560,14610,26,14610
2021/01/13,202101,15557,15790,15555,15764,154811,15759
2021/01/13,202102,15488,15716,15485,15690,3326,15687
2021/01/13,202103,15387,15628,15387,15598,450,15598
2021/01/13,202106,15215,15429,15215,15403,367,15403
2021/01/13,202109,14820,15013,14820,15000,81,15000
2021/01/13,202112,14694,14864,14693,14860,78,14860
2021/01/14,202101,15705,15766,15632,15729,121305,15727
2021/01/14,202102,15623,15695,15566,15658,4307,15659
2021/01/14,202103,15550,15608,15482,15582,348,15582
2021/01/14,202106,15336,15416,15290,15382,55,15382
2021/01/14,202109,14935,15011,14893,14973,56,14983
2021/01/14,202112,14796,14855,14760,14841,18,14841
2021/01/15,202101,15950,16002,15584,15634,231505,15632
2021/01/15,202102,15875,15931,15520,15574,9166,15569
2021/01/15,202103,15782,15847,15445,15489,674,15489
2021/01/15,202106,15631,15631,15260,15300,143,15300
2021/01/15,202109,15211,15242,14850,14863,187,14896
2021/01/15,202112,15084,15084,14750,14776,41,14760
2021/01/18,202101,15637,15679,15327,15606,200935,15608
2021/01/18,202102,15595,15619,15270,15559,35167,15561
2021/01/18,202103,15520,15528,15215,15478,681,15478
2021/01/18,202106,15319,15334,15032,15292,146,15292
2021/01/18,202109,14919,14929,14669,14870,60,14890
2021/01/18,202112,14765,14793,14481,14705,46,14748
2021/01/19,202101,15714,15946,15710,15888,173474,15888
2021/01/19,202102,15651,15896,15651,15847,47216,15845
2021/01/19,202103,15580,15809,15580,15768,536,15768
2021/01/19,202106,15420,15615,15417,15571,127,15571
2021/01/19,202109,15007,15208,15004,15178,104,15178
2021/01/19,202112,14857,15077,14857,15045,103,15045
2021/01/20,202101,15899,15964,15735,15766,119559,0
2021/01/20,202102,15845,15899,15678,15736,93143,15733
2021/01/20,202103,15769,15820,15605,15659,1222,15656
2021/01/20,202106,15597,15627,15417,15464,95,15464
2021/01/20,202109,15196,15234,15011,15062,277,15062
2021/01/20,202112,15064,15067,14900,14931,46,14931
2021/01/21,202102,15803,16183,15769,16129,231416,16125
2021/01/21,202103,15730,16100,15697,16048,2591,16047
2021/01/21,202104,15656,16009,15633,15986,281,15986
2021/01/21,202106,15526,15890,15508,15846,170,15858
2021/01/21,202109,15117,15473,15110,15439,216,15439
2021/01/21,202112,14983,15325,14970,15301,97,15301
2021/01/22,202102,16051,16085,15928,15984,161218,15977
2021/01/22,202103,15990,16005,15858,15910,1659,15905
2021/01/22,202104,15900,15939,15825,15855,80,15850
2021/01/22,202106,15740,15795,15698,15724,60,15722
2021/01/22,202109,15393,15394,15268,15314,92,15314
2021/01/22,202112,15175,15256,15150,15178,21,15178
2021/01/25,202102,15956,16004,15719,15912,168191,15911
2021/01/25,202103,15880,15930,15655,15841,1996,15841
2021/01/25,202104,15845,15880,15629,15793,134,15793
2021/01/25,202106,15756,15756,15518,15674,102,15674
2021/01/25,202109,15293,15330,15100,15269,102,15269
2021/01/25,202112,15160,15200,14974,15140,41,15140
2021/01/26,202102,15865,15974,15537,15626,230474,15628
2021/01/26,202103,15802,15902,15463,15552,3826,15553
2021/01/26,202104,15769,15855,15429,15495,216,15504
2021/01/26,202106,15645,15722,15310,15388,152,15388
2021/01/26,202109,15261,15270,14905,14981,118,14981
2021/01/26,202112,15141,15198,14804,14864,74,14856
2021/01/27,202102,15725,15814,15585,15660,184037,15657
2021/01/27,202103,15650,15735,15514,15580,2699,15583
2021/01/27,202104,15580,15683,15463,15557,191,15532
2021/01/27,202106,15500,15558,15348,15410,136,15410
2021/01/27,202109,15101,15135,14947,15004,84,15004
2021/01/27,202112,14988,14999,14855,14877,8,14877
2021/01/28,202102,15411,15524,15305,15383,202151,15382
2021/01/28,202103,15320,15447,15235,15308,2316,15311
2021/01/28,202104,15252,15390,15179,15264,257,15257
2021/01/28,202106,15214,15270,15080,15163,126,15142
2021/01/28,202109,14728,14859,14650,14727,134,14727
2021/01/28,202112,14700,14700,14597,14597,60,14597
2021/01/29,202102,15498,15539,15063,15075,206011,15070
2021/01/29,202103,15432,15466,14992,14998,3984,14998
2021/01/29,202104,15372,15410,14946,14946,135,14946
2021/01/29,202106,15266,15282,14840,14842,293,14834
2021/01/29,202109,14843,14851,14430,14434,139,14413
2021/01/29,202112,14797,14797,14291,14298,38,14283
2021/02/01,202102,15156,15398,15090,15360,164870,15362
2021/02/01,202103,15003,15325,15003,15291,3622,15291
2021/02/01,202104,15056,15255,14970,15235,254,15235
2021/02/01,202106,14949,15153,14860,15152,50,15122
2021/02/01,202109,14529,14730,14449,14712,25,14700
2021/02/01,202112,14397,14583,14308,14582,39,14582
2021/02/02,202102,15469,15820,15459,15755,177487,15752
2021/02/02,202103,15400,15748,15393,15683,6401,15682
2021/02/02,202104,15353,15689,15343,15627,666,15627
2021/02/02,202106,15235,15564,15230,15509,136,15509
2021/02/02,202109,14805,15142,14805,15082,72,15082
2021/02/02,202112,14714,14999,14714,14942,57,14942
2021/02/03,202102,15864,15875,15716,15772,145093,15773
2021/02/03,202103,15798,15802,15646,15696,7244,15695
2021/02/03,202104,15741,15741,15585,15644,635,15636
2021/02/03,202106,15616,15616,15486,15522,144,15522
2021/02/03,202109,15140,15155,15070,15070,27,15102
2021/02/03,202112,15048,15048,14933,14978,43,14967
2021/02/04,202102,15721,15777,15542,15701,179004,15696
2021/02/04,202103,15660,15689,15465,15611,25801,15603
2021/02/04,202104,15566,15625,15420,15547,290,15544
2021/02/04,202106,15395,15496,15335,15427,90,15427
2021/02/04,202109,15033,15089,14889,15010,105,15024
2021/02/04,202112,14798,14933,14787,14858,44,14877
2021/02/05,202102,15809,15984,15751,15804,178540,15802
2021/02/05,202103,15731,15897,15668,15716,31058,15713
2021/02/05,202104,15668,15826,15609,15654,348,15651
2021/02/05,202106,15536,15700,15492,15529,86,15529
2021/02/05,202109,15120,15288,15077,15146,37,15119
2021/02/05,202112,14945,15124,14938,14960,18,14960
2021/02/17,202102,16261,16433,16179,16326,100608,0
2021/02/17,202103,16128,16353,16100,16339,67559,16330
2021/02/17,202104,16109,16282,16046,16267,828,16265
2021/02/17,202106,15946,16158,15938,16143,162,16143
2021/02/17,202109,15510,15730,15510,15642,63,15725
2021/02/17,202112,15335,15557,15335,15557,68,15557
2021/02/18,202103,16374,16525,16287,16380,152979,16380
2021/02/18,202104,16301,16460,16230,16322,1746,16322
2021/02/18,202105,16246,16402,16203,16263,38,16263
2021/02/18,202106,16182,16335,16115,16215,72,16201
2021/02/18,202109,15763,15872,15694,15791,26,15778
2021/02/18,202112,15577,15730,15532,15631,74,15617
2021/02/19,202103,16301,16328,16130,16314,152680,16309
2021/02/19,202104,16238,16261,16075,16248,1176,16248
2021/02/19,202105,16178,16206,16020,16191,186,16191
2021/02/19,202106,16141,16141,15961,16125,100,16125
2021/02/19,202109,15682,15708,15550,15692,65,15707
2021/02/19,202112,15528,15553,15438,15531,59,15547
2021/02/22,202103,16480,16564,16336,16385,151539,16382
2021/02/22,202104,16409,16499,16275,16320,1599,16319
2021/02/22,202105,16348,16425,16230,16267,168,16267
2021/02/22,202106,16241,16362,16167,16190,55,16199
2021/02/22,202109,15890,15938,15744,15773,39,15773
2021/02/22,202112,15699,15772,15568,15619,55,15619
2021/02/23,202103,16223,16451,16182,16437,136807,16434
2021/02/23,202104,16169,16381,16120,16369,1723,16367
2021/02/23,202105,16101,16320,16063,16299,146,16310
2021/02/23,202106,16059,16260,16000,16247,106,16247
2021/02/23,202109,15623,15827,15574,15813,33,15813
2021/02/23,202112,15462,15670,15456,15646,15,15656
2021/02/24,202103,16300,16435,16133,16182,180413,16181
2021/02/24,202104,16242,16360,16064,16103,3187,16108
2021/02/24,202105,16184,16290,16023,16029,110,16046
2021/02/24,202106,16111,16215,15940,15980,66,15980
2021/02/24,202109,15735,15735,15525,15539,55,15553
2021/02/24,202112,15520,15621,15358,15376,74,15376
2021/02/25,202103,16388,16422,16243,16388,135256,16387
2021/02/25,202104,16287,16337,16165,16307,2746,16307
2021/02/25,202105,16232,16255,16099,16240,207,16240
2021/02/25,202106,16182,16200,16040,16170,85,16170
2021/02/25,202109,15735,15741,15605,15723,37,15723
2021/02/25,202112,15526,15550,15439,15536,14,15536
2021/02/26,202103,16037,16118,15852,15935,197795,15931
2021/02/26,202104,15973,16040,15788,15856,2042,15856
2021/02/26,202105,15908,15972,15746,15774,152,15790
2021/02/26,202106,15841,15900,15650,15721,106,15721
2021/02/26,202109,15400,15400,15222,15279,45,15279
2021/02/26,202112,15180,15257,15049,15085,77,15085
2021/03/02,202103,16249,16277,15868,15907,146577,15904
2021/03/02,202104,16161,16200,15800,15837,1887,15835
2021/03/02,202105,16092,16117,15741,15754,90,15769
2021/03/02,202106,16026,16051,15716,15716,57,15700
2021/03/02,202109,15550,15616,15235,15258,31,15258
2021/03/02,202112,15388,15396,15041,15041,32,15056
2021/03/03,202103,16000,16196,15885,16181,153225,16179
2021/03/03,202104,15940,16124,15815,16114,2419,16109
2021/03/03,202105,15883,16050,15764,16030,79,16040
2021/03/03,202106,15812,15976,15690,15963,35,15963
2021/03/03,202109,15370,15516,15260,15516,11,15527
2021/03/03,202112,15171,15334,15070,15322,37,15322
2021/03/04,202103,16025,16066,15756,15925,198855,15922
2021/03/04,202104,15964,15995,15689,15855,2248,15853
2021/03/04,202105,15890,15922,15631,15785,185,15785
2021/03/04,202106,15843,15843,15583,15716,82,15716
2021/03/04,202109,15390,15405,15120,15245,60,15281
2021/03/04,202112,15142,15162,14983,15076,38,15076
2021/03/05,202103,15601,15914,15570,15855,168446,15847
2021/03/05,202104,15527,15845,15510,15782,2209,15780
2021/03/05,202105,15517,15765,15450,15712,166,15712
2021/03/05,202106,15413,15708,15395,15602,54,15649
2021/03/05,202109,14978,15249,14953,15249,23,15210
2021/03/05,202112,14770,15050,14760,14973,26,15009
2021/03/08,202103,15950,16095,15767,15816,175531,15819
2021/03/08,202104,15872,16028,15702,15748,3020,15753
2021/03/08,202105,15832,15954,15640,15690,244,15690
2021/03/08,202106,15754,15876,15581,15621,78,15621
2021/03/08,202109,15318,15430,15217,15223,20,15177
2021/03/08,202112,15112,15132,14975,14975,17,14975
2021/03/09,202103,15810,15848,15608,15822,171528,15822
2021/03/09,202104,15754,15791,15564,15766,2482,15766
2021/03/09,202105,15684,15733,15504,15711,475,15711
2021/03/09,202106,15615,15670,15444,15649,269,15649
2021/03/09,202109,15088,15199,15018,15199,37,15199
2021/03/09,202112,14925,15010,14832,15010,12,15010
2021/03/10,202103,15977,15986,15808,15883,136272,15885
2021/03/10,202104,15930,15930,15753,15818,2488,15827
2021/03/10,202105,15830,15830,15700,15762,128,15762
2021/03/10,202106,15786,15786,15646,15688,37,15703
2021/03/10,202109,15327,15327,15208,15216,7,15263
2021/03/10,202112,15140,15140,14992,15062,15,15062
2021/03/11,202103,15951,16214,15942,16174,135436,16169
2021/03/11,202104,15899,16148,15890,16110,4328,16107
2021/03/11,202105,15846,16079,15846,16045,221,16045
2021/03/11,202106,15767,16010,15767,15987,124,15987
2021/03/11,202109,15450,15575,15432,15539,49,15539
2021/03/11,202112,15152,15368,15152,15352,34,15352
2021/03/12,202103,16276,16288,16155,16222,116406,16223
2021/03/12,202104,16208,16222,16092,16156,9105,16155
2021/03/12,202105,16138,16146,16045,16100,219,16100
2021/03/12,202106,16091,16091,15976,16038,71,16038
2021/03/12,202109,15600,15629,15538,15585,27,15585
2021/03/12,202112,15401,15407,15336,15389,15,15389
2021/03/15,202103,16206,16249,16142,16200,125844,16199
2021/03/15,202104,16144,16186,16080,16137,29609,16136
2021/03/15,202105,16078,16111,16028,16078,241,16078
2021/03/15,202106,16020,16045,15973,16017,118,16017
2021/03/15,202109,15556,15604,15519,15564,46,15564
2021/03/15,202112,15360,15414,15360,15362,9,15362
2021/03/16,202103,16250,16348,16213,16305,128695,16305
2021/03/16,202104,16192,16284,16154,16240,38166,16242
2021/03/16,202105,16111,16220,16095,16181,358,16181
2021/03/16,202106,16050,16151,16035,16114,307,16114
2021/03/16,202109,15603,15697,15589,15680,80,15659
2021/03/16,202112,15401,15478,15387,15472,46,15472
2021/03/17,202103,16304,16336,16161,16176,72615,0
2021/03/17,202104,16252,16274,16116,16160,57926,16158
2021/03/17,202105,16192,16210,16063,16099,368,16099
2021/03/17,202106,16116,16134,16001,16036,57,16036
2021/03/17,202109,15667,15667,15550,15578,68,15578
2021/03/17,202112,15455,15455,15357,15379,37,15379
2021/03/18,202104,16255,16401,16220,16239,138744,16235
2021/03/18,202105,16192,16338,16165,16175,1235,16175
2021/03/18,202106,16120,16261,16100,16115,158,16115
2021/03/18,202109,15680,15804,15650,15655,85,15655
2021/03/18,202112,15465,15603,15453,15465,56,15465
2021/03/18,202203,15400,15414,15212,15316,92,15316
2021/03/19,202104,16100,16110,15953,16012,149724,16010
2021/03/19,202105,16049,16052,15905,15956,1460,15957
2021/03/19,202106,15976,15989,15845,15900,269,15900
2021/03/19,202109,15512,15512,15390,15441,118,15441
2021/03/19,202112,15300,15300,15213,15243,63,15243
2021/03/19,202203,15108,15111,15055,15111,18,15094
2021/03/22,202104,16018,16174,15911,16140,134577,16137
2021/03/22,202105,15979,16119,15862,16083,1797,16084
2021/03/22,202106,15900,16059,15808,16020,297,16020
2021/03/22,202109,15421,15585,15350,15570,29,15570
2021/03/22,202112,15156,15390,15156,15372,12,15372
2021/03/22,202203,15093,15225,15093,15220,21,15220
2021/03/23,202104,16223,16277,16103,16120,117179,16119
2021/03/23,202105,16168,16220,16052,16065,1492,16065
2021/03/23,202106,16105,16160,16000,16005,122,16005
2021/03/23,202109,15650,15688,15540,15547,36,15547
2021/03/23,202112,15451,15472,15356,15356,6,15356
2021/03/23,202203,15286,15330,15214,15214,8,15202
2021/03/24,202104,16019,16062,15939,15983,131876,15981
2021/03/24,202105,15975,16010,15892,15931,1294,15930
2021/03/24,202106,15905,15948,15832,15866,206,15874
2021/03/24,202109,15450,15460,15377,15410,73,15410
2021/03/24,202112,15265,15285,15200,15215,28,15215
2021/03/24,202203,15102,15102,15036,15036,3,15036
2021/03/25,202104,15890,16090,15870,16032,136413,16030
2021/03/25,202105,15842,16036,15824,15981,1553,15979
2021/03/25,202106,15794,15978,15770,15915,121,15925
2021/03/25,202109,15312,15511,15312,15454,66,15464
2021/03/25,202112,15146,15320,15120,15264,50,15273
2021/03/25,202203,15033,15158,14972,15127,9,15127
2021/03/26,202104,16095,16293,16081,16288,123696,16285
2021/03/26,202105,16042,16237,16036,16234,1627,16231
2021/03/26,202106,15968,16175,15968,16168,335,16176
2021/03/26,202109,15538,15708,15521,15698,76,15707
2021/03/26,202112,15340,15512,15324,15511,66,15511
2021/03/26,202203,15194,15366,15187,15366,32,15366
2021/03/29,202104,16370,16485,16350,16411,112333,16408
2021/03/29,202105,16326,16430,16300,16358,1598,16355
2021/03/29,202106,16260,16370,16239,16298,250,16298
2021/03/29,202109,15795,15892,15780,15822,40,15822
2021/03/29,202112,15581,15704,15581,15637,50,15637
2021/03/29,202203,15471,15541,15453,15493,49,15493
2021/03/30,202104,16469,16531,16418,16519,100799,16520
2021/03/30,202105,16415,16478,16369,16469,1344,16468
2021/03/30,202106,16362,16416,16313,16413,133,16413
2021/03/30,202109,15908,15943,15840,15939,49,15938
2021/03/30,202112,15717,15752,15649,15752,22,15752
2021/03/30,202203,15536,15604,15502,15604,16,15604
2021/03/31,202104,16540,16549,16403,16422,104772,16423
2021/03/31,202105,16484,16501,16360,16379,1995,16378
2021/03/31,202106,16428,16433,16310,16314,101,16327
2021/03/31,202109,15949,15960,15837,15860,88,15860
2021/03/31,202112,15769,15769,15651,15651,34,15666
2021/03/31,202203,15603,15630,15528,15528,9,15513
2021/04/01,202104,16535,16587,16452,16551,115342,16549
2021/04/01,202105,16478,16539,16403,16499,2041,16499
2021/04/01,202106,16422,16486,16353,16450,283,16450
2021/04/01,202109,15968,16000,15880,15969,56,15969
2021/04/01,202112,15790,15808,15700,15778,27,15778
2021/04/01,202203,15542,15607,15542,15557,4,15628
2021/04/06,202104,16760,16840,16697,16731,103549,16728
2021/04/06,202105,16722,16789,16650,16679,1427,16679
2021/04/06,202106,16652,16715,16600,16628,194,16628
2021/04/06,202109,16180,16250,16129,16158,65,16158
2021/04/06,202112,15998,16066,15940,15975,39,15975
2021/04/06,202203,15845,15868,15800,15825,49,15825
2021/04/07,202104,16777,16788,16673,16768,93030,16767
2021/04/07,202105,16720,16740,16629,16721,1013,16720
2021/04/07,202106,16681,16685,16578,16670,153,16670
2021/04/07,202109,16184,16209,16110,16199,69,16199
2021/04/07,202112,16020,16024,15936,16016,26,16016
2021/04/07,202203,15800,15849,15800,15849,2,15860
2021/04/08,202104,16715,16930,16687,16930,111596,16927
2021/04/08,202105,16661,16885,16644,16885,2168,16885
2021/04/08,202106,16625,16825,16600,16825,123,16833
2021/04/08,202109,16138,16350,16138,16348,61,16361
2021/04/08,202112,15989,16171,15988,16171,55,16171
2021/04/08,202203,15826,16017,15826,16017,58,16017
2021/04/09,202104,16952,16971,16810,16841,103181,16839
2021/04/09,202105,16904,16928,16774,16801,1947,16800
2021/04/09,202106,16857,16880,16737,16750,281,16750
2021/04/09,202109,16395,16395,16268,16289,70,16289
2021/04/09,202112,16224,16224,16098,16109,34,16109
2021/04/09,202203,16058,16058,15950,15979,6,15965
2021/04/12,202104,16895,16965,16760,16834,113383,16835
2021/04/12,202105,16863,16924,16725,16793,2257,16792
2021/04/12,202106,16805,16877,16678,16748,295,16748
2021/04/12,202109,16356,16405,16220,16302,66,16285
2021/04/12,202112,16196,16236,16044,16105,45,16105
2021/04/12,202203,16010,16070,15945,15976,28,15976
2021/04/13,202104,16910,17046,16780,16795,150603,16793
2021/04/13,202105,16859,17000,16741,16755,3522,16753
2021/04/13,202106,16829,16950,16698,16708,585,16708
2021/04/13,202109,16342,16474,16245,16245,118,16245
2021/04/13,202112,16179,16302,16076,16076,57,16076
2021/04/13,202203,16037,16140,15940,15940,24,15940
2021/04/14,202104,16860,16917,16592,16856,185298,16857
2021/04/14,202105,16819,16875,16553,16814,5660,16815
2021/04/14,202106,16773,16831,16520,16769,572,16769
2021/04/14,202109,16335,16351,16060,16307,71,16307
2021/04/14,202112,16142,16190,15897,16140,50,16140
2021/04/14,202203,16006,16041,15776,16004,24,16004
2021/04/15,202104,16881,17074,16852,17071,132033,17069
2021/04/15,202105,16836,17028,16810,17024,4702,17024
2021/04/15,202106,16787,16977,16767,16975,441,16975
2021/04/15,202109,16349,16508,16296,16505,81,16505
2021/04/15,202112,16171,16344,16150,16342,65,16342
2021/04/15,202203,16018,16208,16018,16195,65,16195
2021/04/16,202104,17062,17160,16990,17158,127426,17156
2021/04/16,202105,17028,17116,16949,17115,7848,17112
2021/04/16,202106,16968,17065,16900,17065,614,17063
2021/04/16,202109,16506,16594,16432,16594,101,16594
2021/04/16,202112,16342,16430,16289,16430,41,16430
2021/04/16,202203,16192,16294,16163,16294,20,16294
2021/04/19,202104,17118,17296,17111,17271,124734,17269
2021/04/19,202105,17070,17244,17070,17222,29135,17219
2021/04/19,202106,17040,17188,17031,17164,698,17164
2021/04/19,202109,16572,16711,16563,16690,220,16690
2021/04/19,202112,16400,16530,16393,16513,82,16513
2021/04/19,202203,16290,16391,16254,16357,26,16373
2021/04/20,202104,17238,17324,17206,17319,114295,17320
2021/04/20,202105,17175,17259,17154,17256,29202,17257
2021/04/20,202106,17134,17200,17100,17197,436,17197
2021/04/20,202109,16656,16717,16630,16717,127,16717
2021/04/20,202112,16494,16541,16460,16541,43,16541
2021/04/20,202203,16348,16383,16348,16383,9,16383
2021/04/21,202104,17225,17270,17150,17231,83992,0
2021/04/21,202105,17164,17194,17088,17138,57490,17135
2021/04/21,202106,17106,17133,17035,17078,401,17078
2021/04/21,202109,16617,16655,16561,16602,75,16602
2021/04/21,202112,16453,16475,16388,16426,73,16426
2021/04/21,202203,16292,16303,16233,16290,66,16255
2021/04/22,202105,17258,17369,17053,17109,189953,17106
2021/04/22,202106,17200,17305,17004,17054,2117,17053
2021/04/22,202107,16983,17060,16804,16810,73,16834
2021/04/22,202109,16718,16817,16530,16569,148,16569
2021/04/22,202112,16532,16636,16367,16367,72,16396
2021/04/22,202203,16382,16456,16208,16222,16,16222
2021/04/23,202105,17061,17260,17041,17257,122696,17255
2021/04/23,202106,17011,17207,17002,17205,1393,17203
2021/04/23,202107,16801,16982,16786,16982,56,16982
2021/04/23,202109,16545,16720,16545,16720,59,16720
2021/04/23,202112,16354,16544,16352,16544,38,16544
2021/04/23,202203,16198,16364,16196,16364,19,16384
2021/04/26,202105,17337,17536,17323,17530,128096,17526
2021/04/26,202106,17285,17480,17271,17473,1393,17473
2021/04/26,202107,17073,17245,17048,17245,103,17245
2021/04/26,202109,16812,16979,16795,16979,90,16979
2021/04/26,202112,16639,16810,16632,16801,75,16801
2021/04/26,202203,16455,16651,16455,16642,79,16642
2021/04/27,202105,17532,17576,17460,17571,120862,17570
2021/04/27,202106,17480,17516,17407,17512,1336,17512
2021/04/27,202107,17259,17279,17179,17278,98,17278
2021/04/27,202109,16978,17012,16915,17012,234,17012
2021/04/27,202112,16794,16830,16751,16795,155,16839
2021/04/27,202203,16624,16677,16590,16677,19,16677
2021/04/28,202105,17548,17563,17475,17533,101986,17533
2021/04/28,202106,17499,17506,17423,17480,824,17480
2021/04/28,202107,17241,17269,17206,17245,52,17245
2021/04/28,202109,16978,17007,16935,16986,68,16986
2021/04/28,202112,16791,16830,16775,16808,22,16808
2021/04/28,202203,16654,16654,16624,16624,10,16644
2021/04/29,202105,17578,17702,17531,17571,150499,17569
2021/04/29,202106,17529,17645,17480,17516,1681,17514
2021/04/29,202107,17296,17402,17254,17278,138,17278
2021/04/29,202109,17038,17149,16988,17046,108,17023
2021/04/29,202112,16860,16960,16840,16840,51,16840
2021/04/29,202203,16719,16800,16687,16702,346,16688
2021/05/03,202105,17501,17534,17226,17253,184441,17254
2021/05/03,202106,17452,17480,17174,17200,2343,17204
2021/05/03,202107,17214,17215,16939,16939,200,16968
2021/05/03,202109,16966,16970,16690,16693,200,16713
2021/05/03,202112,16800,16800,16503,16536,57,16536
2021/05/03,202203,16588,16588,16370,16371,33,16371
2021/05/04,202105,17271,17309,16668,16933,243802,16931
2021/05/04,202106,17220,17253,16623,16883,3414,16883
2021/05/04,202107,17007,17012,16394,16638,270,16653
2021/05/04,202109,16754,16754,16170,16397,301,16397
2021/05/04,202112,16480,16480,15999,16213,53,16213
2021/05/04,202203,16280,16280,15870,16052,63,16052
2021/05/05,202105,16847,17020,16756,16769,157298,16765
2021/05/05,202106,16780,16968,16708,16715,1445,16714
2021/05/05,202107,16628,16714,16480,16480,147,16488
2021/05/05,202109,16308,16449,16214,16214,439,16225
2021/05/05,202112,16159,16291,16044,16044,79,16044
2021/05/05,202203,16064,16110,15896,15900,16,15887
2021/05/06,202105,16884,17081,16700,16944,197754,16945
2021/05/06,202106,16827,17025,16668,16893,2406,16893
2021/05/06,202107,16619,16785,16452,16655,270,16655
2021/05/06,202109,16295,16500,16175,16391,139,16391
2021/05/06,202112,16180,16339,16050,16210,68,16210
2021/05/06,202203,16015,16166,15885,16040,27,16040
2021/05/07,202105,17120,17288,17060,17287,142796,17283
2021/05/07,202106,17060,17230,17007,17230,2350,17228
2021/05/07,202107,16847,16981,16782,16981,202,16981
2021/05/07,202109,16591,16733,16542,16733,303,16733
2021/05/07,202112,16392,16540,16340,16540,71,16540
2021/05/07,202203,16242,16385,16242,16385,40,16385
2021/05/10,202105,17369,17373,17178,17228,126289,17229
2021/05/10,202106,17300,17309,17122,17170,2479,17170
2021/05/10,202107,17050,17060,16881,16922,84,16922
2021/05/10,202109,16807,16807,16618,16661,233,16661
2021/05/10,202112,16591,16614,16435,16467,111,16467
2021/05/10,202203,16308,16348,16300,16341,11,16309
2021/05/11,202105,16968,16970,16425,16556,245767,16561
2021/05/11,202106,16916,16916,16370,16503,4532,16501
2021/05/11,202107,16666,16666,16156,16251,284,16251
2021/05/11,202109,16400,16400,15900,15991,313,15991
2021/05/11,202112,16139,16188,15678,15801,271,15801
2021/05/11,202203,16000,16000,15534,15615,116,15615
2021/05/12,202105,16503,16531,15027,15692,366512,15697
2021/05/12,202106,16488,16488,14964,15622,6171,15627
2021/05/12,202107,16196,16206,14700,15365,446,15367
2021/05/12,202109,15930,15930,14442,15110,444,15110
2021/05/12,202112,15765,15765,14230,14962,241,14886
2021/05/12,202203,15577,15577,14054,14730,143,14679
2021/05/13,202105,15538,15991,15348,15566,234182,15566
2021/05/13,202106,15457,15922,15291,15496,4205,15498
2021/05/13,202107,15194,15630,15186,15254,212,15254
2021/05/13,202109,14976,15333,14760,15023,211,14981
2021/05/13,202112,14816,15113,14600,14823,146,14782
2021/05/13,202203,14540,14900,14417,14607,47,14579
2021/05/14,202105,15800,16021,15653,15772,218712,15766
2021/05/14,202106,15720,15950,15583,15699,7643,15698
2021/05/14,202107,15489,15677,15337,15434,232,15434
2021/05/14,202109,15239,15411,15080,15172,70,15172
2021/05/14,202112,15000,15171,14950,14971,41,14971
2021/05/14,202203,14864,14969,14730,14754,23,14779
2021/05/17,202105,15183,15735,15096,15263,275831,15263
2021/05/17,202106,15151,15666,15037,15189,33338,15189
2021/05/17,202107,14842,15398,14799,14990,299,14940
2021/05/17,202109,14710,15110,14510,14692,305,14692
2021/05/17,202112,14346,14938,14346,14491,108,14491
2021/05/17,202203,14300,14658,14150,14312,33,14277
2021/05/18,202105,15563,16180,15501,16147,220609,16147
2021/05/18,202106,15471,16119,15431,16082,45462,16086
2021/05/18,202107,15188,15846,15187,15832,248,15827
2021/05/18,202109,15000,15590,14995,15573,263,15573
2021/05/18,202112,14772,15362,14772,15358,137,15358
2021/05/18,202203,14555,15183,14555,15180,44,15164
2021/05/19,202105,16122,16248,15979,16138,115944,0
2021/05/19,202106,16084,16187,15924,16023,67846,16022
2021/05/19,202107,15797,15927,15677,15777,306,15777
2021/05/19,202109,15520,15670,15423,15541,199,15514
2021/05/19,202112,15393,15459,15273,15302,84,15312
2021/05/19,202203,15127,15199,15050,15115,31,15115
2021/05/20,202106,16078,16113,15854,15981,158770,15974
2021/05/20,202107,15833,15858,15614,15739,1354,15733
2021/05/20,202108,15722,15743,15465,15575,79,15575
2021/05/20,202109,15552,15600,15358,15471,337,15480
2021/05/20,202112,15382,15382,15154,15268,296,15268
2021/05/20,202203,15148,15150,14988,15078,43,15074
2021/05/21,202106,16222,16425,16072,16257,185232,16259
2021/05/21,202107,16075,16319,15967,16141,2638,16141
2021/05/21,202108,15962,16094,15788,15935,72,15935
2021/05/21,202109,15737,15908,15620,15800,158,15800
2021/05/21,202112,15520,15726,15398,15591,251,15581
2021/05/21,202203,15496,15500,15318,15410,21,15410
2021/05/24,202106,16079,16368,16069,16294,138416,16291
2021/05/24,202107,15930,16248,15930,16178,857,16178
2021/05/24,202108,15793,16039,15793,16019,41,16002
2021/05/24,202109,15584,15895,15584,15828,162,15828
2021/05/24,202112,15500,15668,15476,15629,94,15611
2021/05/24,202203,15200,15475,15200,15421,15,15421
2021/05/25,202106,16463,16623,16425,16585,145492,16584
2021/05/25,202107,16337,16512,16317,16483,1708,16481
2021/05/25,202108,16184,16300,16150,16263,440,16263
2021/05/25,202109,15991,16150,15981,16118,324,16125
2021/05/25,202112,15750,15936,15750,15898,80,15898
2021/05/25,202203,15617,15729,15585,15711,23,15711
2021/05/26,202106,16616,16664,16504,16616,104686,16614
2021/05/26,202107,16522,16552,16404,16515,683,16515
2021/05/26,202108,16302,16305,16200,16287,68,16287
2021/05/26,202109,16190,16190,16065,16100,9,16159
2021/05/26,202112,15928,15968,15865,15925,21,15938
2021/05/26,202203,15655,15750,15655,15750,2,15750
2021/05/27,202106,16593,16595,16219,16534,150465,16533
2021/05/27,202107,16501,16501,16194,16437,944,16437
2021/05/27,202108,16236,16251,16077,16251,94,16224
2021/05/27,202109,16008,16109,15959,16083,333,16083
2021/05/27,202112,15778,15890,15778,15890,31,15871
2021/05/27,202203,15555,15709,15420,15709,12,15684
2021/05/28,202106,16731,16878,16673,16863,124240,16863
2021/05/28,202107,16610,16777,16576,16768,741,16766
2021/05/28,202108,16402,16558,16367,16557,78,16557
2021/05/28,202109,16250,16421,16228,16411,105,16411
2021/05/28,202112,16032,16201,16010,16196,101,16196
2021/05/28,202203,15796,16005,15796,16005,31,16005
2021/05/31,202106,16891,17098,16884,17013,144649,17011
2021/05/31,202107,16789,16998,16789,16911,1150,16910
2021/05/31,202108,16599,16780,16597,16638,137,16708
2021/05/31,202109,16508,16630,16461,16560,485,16560
2021/05/31,202112,16242,16402,16233,16273,525,16346
2021/05/31,202203,16071,16208,16060,16138,18,16138
2021/06/01,202106,17050,17148,17015,17130,116773,17131
2021/06/01,202107,16928,17043,16920,17029,900,17029
2021/06/01,202108,16768,16832,16727,16822,101,16822
2021/06/01,202109,16661,16684,16595,16684,1300,16684
2021/06/01,202112,16387,16474,16355,16460,349,16460
2021/06/01,202203,16202,16288,16202,16284,26,16284
2021/06/02,202106,17171,17198,17016,17098,121046,17102
2021/06/02,202107,17061,17091,16915,16995,745,16994
2021/06/02,202108,16860,16864,16747,16797,105,16797
2021/06/02,202109,16686,16723,16578,16673,410,16643
2021/06/02,202112,16513,16520,16376,16444,400,16426
2021/06/02,202203,16339,16340,16200,16240,12,16240
2021/06/03,202106,17253,17313,17147,17230,130148,17226
2021/06/03,202107,17125,17191,17034,17105,924,17105
2021/06/03,202108,16900,16981,16836,16895,82,16907
2021/06/03,202109,16768,16840,16690,16760,31,16760
2021/06/03,202112,16560,16625,16495,16547,163,16547
2021/06/03,202203,16372,16377,16300,16368,15,16355
2021/06/04,202106,17051,17159,17025,17100,109068,17103
2021/06/04,202107,16946,17045,16915,16988,553,16994
2021/06/04,202108,16742,16836,16733,16819,31,16792
2021/06/04,202109,16601,16692,16595,16661,668,16642
2021/06/04,202112,16413,16468,16407,16440,240,16431
2021/06/04,202203,16168,16275,16168,16260,9,16241
2021/06/07,202106,17212,17229,16719,17090,176148,17090
2021/06/07,202107,17114,17114,16613,16983,1709,16983
2021/06/07,202108,16909,16932,16498,16780,217,16780
2021/06/07,202109,16753,16753,16281,16644,326,16637
2021/06/07,202112,16530,16530,16065,16460,64,16427
2021/06/07,202203,16250,16250,15888,16244,19,16244
2021/06/08,202106,17190,17198,17030,17090,102605,17090
2021/06/08,202107,17066,17084,16924,16980,902,16982
2021/06/08,202108,16830,16875,16735,16782,27,16782
2021/06/08,202109,16739,16739,16588,16609,513,16630
2021/06/08,202112,16487,16502,16400,16423,16,16423
2021/06/08,202203,16320,16320,16223,16223,3,16245
2021/06/09,202106,16997,17073,16889,16963,120368,16959
2021/06/09,202107,16882,16961,16780,16852,1698,16851
2021/06/09,202108,16727,16744,16600,16665,94,16665
2021/06/09,202109,16568,16568,16439,16469,90,16505
2021/06/09,202112,16372,16407,16273,16274,53,16302
2021/06/09,202203,16128,16177,16080,16105,26,16119
2021/06/10,202106,17035,17175,16992,17159,127407,17157
2021/06/10,202107,16929,17063,16882,17047,3790,17047
2021/06/10,202108,16744,16859,16683,16851,101,16851
2021/06/10,202109,16579,16693,16563,16688,535,16688
2021/06/10,202112,16388,16501,16335,16489,139,16489
2021/06/10,202203,16209,16316,16180,16308,40,16308
2021/06/11,202106,17189,17298,17189,17219,120701,17217
2021/06/11,202107,17080,17182,17078,17104,22369,17102
2021/06/11,202108,16916,16985,16900,16924,108,16924
2021/06/11,202109,16702,16817,16702,16745,267,16745
2021/06/11,202112,16549,16618,16536,16562,181,16548
2021/06/11,202203,16338,16418,16337,16368,44,16368
2021/06/15,202106,17322,17402,17276,17398,118150,17397
2021/06/15,202107,17190,17276,17158,17272,37834,17272
2021/06/15,202108,16988,17094,16988,17094,275,17094
2021/06/15,202109,16854,16910,16814,16903,193,16903
2021/06/15,202112,16645,16710,16625,16710,76,16710
2021/06/15,202203,16480,16517,16480,16517,13,16517
2021/06/16,202106,17324,17398,17033,17345,71397,0
2021/06/16,202107,17185,17302,17178,17242,51936,17239
2021/06/16,202108,17020,17138,17020,17078,400,17088
2021/06/16,202109,16852,16924,16839,16891,103,16891
2021/06/16,202112,16653,16721,16633,16660,116,16674
2021/06/16,202203,16468,16514,16436,16436,8,16486
2021/06/17,202107,17070,17298,17039,17297,102114,17295
2021/06/17,202108,16915,17135,16900,17133,1086,17133
2021/06/17,202109,16741,16941,16705,16941,203,16941
2021/06/17,202112,16500,16735,16488,16735,227,16735
2021/06/17,202203,16306,16508,16306,16508,22,16554
2021/06/17,202206,16349,16368,16132,16368,26,16403
2021/06/18,202107,17315,17332,17212,17252,96349,17254
2021/06/18,202108,17156,17164,17050,17088,796,17088
2021/06/18,202109,16962,16962,16878,16890,64,16902
2021/06/18,202112,16764,16764,16680,16680,224,16693
2021/06/18,202203,16546,16568,16488,16525,10,16510
2021/06/18,202206,16453,16453,16357,16357,9,16375
2021/06/21,202107,17048,17149,16891,16962,143363,16963
2021/06/21,202108,16894,16983,16728,16799,1548,16800
2021/06/21,202109,16690,16788,16555,16631,810,16631
2021/06/21,202112,16478,16565,16364,16422,202,16422
2021/06/21,202203,16300,16359,16179,16238,48,16238
2021/06/21,202206,16146,16194,16051,16119,16,16119
2021/06/22,202107,17155,17180,16988,17028,101124,17026
2021/06/22,202108,16978,16999,16808,16848,967,16843
2021/06/22,202109,16831,16831,16677,16685,860,16702
2021/06/22,202112,16597,16622,16471,16471,155,16505
2021/06/22,202203,16438,16438,16289,16315,38,16325
2021/06/22,202206,16274,16274,16150,16199,24,16199
2021/06/23,202107,17100,17319,17059,17272,127143,17267
2021/06/23,202108,16913,17111,16867,17063,932,17063
2021/06/23,202109,16781,16982,16734,16942,286,16942
2021/06/23,202112,16566,16792,16560,16790,64,16753
2021/06/23,202203,16370,16577,16370,16577,32,16577
2021/06/23,202206,16258,16479,16258,16476,26,16476
2021/06/24,202107,17298,17398,17261,17336,92809,17338
2021/06/24,202108,17085,17180,17066,17145,958,17145
2021/06/24,202109,16947,17071,16940,17025,495,17015
2021/06/24,202112,16773,16880,16759,16835,49,16835
2021/06/24,202203,16590,16701,16590,16674,24,16674
2021/06/24,202206,16463,16587,16463,16561,9,16561
2021/06/25,202107,17438,17562,17377,17419,113764,17423
2021/06/25,202108,17222,17352,17180,17218,1159,17219
2021/06/25,202109,17101,17230,17080,17105,103,17105
2021/06/25,202112,16920,17050,16874,16909,41,16909
2021/06/25,202203,16799,16870,16715,16715,20,16753
2021/06/25,202206,16694,16754,16640,16640,10,16640
2021/06/28,202107,17484,17560,17398,17535,82055,17533
2021/06/28,202108,17267,17341,17194,17323,603,17323
2021/06/28,202109,17158,17233,17080,17206,595,17206
2021/06/28,202112,16945,17038,16928,16989,15,17023
2021/06/28,202203,16755,16865,16755,16859,21,16859
2021/06/28,202206,16633,16741,16623,16741,23,16741
2021/06/29,202107,17595,17623,17451,17529,115306,17530
2021/06/29,202108,17381,17409,17244,17316,838,17316
2021/06/29,202109,17272,17284,17134,17206,106,17206
2021/06/29,202112,17085,17091,16951,17037,53,17016
2021/06/29,202203,16891,16903,16791,16879,13,16848
2021/06/29,202206,16790,16790,16690,16759,11,16744
2021/06/30,202107,17610,17766,17583,17715,104462,17712
2021/06/30,202108,17388,17530,17367,17483,943,17483
2021/06/30,202109,17272,17421,17272,17379,125,17379
2021/06/30,202112,17085,17230,17085,17220,30,17186
2021/06/30,202203,16919,17056,16916,17011,20,17011
2021/06/30,202206,16818,16938,16818,16912,37,16912
2021/07/01,202107,17678,17774,17555,17646,122682,17646
2021/07/01,202108,17460,17540,17338,17427,998,17425
2021/07/01,202109,17360,17436,17230,17305,130,17319
2021/07/01,202112,17136,17245,17059,17107,35,17130
2021/07/01,202203,16961,17065,16897,16937,12,16958
2021/07/01,202206,16800,16839,16800,16839,2,16839
2021/07/02,202107,17651,17724,17588,17653,101454,17649
2021/07/02,202108,17425,17501,17380,17430,762,17430
2021/07/02,202109,17325,17389,17275,17337,84,17337
2021/07/02,202112,17169,17200,17101,17145,19,17145
2021/07/02,202203,17020,17020,16921,16955,9,16971
2021/07/02,202206,16849,16849,16849,16849,1,16871
2021/07/05,202107,17755,17920,17742,17898,107714,17896
2021/07/05,202108,17537,17688,17526,17674,963,17671
2021/07/05,202109,17426,17588,17426,17570,121,17570
2021/07/05,202112,17315,17403,17308,17382,22,17382
2021/07/05,202203,17135,17222,17135,17219,14,17219
2021/07/05,202206,17045,17127,17045,17111,13,17111
2021/07/06,202107,17956,17974,17858,17878,84492,17875
2021/07/06,202108,17733,17753,17649,17663,659,17663
2021/07/06,202109,17615,17655,17562,17568,150,17568
2021/07/06,202112,17418,17457,17381,17404,24,17404
2021/07/06,202203,17246,17260,17205,17251,8,17226
2021/07/06,202206,17154,17157,17154,17157,2,17127
2021/07/07,202107,17821,17906,17715,17830,109544,17826
2021/07/07,202108,17620,17690,17515,17613,1069,17612
2021/07/07,202109,17507,17596,17437,17521,248,17521
2021/07/07,202112,17370,17403,17250,17281,63,17356
2021/07/07,202203,17149,17220,17095,17155,18,17194
2021/07/07,202206,17114,17114,17025,17025,2,17105
2021/07/08,202107,17876,17897,17694,17825,116445,17823
2021/07/08,202108,17651,17677,17488,17599,1130,17599
2021/07/08,202109,17550,17585,17407,17519,165,17519
2021/07/08,202112,17392,17396,17280,17355,318,17355
2021/07/08,202203,17116,17213,17100,17199,18,17199
2021/07/08,202206,,,,,0,17116
2021/07/09,202107,17662,17700,17526,17658,138093,17661
2021/07/09,202108,17455,17484,17318,17445,1210,17441
2021/07/09,202109,17396,17399,17250,17370,103,17370
2021/07/09,202112,17224,17224,17122,17210,33,17224
2021/07/09,202203,17040,17090,16966,17057,38,17057
2021/07/09,202206,16981,16981,16896,16896,4,16993
2021/07/12,202107,17848,17960,17770,17824,127781,17826
2021/07/12,202108,17612,17720,17551,17605,1643,17605
2021/07/12,202109,17550,17650,17478,17533,132,17533
2021/07/12,202112,17418,17489,17352,17363,27,17377
2021/07/12,202203,17245,17310,17216,17248,54,17219
2021/07/12,202206,17183,17213,17146,17163,7,17163
2021/07/13,202107,17958,18030,17824,17869,123418,17869
2021/07/13,202108,17725,17794,17608,17650,2529,17651
2021/07/13,202109,17655,17722,17530,17564,125,17564
2021/07/13,202112,17488,17567,17400,17434,47,17434
2021/07/13,202203,17375,17405,17255,17255,32,17282
2021/07/13,202206,17281,17337,17195,17195,7,17195
2021/07/14,202107,17846,17924,17748,17874,120033,17871
2021/07/14,202108,17634,17699,17542,17651,1898,17648
2021/07/14,202109,17559,17603,17451,17566,50,17566
2021/07/14,202112,17431,17470,17345,17443,47,17441
2021/07/14,202203,17250,17288,17192,17288,37,17288
2021/07/14,202206,,,,,0,17219
2021/07/15,202107,17919,18046,17868,18022,103184,18021
2021/07/15,202108,17689,17808,17648,17788,2541,17787
2021/07/15,202109,17588,17720,17588,17701,144,17701
2021/07/15,202112,17458,17568,17458,17568,27,17568
2021/07/15,202203,17395,17445,17395,17428,42,17428
2021/07/15,202206,17300,17380,17300,17373,38,17373
2021/07/16,202107,17826,17928,17772,17925,109949,17924
2021/07/16,202108,17611,17717,17564,17715,4378,17714
2021/07/16,202109,17533,17622,17481,17622,136,17620
2021/07/16,202112,17394,17487,17344,17487,39,17487
2021/07/16,202203,17238,17343,17208,17331,66,17331
2021/07/16,202206,17154,17171,17154,17171,6,17266
2021/07/19,202107,17717,17813,17647,17794,144969,17793
2021/07/19,202108,17526,17591,17447,17572,29472,17570
2021/07/19,202109,17435,17507,17364,17487,252,17487
2021/07/19,202112,17286,17372,17245,17364,49,17364
2021/07/19,202203,17161,17218,17098,17213,18,17213
2021/07/19,202206,17009,17152,17009,17152,2,17152
2021/07/20,202107,17680,17716,17478,17558,147968,17558
2021/07/20,202108,17454,17492,17263,17341,33283,17336
2021/07/20,202109,17388,17406,17188,17252,291,17252
2021/07/20,202112,17220,17277,17069,17096,43,17096
2021/07/20,202203,17136,17136,16923,16959,21,16959
2021/07/20,202206,16901,16927,16900,16927,3,16927
2021/07/21,202107,17655,17674,17376,17430,86527,0
2021/07/21,202108,17405,17459,17185,17279,70145,17275
2021/07/21,202109,17332,17368,17105,17192,356,17192
2021/07/21,202112,17199,17215,16980,17035,48,17068
2021/07/21,202203,17058,17058,16845,16913,29,16927
2021/07/21,202206,16958,16962,16780,16830,10,16858
2021/07/22,202108,17441,17525,17347,17407,125712,17406
2021/07/22,202109,17380,17423,17260,17315,899,17314
2021/07/22,202110,17304,17380,17219,17264,170,17264
2021/07/22,202112,17217,17294,17138,17187,77,17187
2021/07/22,202203,17075,17150,17016,17016,14,17043
2021/07/22,202206,17071,17071,16945,16945,11,16945
2021/07/23,202108,17486,17559,17380,17407,115875,17406
2021/07/23,202109,17376,17457,17296,17318,630,17317
2021/07/23,202110,17320,17400,17250,17263,97,17263
2021/07/23,202112,17253,17325,17180,17224,46,17188
2021/07/23,202203,17162,17162,17027,17070,20,17042
2021/07/23,202206,17030,17038,16947,16947,5,16947
2021/07/26,202108,17473,17479,17197,17202,108704,17203
2021/07/26,202109,17372,17389,17123,17123,708,17125
2021/07/26,202110,17312,17312,17080,17080,94,17080
2021/07/26,202112,17226,17237,17011,17014,94,17000
2021/07/26,202203,17075,17075,16876,16876,37,16859
2021/07/26,202206,16797,16797,16797,16797,1,16797
2021/07/27,202108,17322,17348,17153,17173,118319,17168
2021/07/27,202109,17233,17259,17073,17084,745,17084
2021/07/27,202110,17159,17202,17030,17034,64,17048
2021/07/27,202112,17088,17110,16959,16959,37,16974
2021/07/27,202203,16897,16950,16817,16828,32,16828
2021/07/27,202206,,,,,0,16745
2021/07/28,202108,17062,17136,16733,16965,203426,16965
2021/07/28,202109,16984,17050,16659,16881,881,16879
2021/07/28,202110,16957,17008,16670,16850,91,16850
2021/07/28,202112,16890,16936,16580,16785,59,16785
2021/07/28,202203,16737,16748,16427,16650,36,16650
2021/07/28,202206,16580,16593,16380,16553,14,16587
2021/07/29,202108,17136,17332,17068,17331,123218,17327
2021/07/29,202109,17033,17230,16973,17227,648,17226
2021/07/29,202110,17025,17200,16956,17200,108,17200
2021/07/29,202112,16965,17132,16888,17132,265,17139
2021/07/29,202203,16835,17000,16782,17000,42,17018
2021/07/29,202206,16816,16976,16816,16976,17,16976
2021/07/30,202108,17285,17299,17126,17173,117560,17174
2021/07/30,202109,17220,17220,17024,17067,1104,17071
2021/07/30,202110,17128,17140,16995,17028,155,17028
2021/07/30,202112,17066,17076,16927,16927,538,16963
2021/07/30,202203,16974,16974,16818,16856,48,16856
2021/07/30,202206,16893,16908,16847,16847,5,16809
2021/08/02,202108,17313,17470,17160,17470,131605,17467
2021/08/02,202109,17200,17366,17060,17366,1087,17365
2021/08/02,202110,17150,17281,17028,17281,48,17321
2021/08/02,202112,17032,17255,16970,17255,116,17255
2021/08/02,202203,16994,17134,16875,17134,15,17163
2021/08/02,202206,16899,17147,16899,17147,19,17147
2021/08/03,202108,17426,17496,17361,17484,95199,17482
2021/08/03,202109,17330,17390,17263,17378,870,17378
2021/08/03,202110,17300,17350,17229,17346,35,17346
2021/08/03,202112,17199,17290,17193,17290,17,17290
2021/08/03,202203,17153,17202,17077,17201,33,17201
2021/08/03,202206,17080,17126,17080,17126,7,17148
2021/08/04,202108,17491,17586,17464,17571,89232,17571
2021/08/04,202109,17386,17476,17365,17464,779,17464
2021/08/04,202110,17346,17432,17340,17423,36,17423
2021/08/04,202112,17320,17365,17273,17338,101,17338
2021/08/04,202203,17221,17287,17198,17276,53,17276
2021/08/04,202206,17192,17269,17158,17236,70,17236
2021/08/05,202108,17570,17584,17520,17542,65647,17544
2021/08/05,202109,17477,17477,17407,17431,629,17431
2021/08/05,202110,17418,17418,17376,17376,19,17376
2021/08/05,202112,17321,17345,17290,17302,39,17302
2021/08/05,202203,17261,17261,17261,17261,7,17238
2021/08/05,202206,,,,,0,17197
2021/08/06,202108,17555,17560,17353,17437,110731,17439
2021/08/06,202109,17444,17444,17246,17334,994,17334
2021/08/06,202110,17343,17343,17226,17271,27,17271
2021/08/06,202112,17248,17248,17135,17200,243,17200
2021/08/06,202203,17189,17189,17073,17128,22,17128
2021/08/06,202206,17141,17141,17029,17070,43,17070
2021/08/09,202108,17438,17448,17235,17404,124689,17406
2021/08/09,202109,17318,17331,17134,17293,1340,17290
2021/08/09,202110,17225,17280,17088,17239,58,17239
2021/08/09,202112,17050,17202,17021,17173,139,17164
2021/08/09,202203,16990,17032,16950,17032,7,17100
2021/08/09,202206,16951,17033,16930,17033,3,17033
2021/08/10,202108,17396,17443,17259,17299,109191,17295
2021/08/10,202109,17288,17320,17148,17181,1068,17180
2021/08/10,202110,17273,17273,17095,17104,43,17122
2021/08/10,202112,17110,17110,17011,17020,90,17043
2021/08/10,202203,17037,17037,16956,16980,28,16980
2021/08/10,202206,16936,16936,16936,16936,1,16936
2021/08/11,202108,17217,17298,17078,17171,141084,17170
2021/08/11,202109,17113,17175,16965,17058,1780,17055
2021/08/11,202110,17061,17110,16920,17000,108,17000
2021/08/11,202112,16947,17043,16840,16930,137,16930
2021/08/11,202203,16885,16942,16772,16860,25,16860
2021/08/11,202206,16848,16848,16720,16797,23,16797
2021/08/12,202108,17207,17235,17125,17157,91671,17158
2021/08/12,202109,17092,17112,17010,17043,1368,17039
2021/08/12,202110,17024,17048,16958,17001,62,16986
2021/08/12,202112,16950,16968,16900,16924,123,16924
2021/08/12,202203,16860,,,16860,1,16849
2021/08/12,202206,,,,,0,16785
2021/08/13,202108,17185,17190,16934,16934,150070,16936
2021/08/13,202109,17073,17073,16823,16823,4898,16825
2021/08/13,202110,16977,16977,16775,16775,209,16775
2021/08/13,202112,16815,16820,16715,16715,192,16715
2021/08/13,202203,16735,16783,16652,16652,35,16638
2021/08/13,202206,16650,16720,16592,16620,9,16582
2021/08/16,202108,16829,16936,16750,16772,150977,16774
2021/08/16,202109,16720,16827,16641,16658,29741,16660
2021/08/16,202110,16672,16765,16586,16610,389,16610
2021/08/16,202112,16588,16708,16529,16547,185,16547
2021/08/16,202203,16568,16617,16464,16481,46,16469
2021/08/16,202206,16457,16457,16414,16414,16,16414
2021/08/17,202108,16850,16873,16575,16580,132669,16578
2021/08/17,202109,16726,16760,16465,16469,37027,16468
2021/08/17,202110,16680,16702,16421,16421,500,16422
2021/08/17,202112,16600,16626,16354,16354,206,16354
2021/08/17,202203,16486,16486,16333,16333,17,16280
2021/08/17,202206,16414,,,16414,1,16228
2021/08/18,202108,16440,16796,16389,16784,102422,0
2021/08/18,202109,16313,16720,16300,16702,79695,16701
2021/08/18,202110,16280,16654,16250,16644,462,16644
2021/08/18,202112,16202,16580,16185,16568,234,16568
2021/08/18,202203,16143,16524,16119,16506,26,16506
2021/08/18,202206,16067,16462,16067,16462,8,16462
2021/08/19,202109,16611,16648,16256,16329,196641,16328
2021/08/19,202110,16556,16586,16205,16278,1326,16278
2021/08/19,202111,16550,16550,16192,16207,9,16246
2021/08/19,202112,16500,16500,16154,16174,46,16212
2021/08/19,202203,16359,16359,16071,16122,46,16122
2021/08/19,202206,16291,16291,16001,16052,40,16052
2021/08/20,202109,16297,16426,16145,16193,175910,16188
2021/08/20,202110,16304,16368,16093,16133,962,16136
2021/08/20,202111,16313,16313,16090,16103,46,16103
2021/08/20,202112,16280,16280,16050,16110,27,16075
2021/08/20,202203,16163,16163,15963,15999,25,15986
2021/08/20,202206,16000,16000,16000,16000,1,15922
2021/08/23,202109,16427,16729,16393,16684,127852,16679
2021/08/23,202110,16356,16668,16344,16626,1128,16626
2021/08/23,202111,16324,16627,16320,16590,69,16590
2021/08/23,202112,16315,16601,16297,16555,88,16555
2021/08/23,202203,16265,16502,16265,16470,45,16470
2021/08/23,202206,16129,16434,16129,16405,28,16405
2021/08/24,202109,16822,16842,16717,16784,90436,16781
2021/08/24,202110,16756,16784,16667,16728,857,16727
2021/08/24,202111,16730,16747,16636,16680,42,16696
2021/08/24,202112,16700,16713,16600,16647,25,16662
2021/08/24,202203,16600,16626,16515,16578,30,16578
2021/08/24,202206,16585,16585,16461,16517,9,16517
2021/08/25,202109,16794,16982,16785,16963,109545,16962
2021/08/25,202110,16740,16921,16730,16902,1224,16903
2021/08/25,202111,16708,16858,16708,16855,65,16871
2021/08/25,202112,16692,16851,16692,16851,111,16841
2021/08/25,202203,16581,16753,16580,16752,41,16752
2021/08/25,202206,16537,16677,16537,16676,19,16676
2021/08/26,202109,17103,17125,16882,16995,127120,16993
2021/08/26,202110,17040,17067,16830,16940,1275,16939
2021/08/26,202111,17030,17030,16800,16900,37,16900
2021/08/26,202112,16969,16969,16800,16868,9,16877
2021/08/26,202203,16890,16894,16677,16758,31,16785
2021/08/26,202206,16810,16810,16668,16708,20,16708
2021/08/27,202109,16940,17218,16908,17170,122558,17172
2021/08/27,202110,16896,17157,16855,17113,1179,17115
2021/08/27,202111,16831,17124,16831,17078,63,17078
2021/08/27,202112,16908,17086,16908,17050,87,17050
2021/08/27,202203,16713,17000,16711,16930,349,16956
2021/08/27,202206,16635,16921,16635,16893,7,16893
2021/08/30,202109,17249,17353,17206,17339,95679,17335
2021/08/30,202110,17191,17296,17156,17282,954,17280
2021/08/30,202111,17149,17260,17138,17249,103,17249
2021/08/30,202112,17149,17235,17093,17212,29,17220
2021/08/30,202203,17018,17136,17013,17113,29,17113
2021/08/30,202206,17000,17058,16967,17042,26,17042
2021/08/31,202109,17276,17468,17144,17457,138468,17455
2021/08/31,202110,17222,17410,17092,17405,1292,17400
2021/08/31,202111,17195,17377,17060,17369,148,17369
2021/08/31,202112,17174,17347,17030,17347,49,17339
2021/08/31,202203,17067,17241,16928,17234,73,17234
2021/08/31,202206,16950,17151,16877,17142,36,17142
2021/09/01,202109,17408,17500,17363,17476,111022,17474
2021/09/01,202110,17350,17433,17309,17407,1342,17410
2021/09/01,202111,17309,17396,17279,17370,116,17370
2021/09/01,202112,17295,17353,17265,17343,180,17343
2021/09/01,202203,17177,17241,17134,17232,55,17232
2021/09/01,202206,17134,17134,17094,17118,5,17118
2021/09/02,202109,17434,17507,17266,17320,137473,17319
2021/09/02,202110,17379,17440,17207,17262,1366,17261
2021/09/02,202111,17325,17400,17181,17227,193,17224
2021/09/02,202112,17285,17361,17145,17187,33,17187
2021/09/02,202203,17195,17239,17040,17073,59,17073
2021/09/02,202206,17089,17089,16935,16980,33,16980
2021/09/03,202109,17442,17553,17370,17509,114430,17508
2021/09/03,202110,17369,17490,17312,17445,1491,17448
2021/09/03,202111,17290,17454,17280,17428,88,17410
2021/09/03,202112,17320,17410,17278,17396,39,17379
2021/09/03,202203,17204,17308,17133,17287,46,17267
2021/09/03,202206,17108,17210,17108,17180,28,17180
2021/09/06,202109,17440,17596,17425,17496,120721,17493
2021/09/06,202110,17382,17531,17368,17433,1733,17433
2021/09/06,202111,17400,17497,17333,17395,152,17395
2021/09/06,202112,17340,17463,17300,17354,79,17368
2021/09/06,202203,17238,17349,17187,17236,52,17252
2021/09/06,202206,17199,17255,17151,17157,23,17157
2021/09/07,202109,17522,17529,17337,17422,125371,17424
2021/09/07,202110,17468,17468,17277,17360,1578,17362
2021/09/07,202111,17434,17434,17251,17300,102,17324
2021/09/07,202112,17327,17327,17214,17323,30,17293
2021/09/07,202203,17269,17269,17097,17173,46,17173
2021/09/07,202206,17188,17188,17077,17088,7,17088
2021/09/08,202109,17395,17426,17163,17262,151809,17260
2021/09/08,202110,17342,17352,17106,17201,2919,17199
2021/09/08,202111,17320,17320,17077,17163,149,17170
2021/09/08,202112,17277,17277,17061,17137,43,17137
2021/09/08,202203,17154,17157,16927,17012,58,17022
2021/09/08,202206,17024,17064,16900,16925,26,16925
2021/09/09,202109,17142,17291,17084,17235,125037,17238
2021/09/09,202110,17090,17231,17028,17179,3491,17179
2021/09/09,202111,17084,17199,16995,17150,87,17150
2021/09/09,202112,17032,17170,16988,17121,73,17121
2021/09/09,202203,16929,17051,16866,17002,54,17002
2021/09/09,202206,16795,16921,16795,16915,8,16915
2021/09/10,202109,17300,17479,17284,17473,111079,17473
2021/09/10,202110,17235,17415,17223,17409,6652,17410
2021/09/10,202111,17210,17378,17196,17373,256,17373
2021/09/10,202112,17168,17337,17164,17337,250,17337
2021/09/10,202203,17069,17225,17069,17222,72,17222
2021/09/10,202206,16988,17138,16965,17122,27,17122
2021/09/13,202109,17434,17492,17356,17442,120401,17441
2021/09/13,202110,17372,17428,17298,17365,29412,17366
2021/09/13,202111,17375,17375,17264,17334,180,17332
2021/09/13,202112,17288,17334,17255,17295,289,17295
2021/09/13,202203,17232,17232,17117,17166,32,17166
2021/09/13,202206,17134,17134,17037,17052,25,17052
2021/09/14,202109,17541,17569,17426,17461,108843,17462
2021/09/14,202110,17433,17488,17366,17401,34691,17404
2021/09/14,202111,17450,17450,17332,17353,208,17363
2021/09/14,202112,17385,17405,17314,17319,551,17327
2021/09/14,202203,17230,17267,17190,17218,39,17199
2021/09/14,202206,17136,17136,17088,17102,9,17094
2021/09/15,202109,17403,17433,17280,17382,74105,0
2021/09/15,202110,17382,17382,17228,17323,59596,17328
2021/09/15,202111,17337,17337,17190,17293,475,17292
2021/09/15,202112,17315,17315,17154,17245,397,17245
2021/09/15,202203,17171,17180,17035,17119,57,17119
2021/09/15,202206,16962,17027,16935,17027,31,17016
2021/09/16,202110,17337,17362,17191,17248,93340,17247
2021/09/16,202111,17298,17323,17161,17215,836,17215
2021/09/16,202112,17257,17272,17132,17177,55,17177
2021/09/16,202203,17150,17150,17010,17010,9,17055
2021/09/16,202206,17032,17047,16916,16956,24,16956
2021/09/16,202209,16696,16707,16580,16580,16,16610
2021/09/17,202110,17256,17395,17165,17298,117752,17294
2021/09/17,202111,17215,17357,17136,17261,1018,17260
2021/09/17,202112,17174,17319,17122,17214,97,17214
2021/09/17,202203,17053,17190,16975,17092,666,17092
2021/09/17,202206,16970,17073,16948,17023,16,16999
2021/09/17,202209,16588,16700,16588,16681,7,16643
2021/09/22,202110,16835,16940,16751,16900,134553,16900
2021/09/22,202111,16795,16906,16723,16858,959,16866
2021/09/22,202112,16769,16867,16700,16827,162,16827
2021/09/22,202203,16705,16722,16577,16708,78,16708
2021/09/22,202206,16531,16627,16495,16604,41,16604
2021/09/22,202209,16220,16265,16200,16260,11,16260
2021/09/23,202110,17020,17130,16985,17080,99807,17080
2021/09/23,202111,16980,17092,16957,17041,690,17041
2021/09/23,202112,16937,17062,16927,17015,366,17014
2021/09/23,202203,16806,16907,16806,16872,13,16887
2021/09/23,202206,16757,16824,16703,16780,20,16780
2021/09/23,202209,16397,16429,16337,16384,20,16415
2021/09/24,202110,17191,17275,17170,17250,94226,17248
2021/09/24,202111,17167,17238,17139,17215,792,17213
2021/09/24,202112,17125,17202,17114,17179,47,17179
2021/09/24,202203,16998,17062,16996,17053,17,17053
2021/09/24,202206,16903,16968,16890,16955,29,16955
2021/09/24,202209,16554,16596,16554,16596,17,16596
2021/09/27,202110,17247,17344,17222,17292,94562,17292
2021/09/27,202111,17211,17310,17197,17262,878,17262
2021/09/27,202112,17179,17267,17178,17226,70,17226
2021/09/27,202203,17100,17150,17049,17063,25,17101
2021/09/27,202206,17000,17036,16950,17004,27,17004
2021/09/27,202209,16640,16648,16640,16643,5,16643
2021/09/28,202110,17182,17183,17042,17170,103595,17170
2021/09/28,202111,17160,17160,17015,17140,1058,17139
2021/09/28,202112,17090,17111,16990,17111,65,17111
2021/09/28,202203,16960,16964,16858,16956,70,16978
2021/09/28,202206,16836,16876,16761,16876,32,16876
2021/09/28,202209,16478,16478,16418,16437,12,16510
2021/09/29,202110,16926,16937,16760,16823,148685,16818
2021/09/29,202111,16903,16903,16731,16789,1158,16789
2021/09/29,202112,16837,16861,16707,16759,90,16759
2021/09/29,202203,16725,16725,16580,16580,41,16636
2021/09/29,202206,16600,16600,16477,16520,64,16534
2021/09/29,202209,16230,16230,16111,16111,20,16167
2021/09/30,202110,16803,16966,16704,16917,129398,16919
2021/09/30,202111,16751,16930,16675,16886,1547,16888
2021/09/30,202112,16732,16885,16650,16863,116,16854
2021/09/30,202203,16600,16743,16531,16731,21,16731
2021/09/30,202206,16595,16648,16595,16631,24,16631
2021/09/30,202209,16228,16278,16228,16267,26,16267
2021/10/01,202110,16800,16805,16415,16517,162836,16518
2021/10/01,202111,16767,16767,16388,16487,1746,16488
2021/10/01,202112,16706,16706,16362,16460,259,16460
2021/10/01,202203,16590,16590,16241,16300,76,16327
2021/10/01,202206,16333,16333,16131,16209,35,16223
2021/10/01,202209,15990,15990,15800,15828,16,15857
2021/10/04,202110,16588,16629,16313,16358,140802,16361
2021/10/04,202111,16583,16591,16284,16329,1178,16329
2021/10/04,202112,16560,16560,16260,16300,252,16303
2021/10/04,202203,16418,16418,16139,16193,48,16175
2021/10/04,202206,16070,16170,16053,16078,25,16078
2021/10/04,202209,15700,15700,15700,15700,2,15700
2021/10/05,202110,16240,16424,16107,16398,151416,16395
2021/10/05,202111,16215,16388,16076,16367,1397,16367
2021/10/05,202112,16154,16356,16050,16342,206,16342
2021/10/05,202203,16089,16228,15956,16228,85,16213
2021/10/05,202206,16000,16081,15850,16057,35,16111
2021/10/05,202209,,,,,0,15742
2021/10/06,202110,16470,16493,16265,16359,136018,16362
2021/10/06,202111,16420,16462,16237,16335,1521,16335
2021/10/06,202112,16407,16415,16211,16306,217,16306
2021/10/06,202203,16290,16299,16110,16172,45,16181
2021/10/06,202206,16160,16160,16000,16078,68,16078
2021/10/06,202209,15751,15751,15710,15710,3,15710
2021/10/07,202110,16521,16760,16519,16706,123808,16699
2021/10/07,202111,16479,16729,16479,16673,1639,16669
2021/10/07,202112,16425,16699,16425,16640,214,16640
2021/10/07,202203,16390,16561,16379,16529,54,16529
2021/10/07,202206,16300,16432,16300,16427,12,16427
2021/10/07,202209,16099,16100,16044,16044,22,16044
2021/10/08,202110,16740,16759,16591,16627,101077,16625
2021/10/08,202111,16705,16728,16565,16596,1478,16597
2021/10/08,202112,16663,16696,16539,16569,92,16569
2021/10/08,202203,16510,16522,16422,16430,19,16444
2021/10/08,202206,16444,16444,16313,16340,12,16340
2021/10/08,202209,16011,16011,15967,15970,7,15970
2021/10/12,202110,16485,16489,16285,16418,138434,16419
2021/10/12,202111,16476,16476,16263,16391,2263,16395
2021/10/12,202112,16456,16456,16236,16366,150,16368
2021/10/12,202203,16174,16272,16118,16249,75,16249
2021/10/12,202206,16120,16180,16048,16146,22,16146
2021/10/12,202209,15728,15748,15650,15740,7,15771
2021/10/13,202110,16520,16585,16318,16318,114897,16321
2021/10/13,202111,16481,16556,16294,16294,3243,16295
2021/10/13,202112,16462,16524,16275,16285,136,16269
2021/10/13,202203,16368,16400,16150,16150,59,16150
2021/10/13,202206,16265,16288,16065,16065,16,16048
2021/10/13,202209,15895,15895,15772,15772,5,15676
2021/10/14,202110,16496,16546,16354,16405,104604,16402
2021/10/14,202111,16439,16517,16328,16377,3151,16374
2021/10/14,202112,16436,16480,16302,16347,117,16347
2021/10/14,202203,16320,16349,16222,16250,19,16229
2021/10/14,202206,16226,16233,16105,16130,12,16130
2021/10/14,202209,,,,,0,15752
2021/10/15,202110,16654,16790,16570,16782,109050,16780
2021/10/15,202111,16632,16760,16542,16754,5610,16753
2021/10/15,202112,16603,16731,16516,16719,187,16719
2021/10/15,202203,16474,16605,16400,16602,58,16602
2021/10/15,202206,16380,16499,16343,16492,15,16492
2021/10/15,202209,16075,16127,16075,16118,16,16118
2021/10/18,202110,16800,16870,16705,16725,109628,16721
2021/10/18,202111,16803,16842,16677,16693,28882,16690
2021/10/18,202112,16752,16809,16661,16662,147,16662
2021/10/18,202203,16631,16662,16548,16550,69,16550
2021/10/18,202206,16493,16493,16464,16464,4,16445
2021/10/18,202209,16121,16124,16121,16124,11,16060
2021/10/19,202110,16810,16954,16787,16902,97333,16903
2021/10/19,202111,16780,16920,16758,16872,34604,16875
2021/10/19,202112,16743,16888,16738,16843,173,16846
2021/10/19,202203,16627,16762,16616,16720,46,16722
2021/10/19,202206,16518,16656,16518,16632,29,16616
2021/10/19,202209,16244,16253,16244,16253,6,16231
2021/10/20,202110,16973,16987,16863,16882,56080,0
2021/10/20,202111,16921,16955,16855,16889,44313,16887
2021/10/20,202112,16904,16920,16828,16855,296,16855
2021/10/20,202203,16784,16800,16715,16733,29,16733
2021/10/20,202206,16671,16671,16671,16671,1,16635
2021/10/20,202209,16240,16255,16239,16250,6,16250
2021/10/21,202111,16879,17047,16812,16813,117754,16815
2021/10/21,202112,16850,17017,16787,16787,1160,16789
2021/10/21,202201,16819,16954,16739,16739,56,16739
2021/10/21,202203,16748,16878,16670,16670,34,16670
2021/10/21,202206,16654,16783,16575,16575,14,16564
2021/10/21,202209,16307,16368,16188,16188,10,16188
2021/10/22,202111,16877,16913,16770,16854,98819,16853
2021/10/22,202112,16844,16883,16746,16828,929,16828
2021/10/22,202201,16778,16820,16707,16770,37,16770
2021/10/22,202203,16709,16755,16629,16718,35,16706
2021/10/22,202206,16620,16628,16586,16615,8,16604
2021/10/22,202209,16228,16228,16214,16226,3,16213
2021/10/25,202111,16788,16930,16731,16888,97221,16891
2021/10/25,202112,16745,16900,16707,16864,788,16864
2021/10/25,202201,16705,16830,16656,16809,77,16809
2021/10/25,202203,16646,16777,16598,16741,20,16741
2021/10/25,202206,16545,16651,16536,16651,18,16640
2021/10/25,202209,16159,16265,16159,16265,2,16250
2021/10/26,202111,16975,17073,16948,17048,92092,17044
2021/10/26,202112,16955,17042,16928,17017,688,17014
2021/10/26,202201,16882,16988,16872,16946,45,16965
2021/10/26,202203,16833,16911,16800,16890,31,16890
2021/10/26,202206,16769,16805,16760,16775,17,16793
2021/10/26,202209,16379,16418,16379,16399,25,16399
2021/10/27,202111,16944,17088,16928,17071,85950,17068
2021/10/27,202112,16932,17058,16904,17038,632,17038
2021/10/27,202201,16880,16989,16865,16989,47,16989
2021/10/27,202203,16816,16921,16808,16921,28,16921
2021/10/27,202206,16703,16825,16703,16810,20,16810
2021/10/27,202209,16328,16360,16311,16318,8,16421
2021/10/28,202111,17013,17103,16984,17038,85288,17039
2021/10/28,202112,16979,17073,16956,17010,721,17010
2021/10/28,202201,16920,17013,16913,16962,31,16962
2021/10/28,202203,16869,16946,16833,16885,38,16885
2021/10/28,202206,16810,16810,16758,16788,8,16788
2021/10/28,202209,16348,16394,16347,16393,11,16380
2021/10/29,202111,17061,17074,16858,16945,111444,16946
2021/10/29,202112,17038,17044,16831,16919,1207,16917
2021/10/29,202201,16980,16980,16784,16860,130,16860
2021/10/29,202203,16919,16919,16708,16794,82,16794
2021/10/29,202206,16749,16749,16650,16686,28,16686
2021/10/29,202209,16360,16360,16225,16300,21,16286
2021/11/01,202111,17040,17130,17028,17079,79806,17080
2021/11/01,202112,16989,17098,16989,17053,818,17051
2021/11/01,202201,16950,17033,16950,16991,61,16991
2021/11/01,202203,16898,16969,16877,16936,50,16925
2021/11/01,202206,16801,16846,16785,16808,28,16808
2021/11/01,202209,16415,16415,16407,16413,17,16413
2021/11/02,202111,17167,17255,17004,17047,109134,17047
2021/11/02,202112,17129,17225,16980,17020,1420,17020
2021/11/02,202201,17090,17170,16930,16940,145,16966
2021/11/02,202203,17014,17098,16865,16876,119,16897
2021/11/02,202206,16888,16961,16765,16765,24,16784
2021/11/02,202209,16509,16566,16358,16376,31,16376
2021/11/03,202111,17081,17127,17040,17092,72076,17091
2021/11/03,202112,17053,17100,17015,17069,623,17068
2021/11/03,202201,16996,17038,16970,17008,62,17008
2021/11/03,202203,16918,16958,16908,16952,25,16939
2021/11/03,202206,16822,16839,16788,16829,14,16829
2021/11/03,202209,16443,16443,16425,16434,17,16434
2021/11/04,202111,17269,17280,17050,17075,90112,17073
2021/11/04,202112,17235,17251,17030,17046,1287,17046
2021/11/04,202201,17180,17180,16978,16985,177,16994
2021/11/04,202203,17120,17120,16910,16921,55,16921
2021/11/04,202206,16988,16988,16794,16803,26,16803
2021/11/04,202209,16567,16567,16435,16435,11,16408
2021/11/05,202111,17150,17279,17106,17267,90064,17269
2021/11/05,202112,17136,17250,17082,17242,1351,17241
2021/11/05,202201,17073,17196,17040,17188,69,17188
2021/11/05,202203,17002,17120,16956,17116,82,17116
2021/11/05,202206,16852,17000,16852,17000,44,17000
2021/11/05,202209,16539,16600,16489,16600,15,16600
2021/11/08,202111,17256,17425,17251,17424,77522,17423
2021/11/08,202112,17244,17397,17230,17395,1518,17395
2021/11/08,202201,17187,17341,17185,17341,88,17341
2021/11/08,202203,17120,17263,17120,17263,46,17263
2021/11/08,202206,17007,17154,17007,17154,38,17154
2021/11/08,202209,16673,16738,16672,16738,6,16738
2021/11/09,202111,17499,17593,17480,17555,80924,17551
2021/11/09,202112,17465,17562,17456,17521,1948,17521
2021/11/09,202201,17426,17501,17410,17473,73,17473
2021/11/09,202203,17341,17428,17341,17390,55,17390
2021/11/09,202206,17224,17304,17224,17282,18,17282
2021/11/09,202209,16837,16911,16837,16888,36,16888
2021/11/10,202111,17550,17581,17496,17555,75931,17554
2021/11/10,202112,17525,17552,17470,17524,1336,17526
2021/11/10,202201,17459,17492,17415,17471,100,17471
2021/11/10,202203,17396,17407,17338,17398,160,17398
2021/11/10,202206,17293,17304,17230,17271,23,17271
2021/11/10,202209,16895,16895,16837,16887,13,16887
2021/11/11,202111,17430,17537,17395,17470,84466,17473
2021/11/11,202112,17412,17509,17370,17445,2009,17446
2021/11/11,202201,17365,17450,17315,17390,209,17393
2021/11/11,202203,17289,17373,17277,17306,60,17315
2021/11/11,202206,17173,17256,17165,17193,13,17193
2021/11/11,202209,16742,16799,16742,16794,18,16794
2021/11/12,202111,17570,17638,17491,17547,91259,17544
2021/11/12,202112,17514,17612,17470,17524,4860,17521
2021/11/12,202201,17474,17550,17428,17461,111,17469
2021/11/12,202203,17381,17476,17344,17368,150,17394
2021/11/12,202206,17300,17353,17245,17245,23,17280
2021/11/12,202209,16849,16923,16849,16875,21,16875
2021/11/15,202111,17615,17707,17603,17664,102421,17664
2021/11/15,202112,17591,17685,17588,17647,31438,17645
2021/11/15,202201,17540,17630,17537,17589,932,17589
2021/11/15,202203,17483,17552,17458,17511,260,17511
2021/11/15,202206,17404,17432,17358,17395,16,17395
2021/11/15,202209,16973,17018,16962,17005,9,17005
2021/11/16,202111,17662,17717,17653,17701,78291,17698
2021/11/16,202112,17629,17702,17629,17680,33418,17681
2021/11/16,202201,17607,17650,17595,17633,263,17633
2021/11/16,202203,17518,17567,17518,17546,43,17546
2021/11/16,202206,17419,17452,17412,17432,20,17432
2021/11/16,202209,17002,17054,17002,17037,23,17037
2021/11/17,202111,17711,17761,17678,17722,52589,0
2021/11/17,202112,17710,17764,17661,17764,42223,17761
2021/11/17,202201,17658,17711,17615,17710,326,17710
2021/11/17,202203,17569,17629,17543,17629,66,17629
2021/11/17,202206,17456,17508,17436,17508,19,17508
2021/11/17,202209,17059,17099,17059,17099,3,17099
2021/11/18,202112,17769,17868,17763,17860,87837,17859
2021/11/18,202201,17715,17819,17715,17813,980,17811
2021/11/18,202202,17702,17781,17700,17781,47,17781
2021/11/18,202203,17655,17733,17642,17732,79,17732
2021/11/18,202206,17543,17618,17528,17618,24,17618
2021/11/18,202209,17119,17214,17109,17213,25,17213
2021/11/19,202112,17919,17949,17813,17851,82761,17852
2021/11/19,202201,17866,17902,17766,17804,958,17804
2021/11/19,202202,17829,17868,17740,17762,46,17773
2021/11/19,202203,17817,17817,17696,17721,36,17721
2021/11/19,202206,17657,17657,17571,17596,6,17605
2021/11/19,202209,,,,,0,17206
2021/11/22,202112,17790,17876,17787,17836,58435,17836
2021/11/22,202201,17739,17825,17739,17790,420,17789
2021/11/22,202202,17748,17790,17744,17765,26,17765
2021/11/22,202203,17697,17742,17697,17717,18,17707
2021/11/22,202206,17598,17598,17586,17586,3,17586
2021/11/22,202209,,,,,0,17183
2021/11/23,202112,17765,17768,17638,17659,102784,17659
2021/11/23,202201,17723,17723,17593,17610,982,17611
2021/11/23,202202,17666,17666,17565,17572,124,17582
2021/11/23,202203,17627,17627,17518,17532,56,17532
2021/11/23,202206,17481,17493,17412,17419,15,17419
2021/11/23,202209,17079,17092,17002,17005,27,17005
2021/11/24,202112,17604,17698,17593,17679,76818,17680
2021/11/24,202201,17545,17650,17545,17634,1184,17634
2021/11/24,202202,17537,17620,17528,17605,36,17605
2021/11/24,202203,17543,17551,17475,17522,40,17551
2021/11/24,202206,17412,17456,17379,17421,8,17439
2021/11/24,202209,,,,,0,17026
2021/11/25,202112,17688,17715,17600,17676,66753,17673
2021/11/25,202201,17643,17666,17555,17627,543,17626
2021/11/25,202202,17622,17622,17529,17602,37,17602
2021/11/25,202203,17516,17554,17475,17541,33,17541
2021/11/25,202206,17450,17450,17371,17440,13,17440
2021/11/25,202209,17037,17044,16974,16974,4,17030
2021/11/26,202112,17530,17572,17307,17342,129988,17342
2021/11/26,202201,17505,17525,17264,17296,1652,17298
2021/11/26,202202,17431,17494,17242,17265,263,17265
2021/11/26,202203,17418,17436,17183,17217,210,17217
2021/11/26,202206,17284,17327,17100,17100,42,17100
2021/11/26,202209,16969,16969,16688,16703,43,16703
2021/11/29,202112,17243,17416,17184,17308,120115,17311
2021/11/29,202201,17198,17365,17138,17261,1099,17263
2021/11/29,202202,17166,17327,17119,17231,155,17235
2021/11/29,202203,17096,17280,17080,17188,84,17180
2021/11/29,202206,17000,17162,16960,17080,28,17080
2021/11/29,202209,16655,16739,16655,16739,3,16672
2021/11/30,202112,17428,17537,17312,17327,111906,17330
2021/11/30,202201,17366,17486,17263,17280,1346,17280
2021/11/30,202202,17380,17455,17253,17253,79,17253
2021/11/30,202203,17280,17400,17198,17205,268,17205
2021/11/30,202206,17184,17290,17082,17082,22,17082
2021/11/30,202209,16805,16875,16678,16695,19,16695
2021/12/01,202112,17350,17617,17333,17586,103548,17584
2021/12/01,202201,17300,17567,17286,17536,1353,17538
2021/12/01,202202,17293,17535,17280,17500,138,17500
2021/12/01,202203,17245,17480,17230,17448,140,17448
2021/12/01,202206,17142,17363,17097,17339,45,17339
2021/12/01,202209,16766,16947,16766,16944,31,16944
2021/12/02,202112,17570,17709,17509,17705,108997,17704
2021/12/02,202201,17500,17655,17461,17649,1703,17648
2021/12/02,202202,17485,17620,17472,17618,50,17618
2021/12/02,202203,17414,17570,17400,17559,173,17568
2021/12/02,202206,17311,17438,17311,17410,12,17453
2021/12/02,202209,16903,17050,16903,17050,19,17050
2021/12/03,202112,17696,17745,17621,17706,79145,17706
2021/12/03,202201,17656,17689,17569,17650,1196,17652
2021/12/03,202202,17590,17652,17545,17620,66,17620
2021/12/03,202203,17570,17600,17488,17571,68,17571
2021/12/03,202206,17453,17473,17452,17457,7,17446
2021/12/03,202209,17051,17077,16980,17077,8,17047
2021/12/06,202112,17619,17736,17527,17693,91121,17692
2021/12/06,202201,17577,17680,17479,17638,1583,17638
2021/12/06,202202,17528,17645,17450,17610,81,17610
2021/12/06,202203,17478,17577,17396,17548,74,17548
2021/12/06,202206,17300,17468,17300,17424,13,17435
2021/12/06,202209,16911,17059,16908,17053,9,17035
2021/12/07,202112,17677,17799,17586,17795,94771,17795
2021/12/07,202201,17618,17742,17535,17740,1721,17740
2021/12/07,202202,17597,17711,17508,17708,58,17709
2021/12/07,202203,17545,17652,17468,17651,107,17651
2021/12/07,202206,17400,17504,17378,17504,16,17534
2021/12/07,202209,17031,17122,16950,17122,13,17122
2021/12/08,202112,17945,17988,17840,17851,94293,17853
2021/12/08,202201,17877,17929,17784,17793,1820,17796
2021/12/08,202202,17850,17895,17760,17768,76,17768
2021/12/08,202203,17799,17839,17700,17716,108,17707
2021/12/08,202206,17699,17699,17576,17576,27,17584
2021/12/08,202209,17271,17271,17191,17191,2,17174
2021/12/09,202112,17886,17946,17812,17911,79412,17910
2021/12/09,202201,17830,17888,17756,17852,2376,17852
2021/12/09,202202,17805,17845,17727,17823,42,17823
2021/12/09,202203,17760,17793,17676,17765,57,17765
2021/12/09,202206,17640,17672,17559,17559,13,17647
2021/12/09,202209,,,,,0,17235
2021/12/10,202112,17808,17874,17765,17818,73341,17818
2021/12/10,202201,17762,17819,17713,17763,3605,17762
2021/12/10,202202,17712,17787,17686,17730,59,17730
2021/12/10,202203,17689,17718,17642,17672,25,17672
2021/12/10,202206,17560,17572,17513,17572,7,17558
2021/12/10,202209,,,,,0,17143
2021/12/13,202112,17912,17944,17743,17752,102639,17753
2021/12/13,202201,17835,17889,17684,17691,32616,17693
2021/12/13,202202,17830,17851,17658,17662,129,17662
2021/12/13,202203,17765,17790,17601,17601,289,17608
2021/12/13,202206,17670,17670,17504,17504,18,17504
2021/12/13,202209,17237,17237,17166,17183,5,17085
2021/12/14,202112,17683,17711,17565,17605,109694,17602
2021/12/14,202201,17626,17651,17510,17543,38004,17543
2021/12/14,202202,17603,17618,17489,17514,154,17514
2021/12/14,202203,17554,17555,17430,17458,161,17458
2021/12/14,202206,17437,17443,17320,17337,35,17350
2021/12/14,202209,16992,16992,16930,16942,16,16942
2021/12/15,202112,17588,17666,17536,17630,53677,0
2021/12/15,202201,17491,17604,17482,17597,42843,17598
2021/12/15,202202,17498,17573,17459,17571,235,17571
2021/12/15,202203,17425,17514,17399,17502,61,17502
2021/12/15,202206,17327,17390,17303,17386,24,17393
2021/12/15,202209,16960,16960,16960,16960,2,16999
2021/12/16,202201,17765,17809,17671,17804,84101,17804
2021/12/16,202202,17719,17778,17645,17778,572,17776
2021/12/16,202203,17677,17714,17585,17714,122,17712
2021/12/16,202206,17557,17590,17477,17590,42,17590
2021/12/16,202209,17166,17170,17093,17157,16,17194
2021/12/16,202212,17050,17124,16980,17117,23,17117
2021/12/17,202201,17716,17798,17703,17786,78566,17785
2021/12/17,202202,17684,17768,17677,17759,565,17757
2021/12/17,202203,17639,17695,17621,17695,98,17695
2021/12/17,202206,17524,17588,17500,17580,16,17580
2021/12/17,202209,,,,,0,17175
2021/12/17,202212,17077,17091,17077,17091,4,17091
2021/12/20,202201,17720,17748,17564,17580,103831,17582
2021/12/20,202202,17724,17724,17537,17549,1067,17552
2021/12/20,202203,17610,17653,17480,17504,154,17492
2021/12/20,202206,17485,17500,17362,17397,63,17371
2021/12/20,202209,,,,,0,16968
2021/12/20,202212,16900,16926,16899,16899,3,16899
2021/12/21,202201,17660,17829,17624,17796,87917,17796
2021/12/21,202202,17611,17797,17597,17766,800,17764
2021/12/21,202203,17568,17736,17545,17704,120,17704
2021/12/21,202206,17442,17600,17440,17600,46,17580
2021/12/21,202209,17055,17142,17042,17142,10,17178
2021/12/21,202212,17001,17095,17001,17095,7,17095
2021/12/22,202201,17847,17852,17783,17833,54102,17832
2021/12/22,202202,17815,17815,17753,17802,613,17801
2021/12/22,202203,17747,17747,17701,17740,94,17740
2021/12/22,202206,17607,17613,17588,17612,7,17612
2021/12/22,202209,17209,17209,17177,17200,9,17200
2021/12/22,202212,17295,17295,17101,17101,6,17124
2021/12/23,202201,17935,17983,17903,17954,66061,17951
2021/12/23,202202,17900,17948,17872,17922,623,17919
2021/12/23,202203,17849,17890,17814,17858,92,17856
2021/12/23,202206,17699,17753,17690,17730,24,17730
2021/12/23,202209,17288,17335,17284,17331,19,17331
2021/12/23,202212,17234,17257,17234,17257,16,17257
2021/12/24,202201,18014,18035,17946,17958,50035,17957
2021/12/24,202202,17978,17999,17916,17925,406,17925
2021/12/24,202203,17905,17936,17870,17872,209,17872
2021/12/24,202206,17778,17792,17748,17750,16,17750
2021/12/24,202209,17380,17387,17355,17355,6,17335
2021/12/24,202212,17296,17310,17260,17260,5,17260
2021/12/27,202201,17982,18099,17967,18068,58096,18070
2021/12/27,202202,17951,18064,17940,18036,518,18036
2021/12/27,202203,17900,18008,17897,17990,213,17990
2021/12/27,202206,17783,17876,17780,17850,33,17850
2021/12/27,202209,17365,17434,17365,17434,11,17434
2021/12/27,202212,17282,17368,17282,17368,4,17368
2021/12/28,202201,18115,18209,18105,18207,60973,18206
2021/12/28,202202,18076,18176,18076,18175,481,18175
2021/12/28,202203,18042,18112,18035,18112,158,18112
2021/12/28,202206,17901,17979,17901,17979,15,17979
2021/12/28,202209,17489,17494,17485,17494,7,17579
2021/12/28,202212,17415,17475,17402,17475,9,17475
2021/12/29,202201,18195,18289,18188,18276,57011,18274
2021/12/29,202202,18175,18255,18160,18242,481,18241
2021/12/29,202203,18129,18195,18103,18180,85,18180
2021/12/29,202206,17983,18051,17983,18051,8,18051
2021/12/29,202209,17650,17650,17650,17650,2,17650
2021/12/29,202212,17549,17567,17549,17565,16,17565
2021/12/30,202201,18242,18265,18177,18212,56933,18209
2021/12/30,202202,18214,18231,18150,18181,498,18179
2021/12/30,202203,18163,18172,18096,18117,117,18117
2021/12/30,202206,18043,18045,17970,17992,41,17992
2021/12/30,202209,17633,17633,17575,17597,14,17597
2021/12/30,202212,17491,17506,17491,17506,4,17506
2022/01/03,202201,18288,18389,18203,18273,96972,18272
2022/01/03,202202,18240,18355,18179,18244,839,18245
2022/01/03,202203,18169,18292,18122,18186,193,18186
2022/01/03,202206,18090,18169,17996,18046,34,18063
2022/01/03,202209,17700,17756,17610,17659,19,17659
2022/01/03,202212,17610,17640,17545,17545,6,17576
2022/01/04,202201,18361,18522,18359,18516,90796,18514
2022/01/04,202202,18321,18490,18321,18480,974,18480
2022/01/04,202203,18271,18427,18271,18420,221,18420
2022/01/04,202206,18130,18300,18130,18300,48,18300
2022/01/04,202209,17772,17900,17772,17897,16,17897
2022/01/04,202212,17679,17800,17679,17800,28,17800
2022/01/05,202201,18480,18546,18438,18480,82044,18480
2022/01/05,202202,18468,18512,18405,18446,1095,18448
2022/01/05,202203,18403,18432,18351,18387,67,18387
2022/01/05,202206,18303,18310,18240,18252,29,18252
2022/01/05,202209,17905,17919,17838,17842,12,17858
2022/01/05,202212,17797,17828,17741,17768,22,17768
2022/01/06,202201,18345,18419,18238,18335,119801,18337
2022/01/06,202202,18320,18387,18215,18305,1964,18305
2022/01/06,202203,18280,18327,18157,18250,367,18250
2022/01/06,202206,18125,18181,18038,18133,62,18114
2022/01/06,202209,17715,17785,17652,17723,19,17723
2022/01/06,202212,17669,17671,17578,17659,27,17659
2022/01/07,202201,18459,18478,18115,18143,137788,18146
2022/01/07,202202,18414,18444,18095,18119,1803,18117
2022/01/07,202203,18314,18365,18038,18060,368,18060
2022/01/07,202206,18210,18211,17930,17930,35,17930
2022/01/07,202209,17829,17829,17524,17535,45,17535
2022/01/07,202212,17762,17762,17450,17474,47,17474
2022/01/10,202201,18075,18264,18022,18258,96625,18260
2022/01/10,202202,18046,18233,17995,18233,1470,18230
2022/01/10,202203,18000,18169,17938,18169,262,18169
2022/01/10,202206,17830,18021,17812,18021,25,18040
2022/01/10,202209,17470,17644,17410,17640,19,17640
2022/01/10,202212,17400,17588,17384,17586,26,17586
2022/01/11,202201,18200,18295,18102,18280,119585,18279
2022/01/11,202202,18166,18261,18079,18247,2200,18245
2022/01/11,202203,18142,18202,18018,18188,331,18188
2022/01/11,202206,17900,18065,17900,18057,20,18057
2022/01/11,202209,17613,17633,17497,17600,16,17658
2022/01/11,202212,17490,17603,17436,17603,7,17603
2022/01/12,202201,18403,18411,18271,18375,90837,18376
2022/01/12,202202,18359,18370,18240,18340,3063,18340
2022/01/12,202203,18301,18304,18179,18283,420,18283
2022/01/12,202206,18162,18162,18091,18147,14,18148
2022/01/12,202209,17754,17754,17655,17730,42,17746
2022/01/12,202212,17684,17684,17590,17666,24,17666
2022/01/13,202201,18433,18485,18364,18425,95326,18425
2022/01/13,202202,18396,18446,18328,18390,3199,18387
2022/01/13,202203,18351,18378,18272,18332,382,18332
2022/01/13,202206,18222,18222,18145,18208,19,18196
2022/01/13,202209,17768,17839,17740,17808,8,17794
2022/01/13,202212,17730,17775,17692,17723,18,17712
2022/01/14,202201,18549,18560,18220,18357,158202,18360
2022/01/14,202202,18519,18519,18188,18325,9109,18324
2022/01/14,202203,18459,18459,18143,18271,707,18271
2022/01/14,202206,18279,18289,18018,18134,36,18134
2022/01/14,202209,17846,17846,17646,17748,22,17736
2022/01/14,202212,17801,17801,17570,17676,25,17653
2022/01/17,202201,18417,18537,18387,18509,117616,18508
2022/01/17,202202,18381,18495,18348,18470,26440,18466
2022/01/17,202203,18339,18430,18305,18412,461,18412
2022/01/17,202206,18186,18298,18186,18278,32,18278
2022/01/17,202209,17825,17900,17825,17900,8,17881
2022/01/17,202212,17699,17814,17699,17814,20,17797
2022/01/18,202201,18531,18583,18347,18349,129157,18350
2022/01/18,202202,18460,18534,18308,18314,36908,18312
2022/01/18,202203,18431,18471,18253,18253,626,18253
2022/01/18,202206,18263,18335,18140,18140,59,18128
2022/01/18,202209,17850,17940,17732,17732,25,17722
2022/01/18,202212,17766,17862,17653,17653,25,17653
2022/01/19,202201,18261,18345,18210,18218,72718,0
2022/01/19,202202,18258,18309,18141,18143,63239,18146
2022/01/19,202203,18211,18249,18089,18092,736,18094
2022/01/19,202206,18067,18105,17993,17996,57,17973
2022/01/19,202209,17646,17705,17577,17577,36,17565
2022/01/19,202212,17571,17643,17486,17486,25,17486
2022/01/20,202202,18203,18270,18081,18226,119191,18224
2022/01/20,202203,18156,18210,18030,18168,1032,18168
2022/01/20,202204,18116,18170,17992,18148,47,18131
2022/01/20,202206,18038,18085,17913,18070,61,18052
2022/01/20,202209,17606,17659,17537,17637,32,17637
2022/01/20,202212,17511,17575,17492,17572,23,17572
2022/01/21,202202,18026,18050,17836,17895,157754,17896
2022/01/21,202203,17990,17990,17785,17840,1503,17842
2022/01/21,202204,17917,17938,17750,17793,88,17801
2022/01/21,202206,17900,17900,17667,17726,56,17726
2022/01/21,202209,17500,17500,17260,17307,57,17307
2022/01/21,202212,17298,17356,17200,17233,30,17233
2022/01/24,202202,17736,17973,17703,17957,133779,17957
2022/01/24,202203,17679,17915,17652,17905,978,17903
2022/01/24,202204,17679,17876,17610,17864,231,17864
2022/01/24,202206,17613,17790,17585,17790,66,17790
2022/01/24,202209,17208,17376,17138,17367,28,17367
2022/01/24,202212,17124,17301,17067,17293,31,17293
2022/01/25,202202,17790,17799,17578,17678,158896,17674
2022/01/25,202203,17749,17749,17525,17625,1272,17621
2022/01/25,202204,17705,17705,17500,17578,145,17578
2022/01/25,202206,17563,17586,17418,17502,45,17502
2022/01/25,202209,17178,17200,17004,17080,40,17080
2022/01/25,202212,17034,17059,16953,17012,15,17012
2022/01/26,202202,17683,17757,17607,17625,96254,17624
2022/01/26,202203,17629,17700,17558,17570,1536,17568
2022/01/26,202204,17562,17660,17530,17531,25,17531
2022/01/26,202206,17506,17576,17448,17455,51,17455
2022/01/26,202209,17091,17091,17022,17035,23,17035
2022/01/26,202212,17021,17080,16950,16964,16,16964
2022/02/07,202202,17797,17900,17693,17899,113464,17896
2022/02/07,202203,17700,17847,17645,17846,1731,17846
2022/02/07,202204,17690,17804,17603,17795,71,17805
2022/02/07,202206,17571,17726,17530,17726,59,17726
2022/02/07,202209,17172,17300,17172,17300,8,17309
2022/02/07,202212,17170,17208,17155,17208,6,17234
2022/02/08,202202,17960,18047,17922,17942,89700,17942
2022/02/08,202203,17894,17991,17870,17889,1697,17888
2022/02/08,202204,17878,17948,17830,17850,115,17850
2022/02/08,202206,17806,17869,17768,17768,28,17768
2022/02/08,202209,17400,17450,17400,17428,6,17350
2022/02/08,202212,17310,17370,17263,17280,28,17280
2022/02/09,202202,18068,18169,18050,18167,72278,18164
2022/02/09,202203,18005,18113,17997,18113,1929,18108
2022/02/09,202204,17965,18073,17960,18073,93,18069
2022/02/09,202206,17888,17985,17888,17985,93,17984
2022/02/09,202209,17475,17571,17475,17571,26,17571
2022/02/09,202212,17435,17450,17435,17450,8,17496
2022/02/10,202202,18230,18340,18133,18337,95136,18334
2022/02/10,202203,18179,18283,18080,18280,3173,18278
2022/02/10,202204,18121,18235,18050,18235,150,18235
2022/02/10,202206,18033,18154,17963,18154,34,18154
2022/02/10,202209,17600,17726,17545,17726,23,17736
2022/02/10,202212,17543,17657,17494,17657,28,17657
2022/02/11,202202,18202,18290,18182,18275,87617,18273
2022/02/11,202203,18168,18243,18132,18226,5267,18226
2022/02/11,202204,18146,18196,18100,18173,100,18187
2022/02/11,202206,18053,18107,18017,18093,21,18093
2022/02/11,202209,17638,17691,17638,17663,13,17677
2022/02/11,202212,17571,17615,17571,17590,25,17604
2022/02/14,202202,18099,18132,17934,17977,137955,17977
2022/02/14,202203,18065,18089,17890,17930,30885,17932
2022/02/14,202204,18046,18046,17860,17900,478,17900
2022/02/14,202206,17940,17950,17778,17812,234,17812
2022/02/14,202209,17419,17440,17300,17381,101,17381
2022/02/14,202212,17499,17499,17277,17328,17,17314
2022/02/15,202202,17922,18093,17883,17953,114065,17955
2022/02/15,202203,17880,18050,17840,17922,34037,17920
2022/02/15,202204,17858,18010,17848,17880,253,17880
2022/02/15,202206,17820,17915,17762,17798,164,17798
2022/02/15,202209,17408,17475,17320,17320,46,17354
2022/02/15,202212,17350,17417,17276,17281,24,17291
2022/02/16,202202,18184,18248,18140,18207,63453,0
2022/02/16,202203,18168,18219,18110,18213,52439,18215
2022/02/16,202204,18122,18181,18086,18180,571,18179
2022/02/16,202206,18040,18100,18006,18100,107,18099
2022/02/16,202209,17600,17633,17538,17627,105,17627
2022/02/16,202212,17528,17566,17496,17566,27,17566
2022/02/17,202203,18269,18330,18168,18243,110179,18244
2022/02/17,202204,18228,18292,18134,18207,878,18208
2022/02/17,202205,18194,18250,18100,18177,49,18177
2022/02/17,202206,18150,18212,18057,18120,142,18120
2022/02/17,202209,17679,17719,17588,17645,49,17645
2022/02/17,202212,17609,17656,17570,17570,23,17580
2022/02/18,202203,18065,18254,18039,18226,96351,18227
2022/02/18,202204,18026,18218,18007,18192,756,18192
2022/02/18,202205,18007,18176,17975,18151,94,18151
2022/02/18,202206,17942,18131,17930,18131,88,18112
2022/02/18,202209,17490,17651,17458,17645,15,17635
2022/02/18,202212,17400,17575,17400,17575,8,17565
2022/02/21,202203,18001,18242,17970,18210,95874,18212
2022/02/21,202204,17992,18208,17940,18177,700,18178
2022/02/21,202205,17930,18169,17917,18147,156,18147
2022/02/21,202206,17890,18110,17876,18109,87,18096
2022/02/21,202209,17400,17635,17400,17635,32,17619
2022/02/21,202212,17353,17540,17334,17536,16,17549
2022/02/22,202203,17990,18068,17773,17878,144406,17880
2022/02/22,202204,17973,18030,17747,17849,1176,17850
2022/02/22,202205,17941,17989,17730,17819,207,17818
2022/02/22,202206,17876,17939,17665,17791,155,17770
2022/02/22,202209,17400,17400,17195,17309,40,17295
2022/02/22,202212,17301,17301,17150,17235,57,17220
2022/02/23,202203,17954,18060,17936,18042,83991,18042
2022/02/23,202204,17920,18028,17909,18013,813,18010
2022/02/23,202205,17878,17986,17878,17975,80,17975
2022/02/23,202206,17835,17943,17835,17928,80,17928
2022/02/23,202209,17314,17447,17314,17420,99,17439
2022/02/23,202212,17284,17372,17284,17372,16,17372
2022/02/24,202203,17811,17850,17506,17516,187058,17513
2022/02/24,202204,17803,17813,17484,17485,1370,17486
2022/02/24,202205,17746,17790,17461,17461,213,17461
2022/02/24,202206,17701,17745,17430,17442,125,17419
2022/02/24,202209,17177,17235,16921,16923,132,16923
2022/02/24,202212,17051,17158,16850,16850,58,16850
2022/02/25,202203,17660,17702,17513,17606,129514,17610
2022/02/25,202204,17607,17670,17486,17580,974,17579
2022/02/25,202205,17604,17638,17467,17555,110,17555
2022/02/25,202206,17520,17601,17424,17493,61,17509
2022/02/25,202209,17080,17080,16967,17010,30,17010
2022/02/25,202212,17011,17011,16858,16917,9,16934
2022/03/01,202203,17756,17942,17692,17911,109687,17912
2022/03/01,202204,17717,17911,17666,17888,820,17883
2022/03/01,202205,17704,17877,17691,17853,79,17853
2022/03/01,202206,17629,17834,17629,17815,38,17815
2022/03/01,202209,17175,17318,17135,17302,40,17302
2022/03/01,202212,17100,17244,17060,17234,32,17234
2022/03/02,202203,17788,17895,17758,17844,94806,17838
2022/03/02,202204,17761,17866,17733,17815,1080,17811
2022/03/02,202205,17742,17833,17707,17779,27,17779
2022/03/02,202206,17674,17795,17668,17758,93,17758
2022/03/02,202209,17225,17266,17183,17217,83,17217
2022/03/02,202212,17091,17168,17091,17158,14,17158
2022/03/03,202203,17942,17964,17865,17929,77058,17929
2022/03/03,202204,17901,17935,17840,17902,1107,17900
2022/03/03,202205,17892,17901,17819,17872,26,17872
2022/03/03,202206,17849,17853,17779,17830,19,17830
2022/03/03,202209,17316,17316,17258,17279,23,17300
2022/03/03,202212,17250,17250,17200,17220,5,17233
2022/03/04,202203,17608,17788,17522,17666,118785,17668
2022/03/04,202204,17608,17760,17499,17641,1316,17640
2022/03/04,202205,17563,17729,17488,17620,75,17620
2022/03/04,202206,17570,17672,17476,17582,78,17582
2022/03/04,202209,17000,17127,16960,17049,155,17039
2022/03/04,202212,16988,17050,16900,16971,28,16971
2022/03/07,202203,17362,17405,17051,17058,157085,17058
2022/03/07,202204,17380,17380,17030,17036,3576,17033
2022/03/07,202205,17400,17400,17020,17020,250,17020
2022/03/07,202206,17304,17310,16978,16978,121,16979
2022/03/07,202209,16670,16670,16423,16423,203,16424
2022/03/07,202212,16711,16711,16375,16380,57,16360
2022/03/08,202203,16840,17058,16695,16702,160675,16707
2022/03/08,202204,16789,17030,16670,16670,3503,16677
2022/03/08,202205,16850,17003,16650,16673,139,16656
2022/03/08,202206,16800,16968,16622,16622,140,16622
2022/03/08,202209,16241,16388,16078,16078,63,16062
2022/03/08,202212,16180,16311,15985,16006,64,15992
2022/03/09,202203,16890,17023,16865,16946,115509,16949
2022/03/09,202204,16850,16988,16840,16913,4218,16915
2022/03/09,202205,16798,16955,16798,16885,158,16885
2022/03/09,202206,16796,16910,16777,16842,102,16842
2022/03/09,202209,16273,16328,16214,16290,37,16265
2022/03/09,202212,16193,16245,16151,16197,28,16197
2022/03/10,202203,17301,17456,17269,17437,102545,17436
2022/03/10,202204,17280,17417,17234,17398,3878,17399
2022/03/10,202205,17220,17372,17200,17364,137,17364
2022/03/10,202206,17169,17338,17160,17293,104,17325
2022/03/10,202209,16585,16744,16567,16712,102,16725
2022/03/10,202212,16568,16670,16568,16644,30,16644
2022/03/11,202203,17372,17387,17170,17220,95875,17226
2022/03/11,202204,17339,17355,17143,17194,4280,17197
2022/03/11,202205,17289,17289,17116,17165,112,17165
2022/03/11,202206,17250,17250,17080,17082,63,17123
2022/03/11,202209,16558,16580,16493,16493,15,16521
2022/03/11,202212,16532,16540,16401,16412,31,16440
2022/03/14,202203,17289,17350,17150,17239,120161,17240
2022/03/14,202204,17209,17317,17117,17208,25085,17206
2022/03/14,202205,17223,17285,17097,17166,173,17176
2022/03/14,202206,17182,17249,17083,17107,54,17139
2022/03/14,202209,16619,16625,16483,16546,22,16546
2022/03/14,202212,16432,16540,16395,16418,23,16459
2022/03/15,202203,17177,17195,16861,16882,141872,16885
2022/03/15,202204,17167,17167,16813,16825,39526,16830
2022/03/15,202205,17105,17130,16788,16797,410,16798
2022/03/15,202206,17040,17040,16760,16773,133,16773
2022/03/15,202209,16470,16487,16182,16190,51,16190
2022/03/15,202212,16305,16305,16096,16098,44,16098
2022/03/16,202203,17080,17089,16801,16937,76060,0
2022/03/16,202204,16984,17016,16757,16933,70598,16932
2022/03/16,202205,16958,16980,16738,16900,420,16900
2022/03/16,202206,16930,16938,16698,16855,119,16866
2022/03/16,202209,16342,16344,16145,16216,11,16272
2022/03/16,202212,16250,16250,16033,16160,20,16177
2022/03/17,202204,17339,17470,17262,17446,129146,17444
2022/03/17,202205,17329,17434,17230,17412,806,17412
2022/03/17,202206,17256,17390,17209,17369,130,17369
2022/03/17,202209,16599,16769,16599,16769,35,16769
2022/03/17,202212,16508,16700,16508,16675,47,16675
2022/03/17,202303,16559,16625,16468,16625,74,16625
2022/03/18,202204,17441,17444,17295,17391,96826,17393
2022/03/18,202205,17401,17401,17260,17353,686,17361
2022/03/18,202206,17347,17347,17230,17325,134,17314
2022/03/18,202209,16756,16756,16650,16745,32,16717
2022/03/18,202212,16651,16651,16553,16608,22,16623
2022/03/18,202303,16585,16585,16507,16547,25,16568
2022/03/21,202204,17442,17577,17439,17489,93353,17491
2022/03/21,202205,17415,17536,17408,17453,759,17453
2022/03/21,202206,17368,17492,17368,17412,139,17412
2022/03/21,202209,16776,16882,16764,16800,41,16800
2022/03/21,202212,16679,16772,16679,16724,15,16724
2022/03/21,202303,16619,16737,16619,16664,32,16664
2022/03/22,202204,17536,17543,17453,17520,68446,17522
2022/03/22,202205,17507,17507,17420,17491,570,17491
2022/03/22,202206,17452,17452,17409,17452,40,17452
2022/03/22,202209,16820,16850,16800,16845,15,16845
2022/03/22,202212,16750,16755,16750,16755,6,16755
2022/03/22,202303,17000,17000,16690,16690,7,16690
2022/03/23,202204,17644,17735,17610,17702,88805,17699
2022/03/23,202205,17602,17698,17580,17668,803,17667
2022/03/23,202206,17564,17655,17540,17621,195,17621
2022/03/23,202209,16980,17040,16960,17018,35,17018
2022/03/23,202212,16897,16926,16845,16845,8,16926
2022/03/23,202303,16827,16877,16785,16791,18,16867
2022/03/24,202204,17570,17687,17548,17671,80125,17669
2022/03/24,202205,17547,17653,17520,17640,577,17640
2022/03/24,202206,17534,17612,17482,17590,73,17590
2022/03/24,202209,16896,16988,16878,16980,30,16980
2022/03/24,202212,16828,16910,16813,16890,8,16890
2022/03/24,202303,16777,16850,16777,16839,8,16839
2022/03/25,202204,17720,17726,17591,17621,83085,17621
2022/03/25,202205,17697,17697,17563,17591,619,17592
2022/03/25,202206,17666,17666,17521,17550,86,17550
2022/03/25,202209,16990,16990,16913,16953,52,16938
2022/03/25,202212,16862,16862,16818,16854,4,16854
2022/03/25,202303,16847,16850,16793,16795,10,16795
2022/03/28,202204,17512,17521,17304,17438,117571,17437
2022/03/28,202205,17517,17517,17279,17409,1217,17409
2022/03/28,202206,17421,17436,17242,17370,112,17370
2022/03/28,202209,16798,16826,16655,16808,42,16765
2022/03/28,202212,16700,16720,16553,16700,12,16676
2022/03/28,202303,16600,16609,16500,16500,6,16619
2022/03/29,202204,17560,17577,17484,17545,76398,17546
2022/03/29,202205,17531,17547,17455,17520,716,17520
2022/03/29,202206,17454,17500,17421,17483,37,17483
2022/03/29,202209,16890,16890,16839,16871,17,16871
2022/03/29,202212,16757,16757,16757,16757,1,16789
2022/03/29,202303,16700,16700,16700,16700,2,16731
2022/03/30,202204,17671,17755,17658,17741,89839,17740
2022/03/30,202205,17655,17723,17630,17708,840,17710
2022/03/30,202206,17612,17680,17608,17663,125,17663
2022/03/30,202209,17010,17068,17000,17040,38,17060
2022/03/30,202212,16937,16975,16917,16955,11,16972
2022/03/30,202303,16888,16908,16857,16897,22,16915
2022/03/31,202204,17747,17774,17623,17639,78029,17634
2022/03/31,202205,17697,17744,17597,17606,709,17605
2022/03/31,202206,17661,17688,17559,17572,77,17569
2022/03/31,202209,17058,17092,16991,16991,33,16965
2022/03/31,202212,16999,17000,16875,16877,15,16877
2022/03/31,202303,16937,16937,16820,16820,9,16820
2022/04/01,202204,17466,17567,17414,17554,82047,17557
2022/04/01,202205,17424,17539,17396,17524,686,17527
2022/04/01,202206,17368,17500,17352,17483,179,17483
2022/04/01,202209,16800,16888,16785,16888,33,16888
2022/04/01,202212,16750,16766,16748,16764,6,16796
2022/04/01,202303,16627,16680,16627,16680,2,16737
2022/04/06,202204,17439,17508,17327,17506,86927,17505
2022/04/06,202205,17410,17483,17303,17483,914,17480
2022/04/06,202206,17365,17442,17275,17432,93,17444
2022/04/06,202209,16729,16834,16680,16834,74,16834
2022/04/06,202212,16623,16706,16603,16701,56,16760
2022/04/06,202303,16737,,,16737,1,16696
2022/04/07,202204,17333,17387,17123,17143,114893,17142
2022/04/07,202205,17320,17360,17100,17118,1931,17117
2022/04/07,202206,17284,17317,17071,17081,120,17081
2022/04/07,202209,16650,16722,16481,16483,50,16483
2022/04/07,202212,16599,16599,16400,16411,25,16411
2022/04/07,202303,16500,16500,16350,16350,8,16350
2022/04/08,202204,17200,17318,17169,17316,84229,17304
2022/04/08,202205,17182,17287,17146,17284,1828,17278
2022/04/08,202206,17141,17250,17115,17250,137,17244
2022/04/08,202209,16542,16642,16530,16642,7,16642
2022/04/08,202212,16473,16473,16473,16473,2,16577
2022/04/08,202303,16405,16506,16388,16506,10,16506
2022/04/11,202204,17222,17298,16976,17039,128637,17037
2022/04/11,202205,17190,17268,16950,17010,2888,17009
2022/04/11,202206,17200,17221,16925,16979,244,16979
2022/04/11,202209,16626,16626,16340,16355,63,16393
2022/04/11,202212,16478,16478,16265,16294,49,16318
2022/04/11,202303,16312,16322,16215,16232,29,16258
2022/04/12,202204,16960,17068,16906,16999,107948,17000
2022/04/12,202205,16920,17037,16880,16972,3070,16969
2022/04/12,202206,16902,17000,16850,16936,308,16936
2022/04/12,202209,16300,16401,16288,16348,27,16348
2022/04/12,202212,16286,16288,16254,16288,5,16276
2022/04/12,202303,16190,16244,16180,16244,9,16217
2022/04/13,202204,17080,17321,17071,17316,107841,17316
2022/04/13,202205,17053,17280,17046,17278,4777,17277
2022/04/13,202206,17026,17236,17026,17231,225,17231
2022/04/13,202209,16493,16641,16493,16641,18,16641
2022/04/13,202212,16450,16569,16450,16567,21,16567
2022/04/13,202303,16323,16512,16323,16509,28,16519
2022/04/14,202204,17349,17352,17251,17298,73517,17295
2022/04/14,202205,17312,17312,17209,17252,2534,17251
2022/04/14,202206,17245,17261,17175,17214,80,17214
2022/04/14,202209,16674,16674,16600,16604,8,16628
2022/04/14,202212,16595,16599,16520,16520,4,16554
2022/04/14,202303,16481,16481,16460,16460,4,16496
2022/04/15,202204,17102,17117,16960,16983,97455,16980
2022/04/15,202205,17068,17080,16928,16947,7802,16947
2022/04/15,202206,17030,17031,16892,16915,142,16915
2022/04/15,202209,16440,16440,16322,16367,12,16332
2022/04/15,202212,16341,16341,16234,16234,17,16254
2022/04/15,202303,16308,16308,16182,16182,11,16202
2022/04/18,202204,16908,16995,16813,16881,122230,16884
2022/04/18,202205,16873,16962,16782,16845,28996,16847
2022/04/18,202206,16820,16922,16748,16811,155,16811
2022/04/18,202209,16303,16330,16170,16228,27,16228
2022/04/18,202212,16215,16215,16111,16146,16,16158
2022/04/18,202303,16205,16205,16072,16116,5,16100
2022/04/19,202204,17065,17122,16988,17000,106177,17004
2022/04/19,202205,17016,17083,16953,16966,37328,16973
2022/04/19,202206,16979,17043,16918,16933,138,16935
2022/04/19,202209,16368,16464,16360,16360,25,16360
2022/04/19,202212,16337,16385,16337,16385,5,16274
2022/04/19,202303,16306,16330,16225,16226,10,16226
2022/04/20,202204,17071,17135,16992,17125,57157,0
2022/04/20,202205,17018,17082,16951,17071,57285,17072
2022/04/20,202206,16989,17042,16920,17035,360,17034
2022/04/20,202209,16429,16479,16360,16479,52,16479
2022/04/20,202212,16395,16395,16390,16390,2,16390
2022/04/20,202303,16276,16313,16262,16312,12,16332
2022/04/21,202205,17180,17222,17090,17126,86180,17126
2022/04/21,202206,17144,17180,17057,17090,653,17090
2022/04/21,202207,16939,16982,16863,16873,242,16873
2022/04/21,202209,16593,16613,16505,16523,85,16535
2022/04/21,202212,16503,16505,16420,16455,11,16455
2022/04/21,202303,16457,16458,16363,16363,12,16392
2022/04/22,202205,16862,16999,16823,16992,96385,16992
2022/04/22,202206,16857,16961,16800,16955,543,16954
2022/04/22,202207,16600,16727,16573,16702,88,16730
2022/04/22,202209,16250,16394,16249,16394,58,16394
2022/04/22,202212,16198,16257,16198,16257,8,16317
2022/04/22,202303,16116,16215,16116,16215,7,16263
2022/04/25,202205,16686,16734,16508,16572,123324,16572
2022/04/25,202206,16654,16697,16477,16537,888,16539
2022/04/25,202207,16456,16469,16247,16303,100,16303
2022/04/25,202209,16116,16116,15915,15961,65,15974
2022/04/25,202212,16038,16038,15843,15900,34,15900
2022/04/25,202303,15955,16000,15790,15843,32,15843
2022/04/26,202205,16648,16663,16533,16586,82214,16585
2022/04/26,202206,16618,16624,16497,16548,946,16549
2022/04/26,202207,16366,16366,16259,16299,90,16308
2022/04/26,202209,16042,16048,15932,15979,34,15979
2022/04/26,202212,15960,15966,15855,15890,26,15900
2022/04/26,202303,15914,15915,15812,15842,23,15842
2022/04/27,202205,16221,16344,16160,16285,141144,16287
2022/04/27,202206,16194,16304,16126,16250,842,16250
2022/04/27,202207,15968,16068,15900,16002,213,16014
2022/04/27,202209,15662,15710,15565,15665,103,15679
2022/04/27,202212,15590,15650,15500,15583,49,15603
2022/04/27,202303,15480,15597,15456,15519,38,15546
2022/04/28,202205,16317,16416,16220,16387,103728,16388
2022/04/28,202206,16271,16377,16183,16353,742,16353
2022/04/28,202207,16029,16125,15950,16108,102,16108
2022/04/28,202209,15655,15801,15616,15737,13,15778
2022/04/28,202212,15625,15712,15541,15708,32,15695
2022/04/28,202303,15567,15661,15540,15661,20,15641
2022/04/29,202205,16555,16635,16495,16583,103887,16581
2022/04/29,202206,16512,16594,16458,16543,798,16541
2022/04/29,202207,16280,16348,16218,16295,82,16295
2022/04/29,202209,15951,16001,15900,15930,18,15967
2022/04/29,202212,15845,15900,15810,15900,22,15884
2022/04/29,202303,15810,15872,15754,15800,12,15824
2022/05/03,202205,16487,16570,16434,16470,90193,16472
2022/05/03,202206,16449,16530,16400,16436,765,16436
2022/05/03,202207,16233,16275,16150,16187,110,16187
2022/05/03,202209,15898,15930,15842,15845,25,15858
2022/05/03,202212,15804,15865,15747,15789,38,15773
2022/05/03,202303,15779,15779,15713,15750,3,15715
2022/05/04,202205,16505,16589,16489,16519,69459,16519
2022/05/04,202206,16467,16550,16453,16483,824,16483
2022/05/04,202207,16232,16288,16198,16224,118,16224
2022/05/04,202209,15905,15961,15885,15887,29,15902
2022/05/04,202212,15810,15876,15800,15806,11,15817
2022/05/04,202303,15796,15818,15750,15760,19,15760
2022/05/05,202205,16753,16776,16645,16684,78883,16685
2022/05/05,202206,16723,16737,16612,16650,1060,16650
2022/05/05,202207,16442,16442,16335,16370,174,16370
2022/05/05,202209,16099,16134,16029,16061,63,16061
2022/05/05,202212,16049,16049,15941,15970,24,15970
2022/05/05,202303,15962,15970,15883,15893,13,15893
2022/05/06,202205,16310,16380,16266,16355,96310,16356
2022/05/06,202206,16283,16340,16232,16320,1348,16321
2022/05/06,202207,16003,16068,15978,16050,140,16050
2022/05/06,202209,15703,15757,15658,15739,45,15739
2022/05/06,202212,15596,15670,15585,15652,18,15652
2022/05/06,202303,15565,15599,15518,15598,17,15598
2022/05/09,202205,16156,16194,16015,16027,99474,16027
2022/05/09,202206,16132,16157,15978,15991,1632,15991
2022/05/09,202207,15867,15876,15716,15719,178,15719
2022/05/09,202209,15577,15577,15400,15403,63,15403
2022/05/09,202212,15422,15440,15317,15323,54,15323
2022/05/09,202303,15390,15400,15254,15258,24,15258
2022/05/10,202205,15809,16045,15730,16039,127562,16038
2022/05/10,202206,15795,16005,15698,16000,2873,16000
2022/05/10,202207,15526,15722,15434,15719,176,15719
2022/05/10,202209,15200,15418,15113,15410,54,15410
2022/05/10,202212,15092,15334,15078,15334,46,15334
2022/05/10,202303,15002,15279,15000,15279,39,15279
2022/05/11,202205,15989,16058,15907,16010,88276,16007
2022/05/11,202206,15960,16018,15870,15966,2387,15966
2022/05/11,202207,15653,15711,15600,15668,134,15677
2022/05/11,202209,15376,15421,15297,15387,109,15387
2022/05/11,202212,15289,15356,15238,15314,15,15314
2022/05/11,202303,15246,15297,15246,15297,6,15272
2022/05/12,202205,15801,15890,15608,15632,118642,15630
2022/05/12,202206,15730,15850,15573,15592,3416,15591
2022/05/12,202207,15489,15559,15277,15305,317,15305
2022/05/12,202209,15191,15263,14990,15008,388,15008
2022/05/12,202212,15131,15170,14937,14950,112,14950
2022/05/12,202303,15094,15142,14899,14909,53,14909
2022/05/13,202205,15777,15854,15743,15851,96199,15849
2022/05/13,202206,15738,15813,15705,15810,5641,15810
2022/05/13,202207,15436,15505,15422,15478,60,15505
2022/05/13,202209,15172,15208,15131,15207,52,15217
2022/05/13,202212,15115,15148,15108,15147,41,15156
2022/05/13,202303,15030,15110,15030,15107,42,15116
2022/05/16,202205,15996,16044,15847,15921,120555,15922
2022/05/16,202206,15940,16004,15804,15885,35207,15884
2022/05/16,202207,15655,15696,15503,15565,142,15577
2022/05/16,202209,15368,15402,15229,15284,72,15284
2022/05/16,202212,15315,15335,15189,15223,12,15223
2022/05/16,202303,15268,15268,15153,15166,22,15187
2022/05/17,202205,15978,16096,15963,16075,95655,16075
2022/05/17,202206,15916,16044,15916,16025,35728,16029
2022/05/17,202207,15647,15729,15624,15715,136,15715
2022/05/17,202209,15338,15436,15338,15424,79,15424
2022/05/17,202212,15287,15390,15287,15377,15,15377
2022/05/17,202303,15265,15337,15255,15320,46,15330
2022/05/18,202205,16180,16318,16159,16302,54930,0
2022/05/18,202206,16138,16229,16104,16196,56362,16198
2022/05/18,202207,15811,15900,15795,15883,171,15883
2022/05/18,202209,15530,15606,15505,15606,138,15590
2022/05/18,202212,15490,15565,15490,15538,27,15538
2022/05/18,202303,15440,15518,15415,15515,24,15488
2022/05/19,202206,15871,15965,15820,15911,109266,15911
2022/05/19,202207,15610,15640,15514,15596,775,15597
2022/05/19,202208,15415,15484,15365,15455,40,15422
2022/05/19,202209,15290,15355,15235,15320,136,15320
2022/05/19,202212,15242,15308,15189,15298,21,15273
2022/05/19,202303,15260,15262,15159,15250,31,15230
2022/05/20,202206,16069,16145,16013,16135,85765,16136
2022/05/20,202207,15729,15790,15672,15789,671,15788
2022/05/20,202208,15538,15590,15527,15590,11,15590
2022/05/20,202209,15470,15530,15441,15529,86,15529
2022/05/20,202212,15425,15475,15385,15475,39,15475
2022/05/20,202303,15410,15431,15410,15431,4,15431
2022/05/23,202206,16220,16263,16076,16147,99214,16143
2022/05/23,202207,15868,15911,15727,15795,773,15795
2022/05/23,202208,15630,15744,15565,15621,16,15621
2022/05/23,202209,15610,15650,15476,15533,70,15533
2022/05/23,202212,15556,15600,15450,15471,29,15484
2022/05/23,202303,15510,15510,15450,15508,10,15448
2022/05/24,202206,16131,16156,15914,15926,98160,15926
2022/05/24,202207,15802,15805,15555,15561,1452,15561
2022/05/24,202208,15617,15628,15438,15438,28,15409
2022/05/24,202209,15481,15532,15310,15310,40,15310
2022/05/24,202212,15454,15454,15271,15271,31,15271
2022/05/24,202303,15450,15450,15310,15310,8,15228
2022/05/25,202206,15996,16146,15968,16060,98499,16061
2022/05/25,202207,15634,15763,15598,15676,2731,15676
2022/05/25,202208,15468,15574,15436,15515,14,15515
2022/05/25,202209,15385,15511,15352,15445,58,15433
2022/05/25,202212,15327,15447,15316,15407,18,15383
2022/05/25,202303,15269,15416,15267,15409,10,15341
2022/05/26,202206,16153,16184,15928,15950,99211,15950
2022/05/26,202207,15763,15791,15550,15567,605,15567
2022/05/26,202208,15626,15630,15468,15490,15,15416
2022/05/26,202209,15528,15542,15311,15311,33,15331
2022/05/26,202212,15485,15500,15284,15284,46,15284
2022/05/26,202303,15405,15405,15250,15266,23,15238
2022/05/27,202206,16110,16245,16100,16230,83346,16229
2022/05/27,202207,15741,15855,15719,15845,648,15843
2022/05/27,202208,15611,15680,15611,15676,26,15676
2022/05/27,202209,15487,15611,15480,15596,47,15596
2022/05/27,202212,15432,15566,15432,15551,71,15551
2022/05/27,202303,15450,15520,15450,15502,55,15502
2022/05/30,202206,16400,16584,16391,16560,81262,16559
2022/05/30,202207,16010,16192,16010,16164,1673,16164
2022/05/30,202208,15887,16015,15887,16011,11,16011
2022/05/30,202209,15780,15942,15780,15934,34,15921
2022/05/30,202212,15740,15891,15738,15870,35,15870
2022/05/30,202303,15709,15845,15709,15832,14,15832
2022/05/31,202206,16492,16716,16460,16682,108041,16681
2022/05/31,202207,16100,16321,16074,16286,1357,16286
2022/05/31,202208,15940,16155,15940,16130,45,16130
2022/05/31,202209,15858,16058,15840,16058,45,16041
2022/05/31,202212,15825,16007,15795,15996,36,15996
2022/05/31,202303,15753,15947,15753,15947,11,15947
2022/06/01,202206,16647,16755,16592,16610,95150,16608
2022/06/01,202207,16255,16345,16180,16197,1686,16195
2022/06/01,202208,16080,16161,16040,16040,36,16040
2022/06/01,202209,15993,16100,15950,15950,27,15960
2022/06/01,202212,15935,16044,15901,15901,14,15901
2022/06/01,202303,15889,16000,15851,15851,5,15851
2022/06/02,202206,16536,16585,16471,16532,80160,16533
2022/06/02,202207,16139,16156,16060,16104,992,16104
2022/06/02,202208,15965,16015,15929,15960,22,15960
2022/06/02,202209,15849,15930,15828,15882,47,15882
2022/06/02,202212,15818,15871,15800,15871,8,15827
2022/06/02,202303,,,,,0,15777
2022/06/06,202206,16590,16648,16463,16600,98914,16600
2022/06/06,202207,16168,16209,16035,16167,1215,16167
2022/06/06,202208,16026,16056,15919,16020,17,16033
2022/06/06,202209,15947,15984,15825,15928,59,15948
2022/06/06,202212,15913,15927,15798,15911,13,15893
2022/06/06,202303,15800,15800,15750,15750,5,15844
2022/06/07,202206,16520,16531,16406,16462,101451,16461
2022/06/07,202207,16093,16105,15982,16027,1915,16026
2022/06/07,202208,15959,15960,15865,15906,43,15906
2022/06/07,202209,15863,15866,15775,15811,38,15811
2022/06/07,202212,15795,15813,15757,15757,21,15757
2022/06/07,202303,15743,15743,15707,15707,6,15707
2022/06/08,202206,16560,16693,16555,16644,80944,16641
2022/06/08,202207,16116,16233,16115,16185,1617,16184
2022/06/08,202208,16005,16106,16005,16066,35,16066
2022/06/08,202209,15930,16028,15930,15980,47,15978
2022/06/08,202212,15865,15954,15865,15917,20,15917
2022/06/08,202303,15888,15899,15859,15870,9,15870
2022/06/09,202206,16573,16606,16524,16582,67567,16577
2022/06/09,202207,16125,16157,16084,16133,1582,16129
2022/06/09,202208,16017,16023,15978,15998,60,15999
2022/06/09,202209,15912,15945,15880,15918,169,15925
2022/06/09,202212,15844,15874,15825,15868,33,15868
2022/06/09,202303,15790,15840,15790,15830,4,15830
2022/06/10,202206,16380,16486,16350,16471,85493,16474
2022/06/10,202207,15956,16045,15921,16035,5256,16035
2022/06/10,202208,15838,15914,15803,15912,64,15912
2022/06/10,202209,15717,15831,15705,15819,65,15819
2022/06/10,202212,15668,15763,15651,15763,24,15763
2022/06/10,202303,15626,15713,15626,15713,10,15713
2022/06/13,202206,16115,16120,15993,16053,129042,16050
2022/06/13,202207,15731,15733,15567,15632,37990,15622
2022/06/13,202208,15574,15593,15448,15486,139,15501
2022/06/13,202209,15489,15489,15359,15426,56,15416
2022/06/13,202212,15428,15428,15300,15360,39,15360
2022/06/13,202303,15388,15388,15276,15312,19,15312
2022/06/14,202206,15950,16068,15841,16055,125318,16052
2022/06/14,202207,15500,15615,15415,15602,42649,15599
2022/06/14,202208,15379,15484,15287,15470,252,15469
2022/06/14,202209,15317,15420,15228,15402,191,15402
2022/06/14,202212,15235,15344,15145,15331,43,15331
2022/06/14,202303,15185,15294,15112,15294,19,15294
2022/06/15,202206,16052,16096,15989,16062,62610,0
2022/06/15,202207,15600,15631,15500,15546,57993,15546
2022/06/15,202208,15465,15500,15379,15419,176,15419
2022/06/15,202209,15355,15420,15310,15320,39,15349
2022/06/15,202212,15313,15362,15255,15284,35,15284
2022/06/15,202303,15257,15311,15219,15247,14,15247
2022/06/16,202207,15751,15805,15382,15410,127119,15411
2022/06/16,202208,15622,15652,15247,15268,833,15268
2022/06/16,202209,15539,15588,15176,15197,159,15197
2022/06/16,202212,15472,15520,15119,15138,57,15138
2022/06/16,202303,15437,15472,15075,15075,31,15092
2022/06/16,202306,15417,15417,15024,15033,47,15033
2022/06/17,202207,15196,15300,15137,15200,124040,15202
2022/06/17,202208,15050,15145,15001,15051,801,15055
2022/06/17,202209,14997,15083,14937,15017,110,14995
2022/06/17,202212,14942,14999,14881,14923,63,14923
2022/06/17,202303,14929,14946,14838,14878,26,14878
2022/06/17,202306,14814,14918,14787,14830,15,14830
2022/06/20,202207,15182,15231,14966,15038,129690,15031
2022/06/20,202208,15030,15083,14830,14896,790,14896
2022/06/20,202209,14992,15019,14775,14829,165,14829
2022/06/20,202212,14928,14950,14701,14760,84,14760
2022/06/20,202303,14880,14900,14660,14710,19,14710
2022/06/20,202306,14778,14778,14597,14642,38,14661
2022/06/21,202207,15164,15362,15115,15334,115396,15346
2022/06/21,202208,15027,15206,14974,15183,634,15191
2022/06/21,202209,14978,15145,14920,15130,117,15130
2022/06/21,202212,14889,15073,14853,15058,34,15058
2022/06/21,202303,14861,15027,14833,15010,24,15010
2022/06/21,202306,14802,14982,14783,14973,29,14973
2022/06/22,202207,15316,15319,14984,15012,128332,15015
2022/06/22,202208,15180,15180,14830,14858,905,14858
2022/06/22,202209,15101,15101,14772,14794,172,14794
2022/06/22,202212,15026,15026,14715,14735,27,14735
2022/06/22,202303,14974,14974,14675,14675,21,14675
2022/06/22,202306,14928,14928,14607,14618,48,14618
2022/06/23,202207,15059,15145,14804,14938,164479,14939
2022/06/23,202208,14888,14985,14654,14782,1248,14784
2022/06/23,202209,14871,14920,14600,14722,261,14722
2022/06/23,202212,14812,14812,14530,14630,63,14657
2022/06/23,202303,14705,14747,14483,14606,27,14606
2022/06/23,202306,14698,14698,14442,14539,56,14556
2022/06/24,202207,15006,15142,14959,15058,119812,15053
2022/06/24,202208,14854,14981,14806,14902,1012,14902
2022/06/24,202209,14826,14925,14750,14828,140,14843
2022/06/24,202212,14778,14841,14701,14752,13,14774
2022/06/24,202303,14759,14792,14660,14660,7,14729
2022/06/24,202306,14616,14750,14598,14609,10,14678
2022/06/27,202207,15205,15400,15201,15277,98695,15277
2022/06/27,202208,15053,15230,15041,15110,838,15110
2022/06/27,202209,14993,15160,14993,15055,137,15055
2022/06/27,202212,14948,15094,14948,14988,34,14988
2022/06/27,202303,14952,15037,14938,14938,16,14938
2022/06/27,202306,14835,14950,14835,14878,22,14878
2022/06/28,202207,15299,15304,15096,15192,96034,15194
2022/06/28,202208,15135,15135,14935,15029,950,15029
2022/06/28,202209,15064,15064,14890,14945,114,14967
2022/06/28,202212,14860,14864,14810,14864,10,14897
2022/06/28,202303,14834,14834,14772,14820,14,14851
2022/06/28,202306,14853,14853,14705,14779,12,14779
2022/06/29,202207,15020,15114,14980,15019,100640,15016
2022/06/29,202208,14859,14946,14822,14850,812,14850
2022/06/29,202209,14799,14881,14764,14788,128,14788
2022/06/29,202212,14725,14785,14698,14723,18,14723
2022/06/29,202303,14695,14705,14650,14668,20,14668
2022/06/29,202306,14612,14683,14571,14600,21,14600
2022/06/30,202207,14931,14945,14610,14622,131995,14624
2022/06/30,202208,14767,14772,14455,14465,1045,14465
2022/06/30,202209,14700,14702,14399,14407,265,14407
2022/06/30,202212,14621,14621,14328,14332,46,14332
2022/06/30,202303,14538,14538,14274,14283,27,14283
2022/06/30,202306,14461,14461,14197,14197,59,14197
2022/07/01,202207,14656,14702,14128,14175,183609,14175
2022/07/01,202208,14501,14537,13976,14026,1610,14026
2022/07/01,202209,14461,14468,13918,13960,259,13960
2022/07/01,202212,14251,14261,13850,13860,39,13883
2022/07/01,202303,14213,14213,13795,13795,32,13832
2022/07/01,202306,14225,14225,13710,13710,69,13747
2022/07/04,202207,14236,14312,14025,14152,143173,14152
2022/07/04,202208,14073,14148,13877,13998,1461,13998
2022/07/04,202209,14031,14095,13817,13927,114,13939
2022/07/04,202212,13902,14000,13746,13871,30,13857
2022/07/04,202303,13865,13951,13700,13751,30,13807
2022/07/04,202306,13800,13800,13612,13612,22,13724
2022/07/05,202207,14350,14430,13975,14231,175274,14209
2022/07/05,202208,14185,14270,13830,14085,1482,14071
2022/07/05,202209,14131,14210,13776,14004,135,14004
2022/07/05,202212,14098,14127,13695,13941,34,13941
2022/07/05,202303,14002,14070,13643,13880,27,13880
2022/07/05,202306,13939,13985,13570,13796,51,13807
2022/07/06,202207,14213,14239,13858,13871,150712,13879
2022/07/06,202208,14075,14084,13720,13730,1545,13734
2022/07/06,202209,14017,14023,13671,13680,184,13683
2022/07/06,202212,13925,13925,13590,13590,71,13590
2022/07/06,202303,13840,13876,13532,13532,79,13533
2022/07/06,202306,13787,13795,13497,13500,42,13454
2022/07/07,202207,14068,14295,13832,14176,158050,14187
2022/07/07,202208,13901,14145,13700,14030,1490,14033
2022/07/07,202209,13876,14080,13680,13980,247,13980
2022/07/07,202212,13777,13988,13571,13887,61,13887
2022/07/07,202303,13700,13931,13556,13853,38,13823
2022/07/07,202306,13625,13857,13487,13805,24,13745
2022/07/08,202207,14390,14485,14264,14329,139319,14332
2022/07/08,202208,14251,14329,14113,14179,1387,14181
2022/07/08,202209,14193,14265,14063,14120,313,14122
2022/07/08,202212,14068,14171,13982,14033,32,14033
2022/07/08,202303,13995,14108,13920,13993,42,13968
2022/07/08,202306,13902,14016,13872,13936,19,13882
2022/07/11,202207,14467,14496,14229,14276,120320,14278
2022/07/11,202208,14311,14340,14084,14126,1373,14121
2022/07/11,202209,14237,14275,14035,14060,407,14077
2022/07/11,202212,14125,14144,13956,13974,17,13985
2022/07/11,202303,14070,14123,13865,13904,49,13914
2022/07/11,202306,14001,14001,13820,13826,21,13826
2022/07/12,202207,14157,14181,13850,13914,127127,13914
2022/07/12,202208,14004,14032,13703,13762,2748,13760
2022/07/12,202209,13952,13968,13651,13708,295,13708
2022/07/12,202212,13816,13816,13566,13594,55,13616
2022/07/12,202303,13784,13789,13495,13541,51,13553
2022/07/12,202306,13716,13716,13426,13473,24,13464
2022/07/13,202207,14240,14356,14203,14277,112460,14281
2022/07/13,202208,14099,14201,14054,14127,2917,14129
2022/07/13,202209,14021,14138,14021,14057,333,14057
2022/07/13,202212,13910,14033,13910,13968,20,13968
2022/07/13,202303,13851,13985,13851,13937,18,13911
2022/07/13,202306,13800,13880,13800,13814,16,13814
2022/07/14,202207,14237,14437,14122,14389,128248,14386
2022/07/14,202208,14099,14280,13978,14232,3086,14230
2022/07/14,202209,13969,14205,13911,14180,340,14162
2022/07/14,202212,13894,14102,13821,14059,42,14059
2022/07/14,202303,13784,14038,13765,14018,33,14000
2022/07/14,202306,13700,13948,13700,13895,30,13895
2022/07/15,202207,14422,14542,14333,14475,118876,14479
2022/07/15,202208,14268,14387,14181,14325,6877,14327
2022/07/15,202209,14213,14315,14122,14250,322,14250
2022/07/15,202212,14101,14209,14036,14150,38,14150
2022/07/15,202303,13973,14139,13973,14086,14,14086
2022/07/15,202306,14030,14030,13970,13993,9,13993
2022/07/18,202207,14577,14666,14535,14650,122938,14647
2022/07/18,202208,14420,14515,14386,14501,33508,14503
2022/07/18,202209,14355,14436,14317,14426,576,14426
2022/07/18,202212,14220,14320,14218,14320,27,14320
2022/07/18,202303,14180,14265,14180,14248,46,14248
2022/07/18,202306,14063,14151,14063,14151,24,14151
2022/07/19,202207,14562,14697,14533,14678,92176,14678
2022/07/19,202208,14429,14552,14402,14528,32478,14525
2022/07/19,202209,14340,14475,14323,14447,430,14446
2022/07/19,202212,14305,14366,14305,14347,71,14347
2022/07/19,202303,14239,14309,14239,14286,16,14286
2022/07/19,202306,14110,14208,14110,14177,13,14177
2022/07/20,202207,14845,14907,14696,14712,63694,0
2022/07/20,202208,14717,14739,14562,14616,60910,14612
2022/07/20,202209,14637,14662,14488,14529,666,14531
2022/07/20,202212,14524,14545,14394,14430,67,14430
2022/07/20,202303,14455,14472,14324,14353,44,14353
2022/07/20,202306,14350,14370,14206,14222,10,14222
2022/07/21,202208,14600,14771,14573,14748,90902,14747
2022/07/21,202209,14530,14690,14498,14665,789,14665
2022/07/21,202210,14539,14654,14481,14653,25,14637
2022/07/21,202212,14452,14570,14425,14560,25,14560
2022/07/21,202303,14374,14506,14374,14506,15,14493
2022/07/21,202306,14258,14346,14250,14346,26,14346
2022/07/22,202208,14796,14848,14725,14751,93026,14755
2022/07/22,202209,14723,14769,14650,14684,710,14681
2022/07/22,202210,14678,14733,14632,14655,46,14645
2022/07/22,202212,14601,14622,14555,14573,25,14573
2022/07/22,202303,14524,14593,14501,14501,9,14501
2022/07/22,202306,14390,14431,14370,14423,12,14362
2022/07/25,202208,14750,14845,14688,14794,82637,14793
2022/07/25,202209,14681,14767,14620,14716,512,14716
2022/07/25,202210,14598,14725,14598,14688,17,14688
2022/07/25,202212,14569,14648,14525,14648,18,14611
2022/07/25,202303,14454,14576,14454,14533,7,14533
2022/07/25,202306,14394,14410,14394,14410,5,14410
2022/07/26,202208,14755,14788,14650,14705,92221,14707
2022/07/26,202209,14683,14714,14583,14634,706,14635
2022/07/26,202210,14638,14656,14555,14601,27,14601
2022/07/26,202212,14578,14578,14486,14533,26,14533
2022/07/26,202303,14492,14492,14411,14411,6,14453
2022/07/26,202306,14367,14367,14276,14290,6,14326
2022/07/27,202208,14670,14800,14615,14794,104597,14791
2022/07/27,202209,14603,14726,14547,14720,980,14720
2022/07/27,202210,14602,14691,14532,14679,50,14679
2022/07/27,202212,14494,14615,14480,14606,22,14606
2022/07/27,202303,14430,14518,14391,14516,13,14539
2022/07/27,202306,14340,14392,14267,14380,7,14411
2022/07/28,202208,14922,14949,14786,14831,94963,14833
2022/07/28,202209,14856,14871,14718,14762,856,14762
2022/07/28,202210,14818,14818,14686,14725,62,14725
2022/07/28,202212,14734,14757,14630,14655,39,14655
2022/07/28,202303,14657,14678,14555,14577,18,14577
2022/07/28,202306,14540,14540,14427,14448,11,14448
2022/07/29,202208,14936,14990,14870,14938,94106,14940
2022/07/29,202209,14870,14915,14801,14873,892,14869
2022/07/29,202210,14833,14879,14775,14807,36,14838
2022/07/29,202212,14755,14800,14700,14757,19,14757
2022/07/29,202303,14712,14728,14644,14670,14,14685
2022/07/29,202306,14558,14560,14533,14533,6,14560
2022/08/01,202208,14921,14940,14804,14870,89819,14870
2022/08/01,202209,14861,14875,14741,14811,973,14811
2022/08/01,202210,14796,14838,14725,14782,78,14782
2022/08/01,202212,14731,14757,14668,14729,28,14697
2022/08/01,202303,14657,14680,14593,14668,14,14622
2022/08/01,202306,14515,14535,14501,14535,6,14497
2022/08/02,202208,14767,14778,14589,14643,108928,14645
2022/08/02,202209,14712,14713,14543,14591,1027,14590
2022/08/02,202210,14653,14653,14521,14578,49,14563
2022/08/02,202212,14600,14600,14455,14490,25,14490
2022/08/02,202303,14488,14488,14393,14393,10,14409
2022/08/02,202306,14384,14387,14247,14287,21,14287
2022/08/03,202208,14627,14727,14594,14669,97984,14672
2022/08/03,202209,14573,14667,14544,14615,814,14618
2022/08/03,202210,14586,14630,14543,14592,34,14592
2022/08/03,202212,14447,14559,14447,14519,39,14519
2022/08/03,202303,14449,14449,14415,14444,3,14444
2022/08/03,202306,14262,14333,14262,14295,8,14313
2022/08/04,202208,14686,14722,14461,14658,139696,14654
2022/08/04,202209,14630,14661,14420,14603,1218,14603
2022/08/04,202210,14605,14635,14400,14574,83,14574
2022/08/04,202212,14520,14551,14322,14488,38,14504
2022/08/04,202303,14417,14440,14273,14440,21,14428
2022/08/04,202306,14300,14336,14136,14290,25,14306
2022/08/05,202208,14780,15020,14777,15009,95193,15011
2022/08/05,202209,14715,14960,14715,14952,1415,14954
2022/08/05,202210,14673,14929,14673,14926,97,14926
2022/08/05,202212,14640,14853,14640,14847,67,14847
2022/08/05,202303,14594,14760,14594,14760,33,14767
2022/08/05,202306,14545,14649,14543,14649,15,14649
2022/08/08,202208,14937,14987,14888,14961,74401,14961
2022/08/08,202209,14885,14930,14838,14907,849,14908
2022/08/08,202210,14853,14900,14820,14880,40,14880
2022/08/08,202212,14793,14817,14735,14807,40,14807
2022/08/08,202303,14705,14707,14664,14707,7,14723
2022/08/08,202306,14565,14605,14542,14605,5,14605
2022/08/09,202208,14894,15065,14853,15016,89703,15016
2022/08/09,202209,14853,15005,14804,14956,1294,14955
2022/08/09,202210,14788,14975,14787,14927,92,14927
2022/08/09,202212,14751,14898,14745,14860,41,14860
2022/08/09,202303,14648,14811,14638,14778,20,14778
2022/08/09,202306,14510,14661,14510,14658,15,14658
2022/08/10,202208,14874,14945,14832,14876,77738,14878
2022/08/10,202209,14831,14888,14780,14820,1512,14822
2022/08/10,202210,14811,14862,14761,14795,86,14797
2022/08/10,202212,14725,14788,14691,14738,20,14721
2022/08/10,202303,14641,14688,14600,14667,21,14638
2022/08/10,202306,14526,14552,14498,14552,7,14519
2022/08/11,202208,15115,15191,15093,15183,79733,15184
2022/08/11,202209,15050,15124,15030,15115,2725,15117
2022/08/11,202210,15020,15090,15008,15090,109,15090
2022/08/11,202212,14936,15013,14936,15002,52,15015
2022/08/11,202303,14884,14929,14850,14929,15,14929
2022/08/11,202306,14780,14825,14760,14810,22,14819
2022/08/12,202208,15229,15309,15200,15272,66960,15274
2022/08/12,202209,15163,15247,15135,15217,4890,15216
2022/08/12,202210,15110,15218,15110,15190,87,15190
2022/08/12,202212,15060,15140,15035,15126,29,15113
2022/08/12,202303,15000,15060,15000,15033,17,15033
2022/08/12,202306,14841,14943,14841,14932,13,14921
2022/08/15,202208,15369,15432,15310,15387,89978,15385
2022/08/15,202209,15310,15375,15252,15330,28182,15331
2022/08/15,202210,15287,15348,15230,15307,139,15307
2022/08/15,202212,15215,15264,15157,15258,38,15230
2022/08/15,202303,15136,15181,15075,15150,14,15150
2022/08/15,202306,15006,15070,15006,15030,36,15030
2022/08/16,202208,15390,15450,15385,15422,73097,15425
2022/08/16,202209,15339,15392,15334,15366,27286,15370
2022/08/16,202210,15323,15362,15312,15346,92,15346
2022/08/16,202212,15254,15289,15239,15263,108,15263
2022/08/16,202303,15170,15200,15163,15188,16,15188
2022/08/16,202306,15050,15090,15043,15059,17,15059
2022/08/17,202208,15404,15461,15396,15452,48353,0
2022/08/17,202209,15335,15396,15328,15379,43641,15379
2022/08/17,202210,15344,15368,15305,15355,209,15354
2022/08/17,202212,15277,15293,15233,15273,149,15273
2022/08/17,202303,15186,15202,15166,15186,11,15186
2022/08/17,202306,15068,15085,15050,15050,4,15085
2022/08/18,202209,15250,15325,15224,15315,69333,15317
2022/08/18,202210,15237,15299,15202,15290,584,15290
2022/08/18,202211,15200,15270,15185,15259,19,15269
2022/08/18,202212,15160,15222,15133,15222,75,15222
2022/08/18,202303,15070,15144,15070,15121,21,15141
2022/08/18,202306,14950,15036,14938,15036,8,15036
2022/08/19,202209,15308,15406,15275,15353,72613,15354
2022/08/19,202210,15286,15380,15255,15330,564,15330
2022/08/19,202211,15250,15347,15250,15302,14,15302
2022/08/19,202212,15222,15307,15182,15303,58,15255
2022/08/19,202303,15125,15218,15125,15218,15,15178
2022/08/19,202306,15041,15109,15040,15079,24,15068
2022/08/22,202209,15171,15250,15156,15175,63929,15179
2022/08/22,202210,15163,15230,15139,15160,363,15161
2022/08/22,202211,15137,15187,15137,15140,29,15140
2022/08/22,202212,15092,15156,15079,15090,53,15090
2022/08/22,202303,15006,15063,15000,15023,30,15012
2022/08/22,202306,14915,14979,14900,14903,15,14903
2022/08/23,202209,15059,15109,15022,15028,68886,15028
2022/08/23,202210,15039,15091,15002,15006,640,15007
2022/08/23,202211,15022,15067,14992,14992,91,14992
2022/08/23,202212,14968,15022,14944,14944,76,14944
2022/08/23,202303,14917,14930,14869,14869,19,14869
2022/08/23,202306,14800,14808,14766,14766,7,14766
2022/08/24,202209,15080,15120,14987,15035,70377,15035
2022/08/24,202210,15067,15098,14971,15019,569,15019
2022/08/24,202211,15052,15079,14970,15005,69,15005
2022/08/24,202212,15000,15021,14916,14955,34,14955
2022/08/24,202303,14945,14945,14842,14869,13,14885
2022/08/24,202306,14822,14822,14750,14750,2,14791
2022/08/25,202209,15130,15225,15116,15172,81719,15170
2022/08/25,202210,15097,15201,15097,15146,539,15146
2022/08/25,202211,15098,15180,15095,15145,106,15145
2022/08/25,202212,15050,15140,15050,15093,85,15093
2022/08/25,202303,15040,15042,15030,15035,4,15025
2022/08/25,202306,14972,14972,14926,14926,15,14926
2022/08/26,202209,15271,15318,15228,15241,62646,15241
2022/08/26,202210,15260,15295,15211,15222,337,15222
2022/08/26,202211,15253,15270,15200,15209,103,15209
2022/08/26,202212,15200,15228,15158,15158,19,15158
2022/08/26,202303,15146,15146,15098,15098,9,15098
2022/08/26,202306,15050,15066,15037,15037,21,15010
2022/08/29,202209,14832,14898,14762,14818,103087,14820
2022/08/29,202210,14805,14882,14752,14804,1151,14804
2022/08/29,202211,14805,14861,14750,14797,113,14797
2022/08/29,202212,14769,14821,14710,14761,88,14751
2022/08/29,202303,14700,14747,14649,14692,27,14692
2022/08/29,202306,14603,14650,14566,14623,26,14607
2022/08/30,202209,14850,14994,14837,14948,86047,14949
2022/08/30,202210,14841,14973,14825,14933,868,14933
2022/08/30,202211,14830,14961,14818,14918,69,14918
2022/08/30,202212,14791,14888,14774,14870,81,14879
2022/08/30,202303,14753,14854,14722,14810,17,14819
2022/08/30,202306,14699,14734,14699,14734,4,14734
2022/08/31,202209,14849,15099,14826,15039,108620,15042
2022/08/31,202210,14833,15082,14815,15026,1335,15027
2022/08/31,202211,14825,15065,14816,15017,119,15017
2022/08/31,202212,14798,15029,14793,14979,43,14979
2022/08/31,202303,14738,14978,14738,14927,16,14927
2022/08/31,202306,14688,14843,14688,14843,5,14843
2022/09/01,202209,14841,14842,14675,14736,118005,14737
2022/09/01,202210,14850,14850,14666,14730,1704,14728
2022/09/01,202211,14820,14820,14670,14720,124,14720
2022/09/01,202212,14747,14747,14650,14690,59,14690
2022/09/01,202303,14788,14788,14592,14630,36,14646
2022/09/01,202306,14640,14640,14542,14558,28,14558
2022/09/02,202209,14776,14782,14584,14597,92325,14598
2022/09/02,202210,14762,14762,14576,14589,939,14589
2022/09/02,202211,14726,14726,14591,14591,58,14591
2022/09/02,202212,14709,14709,14544,14544,75,14557
2022/09/02,202303,14649,14649,14530,14540,21,14521
2022/09/02,202306,14592,14592,14455,14455,14,14437
2022/09/05,202209,14590,14719,14561,14611,92682,14613
2022/09/05,202210,14579,14703,14555,14601,972,14601
2022/09/05,202211,14582,14700,14550,14592,67,14592
2022/09/05,202212,14605,14649,14522,14580,35,14570
2022/09/05,202303,14533,14627,14500,14527,13,14527
2022/09/05,202306,14548,14548,14433,14456,9,14456
2022/09/06,202209,14720,14770,14555,14634,93184,14635
2022/09/06,202210,14684,14755,14550,14624,951,14623
2022/09/06,202211,14673,14750,14556,14628,70,14618
2022/09/06,202212,14673,14720,14527,14570,67,14590
2022/09/06,202303,14633,14652,14484,14538,18,14538
2022/09/06,202306,14579,14584,14407,14435,15,14470
2022/09/07,202209,14445,14455,14331,14359,99373,14357
2022/09/07,202210,14459,14459,14328,14353,1129,14350
2022/09/07,202211,14445,14445,14329,14345,88,14345
2022/09/07,202212,14420,14420,14300,14307,65,14322
2022/09/07,202303,14370,14370,14265,14265,26,14280
2022/09/07,202306,14281,14281,14186,14186,17,14203
2022/09/08,202209,14459,14552,14389,14548,88563,14545
2022/09/08,202210,14470,14539,14382,14535,1145,14534
2022/09/08,202211,14461,14522,14383,14522,93,14531
2022/09/08,202212,14421,14501,14359,14501,55,14501
2022/09/08,202303,14375,14440,14313,14440,17,14454
2022/09/08,202306,14285,14359,14285,14340,14,14379
2022/09/12,202209,14775,14824,14731,14794,73967,14797
2022/09/12,202210,14752,14808,14720,14780,1526,14780
2022/09/12,202211,14747,14798,14713,14768,206,14768
2022/09/12,202212,14728,14769,14696,14746,97,14746
2022/09/12,202303,14658,14712,14647,14699,17,14699
2022/09/12,202306,14577,14627,14577,14613,24,14613
2022/09/13,202209,14884,14928,14827,14875,64810,14875
2022/09/13,202210,14868,14908,14810,14859,1842,14859
2022/09/13,202211,14870,14891,14802,14834,204,14834
2022/09/13,202212,14835,14864,14778,14810,44,14810
2022/09/13,202303,14755,14755,14729,14748,4,14762
2022/09/13,202306,14723,14723,14650,14675,14,14688
2022/09/14,202209,14458,14641,14443,14577,88778,14578
2022/09/14,202210,14447,14624,14434,14564,2791,14563
2022/09/14,202211,14400,14606,14400,14557,156,14547
2022/09/14,202212,14404,14577,14404,14520,48,14520
2022/09/14,202303,14369,14520,14369,14481,16,14473
2022/09/14,202306,14408,14457,14397,14399,10,14399
2022/09/15,202209,14578,14715,14562,14642,77473,14642
2022/09/15,202210,14563,14693,14548,14625,3368,14625
2022/09/15,202211,14550,14672,14536,14626,66,14609
2022/09/15,202212,14514,14645,14507,14595,61,14579
2022/09/15,202303,14547,14547,14547,14547,1,14532
2022/09/15,202306,14444,14510,14442,14470,9,14454
2022/09/16,202209,14500,14527,14465,14483,75293,14485
2022/09/16,202210,14496,14511,14453,14473,5975,14474
2022/09/16,202211,14476,14501,14444,14458,118,14458
2022/09/16,202212,14475,14477,14417,14435,88,14435
2022/09/16,202303,14400,14404,14376,14385,21,14385
2022/09/16,202306,14319,14338,14300,14309,36,14309
2022/09/19,202209,14550,14579,14406,14420,96859,14420
2022/09/19,202210,14524,14555,14391,14400,31870,14400
2022/09/19,202211,14517,14535,14384,14390,136,14390
2022/09/19,202212,14511,14511,14360,14364,67,14364
2022/09/19,202303,14443,14443,14322,14323,42,14323
2022/09/19,202306,14381,14390,14251,14260,28,14245
2022/09/20,202209,14548,14569,14464,14561,83214,14558
2022/09/20,202210,14519,14534,14440,14528,35129,14528
2022/09/20,202211,14500,14515,14434,14511,287,14511
2022/09/20,202212,14450,14480,14400,14480,60,14480
2022/09/20,202303,14425,14437,14363,14420,23,14433
2022/09/20,202306,14339,14356,14280,14351,25,14361
2022/09/21,202209,14476,14520,14392,14402,47622,0
2022/09/21,202210,14460,14479,14377,14410,45062,14411
2022/09/21,202211,14443,14466,14368,14402,342,14402
2022/09/21,202212,14416,14427,14346,14385,76,14370
2022/09/21,202303,14370,14372,14311,14340,14,14340
2022/09/21,202306,14288,14313,14248,14272,50,14272
2022/09/22,202210,14225,14250,14088,14242,104178,14239
2022/09/22,202211,14205,14230,14078,14220,1205,14220
2022/09/22,202212,14196,14199,14050,14193,198,14193
2022/09/22,202303,14150,14159,14015,14131,37,14154
2022/09/22,202306,14097,14100,13955,14080,93,14092
2022/09/22,202309,13904,13904,13500,13588,44,13588
2022/09/23,202210,14212,14229,14056,14119,87010,14118
2022/09/23,202211,14205,14210,14045,14106,826,14107
2022/09/23,202212,14142,14160,14016,14074,90,14074
2022/09/23,202303,14107,14138,13978,14039,66,14039
2022/09/23,202306,14050,14055,13936,13984,55,13984
2022/09/23,202309,13573,13573,13460,13460,7,13476
2022/09/26,202210,13916,13953,13740,13758,114988,13762
2022/09/26,202211,13908,13940,13730,13751,1109,13754
2022/09/26,202212,13885,13912,13705,13730,126,13721
2022/09/26,202303,13862,13862,13663,13677,64,13677
2022/09/26,202306,13799,13799,13608,13639,59,13625
2022/09/26,202309,13370,13370,13129,13129,23,13129
2022/09/27,202210,13843,13861,13735,13818,94792,13815
2022/09/27,202211,13824,13846,13726,13800,551,13800
2022/09/27,202212,13792,13815,13698,13774,77,13774
2022/09/27,202303,13766,13766,13661,13732,22,13732
2022/09/27,202306,13700,13708,13607,13675,33,13675
2022/09/27,202309,13186,13186,13142,13155,7,13167
2022/09/28,202210,13796,13849,13486,13515,144383,13515
2022/09/28,202211,13787,13832,13475,13503,1210,13504
2022/09/28,202212,13780,13786,13450,13477,176,13477
2022/09/28,202303,13750,13750,13413,13421,98,13433
2022/09/28,202306,13671,13700,13355,13359,82,13378
2022/09/28,202309,13180,13180,12860,12871,20,12871
2022/09/29,202210,13658,13672,13471,13524,115038,13523
2022/09/29,202211,13634,13656,13466,13509,826,13507
2022/09/29,202212,13600,13622,13435,13481,102,13481
2022/09/29,202303,13570,13570,13390,13435,40,13435
2022/09/29,202306,13510,13516,13348,13401,55,13385
2022/09/29,202309,12976,12976,12870,12875,7,12875
2022/09/30,202210,13356,13458,13298,13395,120030,13394
2022/09/30,202211,13338,13437,13285,13373,745,13377
2022/09/30,202212,13310,13405,13260,13351,143,13351
2022/09/30,202303,13238,13320,13216,13318,48,13304
2022/09/30,202306,13211,13310,13160,13248,32,13248
2022/09/30,202309,12703,12755,12654,12755,24,12729
2022/10/03,202210,13248,13444,13215,13304,110724,13303
2022/10/03,202211,13228,13425,13200,13289,1465,13288
2022/10/03,202212,13212,13401,13175,13258,166,13258
2022/10/03,202303,13145,13312,13136,13185,40,13210
2022/10/03,202306,13081,13273,13072,13122,24,13159
2022/10/03,202309,12600,12750,12579,12605,17,12642
2022/10/04,202210,13530,13615,13489,13597,91521,13593
2022/10/04,202211,13517,13600,13474,13580,1048,13579
2022/10/04,202212,13490,13565,13451,13541,113,13552
2022/10/04,202303,13458,13510,13411,13497,34,13497
2022/10/04,202306,13418,13459,13390,13445,11,13445
2022/10/04,202309,12857,12937,12842,12925,27,12925
2022/10/05,202210,13740,13884,13721,13820,116457,13814
2022/10/05,202211,13742,13863,13708,13800,1832,13797
2022/10/05,202212,13780,13835,13680,13770,246,13770
2022/10/05,202303,13650,13777,13635,13700,58,13719
2022/10/05,202306,13630,13716,13593,13656,24,13669
2022/10/05,202309,13061,13197,13061,13105,24,13142
2022/10/06,202210,13932,13957,13814,13869,89623,13871
2022/10/06,202211,13888,13935,13796,13850,1329,13850
2022/10/06,202212,13880,13906,13770,13825,187,13816
2022/10/06,202303,13828,13828,13720,13761,29,13761
2022/10/06,202306,13788,13788,13687,13700,9,13700
2022/10/06,202309,13135,13135,13135,13135,1,13167
2022/10/07,202210,13781,13818,13683,13689,81120,13688
2022/10/07,202211,13752,13795,13666,13666,1012,13667
2022/10/07,202212,13700,13755,13634,13644,108,13636
2022/10/07,202303,13652,13671,13580,13591,24,13579
2022/10/07,202306,13618,13650,13529,13529,15,13529
2022/10/07,202309,13081,13106,12986,12986,12,12986
2022/10/11,202210,13251,13297,13081,13091,132727,13090
2022/10/11,202211,13250,13279,13066,13074,5222,13073
2022/10/11,202212,13220,13244,13036,13040,551,13040
2022/10/11,202303,13216,13216,12982,12982,87,12982
2022/10/11,202306,13109,13109,12920,12931,107,12931
2022/10/11,202309,12565,12580,12384,12384,50,12393
2022/10/12,202210,13049,13140,12975,13076,111132,13072
2022/10/12,202211,13018,13115,12957,13053,2728,13053
2022/10/12,202212,12986,13080,12925,13029,271,13029
2022/10/12,202303,12952,13005,12873,12971,46,12971
2022/10/12,202306,12908,12960,12813,12911,48,12911
2022/10/12,202309,12395,12423,12294,12379,16,12379
2022/10/13,202210,13032,13085,12805,12869,125033,12869
2022/10/13,202211,13033,13063,12785,12846,3428,12844
2022/10/13,202212,12986,13024,12758,12812,365,12813
2022/10/13,202303,12942,12942,12696,12800,72,12753
2022/10/13,202306,12860,12894,12639,12750,80,12694
2022/10/13,202309,12355,12355,12110,12110,15,12154
2022/10/14,202210,13150,13249,13074,13166,101646,13168
2022/10/14,202211,13110,13226,13053,13147,7017,13145
2022/10/14,202212,13071,13187,13023,13091,225,13110
2022/10/14,202303,13025,13100,12964,13034,178,13045
2022/10/14,202306,12960,13052,12900,12975,47,12975
2022/10/14,202309,12427,12500,12400,12459,7,12443
2022/10/17,202210,12964,13009,12821,12981,138854,12978
2022/10/17,202211,12934,12992,12800,12954,35518,12952
2022/10/17,202212,12908,12940,12778,12933,291,12923
2022/10/17,202303,12852,12870,12728,12870,39,12870
2022/10/17,202306,12768,12806,12642,12783,41,12783
2022/10/17,202309,12175,12238,12130,12215,8,12255
2022/10/18,202210,13158,13182,12992,13103,125759,13100
2022/10/18,202211,13141,13157,12968,13077,44175,13079
2022/10/18,202212,13100,13115,12937,13046,223,13046
2022/10/18,202303,13051,13051,12893,12991,37,12991
2022/10/18,202306,12964,12964,12817,12938,14,12911
2022/10/18,202309,12391,12405,12314,12405,7,12367
2022/10/19,202210,13125,13168,12967,12998,69733,0
2022/10/19,202211,13130,13166,12958,12964,65748,12962
2022/10/19,202212,13064,13130,12931,12935,407,12938
2022/10/19,202303,12997,13053,12877,12885,47,12885
2022/10/19,202306,12924,12946,12860,12860,19,12815
2022/10/19,202309,12390,12450,12388,12388,8,12283
2022/10/20,202211,12815,12916,12662,12900,137538,12898
2022/10/20,202212,12805,12885,12640,12870,1373,12870
2022/10/20,202301,12804,12876,12642,12855,123,12864
2022/10/20,202303,12716,12836,12599,12817,86,12817
2022/10/20,202306,12685,12685,12527,12649,44,12760
2022/10/20,202309,12133,12144,12000,12144,19,12226
2022/10/21,202211,12922,12948,12794,12805,107939,12805
2022/10/21,202212,12890,12919,12767,12775,1136,12775
2022/10/21,202301,12881,12905,12760,12779,88,12765
2022/10/21,202303,12817,12850,12723,12723,50,12723
2022/10/21,202306,12720,12798,12660,12672,25,12661
2022/10/21,202309,12238,12238,12130,12130,8,12130
2022/10/24,202211,13100,13126,12864,12882,120336,12884
2022/10/24,202212,13084,13096,12838,12852,1588,12856
2022/10/24,202301,12951,13082,12830,12848,107,12848
2022/10/24,202303,13025,13025,12790,12805,59,12805
2022/10/24,202306,12875,12880,12730,12730,24,12730
2022/10/24,202309,12437,12437,12249,12249,14,12221
2022/10/25,202211,12895,12946,12652,12682,146455,12685
2022/10/25,202212,12866,12913,12628,12662,1690,12661
2022/10/25,202301,12899,12899,12631,12665,142,12649
2022/10/25,202303,12820,12820,12590,12625,143,12611
2022/10/25,202306,12760,12780,12515,12543,90,12543
2022/10/25,202309,12142,12142,12030,12058,40,12046
2022/10/26,202211,12722,12833,12664,12739,108896,12741
2022/10/26,202212,12711,12804,12642,12715,1423,12715
2022/10/26,202301,12666,12780,12631,12725,44,12704
2022/10/26,202303,12650,12731,12601,12675,27,12660
2022/10/26,202306,12581,12626,12530,12626,18,12596
2022/10/26,202309,12062,12170,12058,12140,22,12102
2022/10/27,202211,12883,12984,12878,12956,97666,12956
2022/10/27,202212,12850,12954,12850,12926,1190,12926
2022/10/27,202301,12857,12940,12857,12913,119,12913
2022/10/27,202303,12811,12900,12809,12857,49,12876
2022/10/27,202306,12739,12818,12739,12806,9,12806
2022/10/27,202309,12271,12325,12270,12300,8,12319
2022/10/28,202211,12855,12915,12745,12764,97431,12767
2022/10/28,202212,12828,12886,12720,12744,2015,12741
2022/10/28,202301,12850,12875,12720,12730,54,12730
2022/10/28,202303,12786,12822,12677,12689,56,12689
2022/10/28,202306,12728,12728,12616,12616,20,12616
2022/10/28,202309,12261,12278,12126,12129,14,12141
2022/10/31,202211,12880,12997,12836,12943,88369,12943
2022/10/31,202212,12875,12968,12810,12919,1026,12915
2022/10/31,202301,12883,12954,12804,12906,101,12906
2022/10/31,202303,12835,12912,12762,12867,68,12867
2022/10/31,202306,12802,12807,12802,12807,2,12798
2022/10/31,202309,12235,12358,12235,12317,5,12317
2022/11/01,202211,12960,13095,12934,13031,91434,13033
2022/11/01,202212,12920,13065,12909,13007,1651,13005
2022/11/01,202301,12921,13042,12904,12995,103,12995
2022/11/01,202303,12877,13010,12865,12950,57,12950
2022/11/01,202306,12859,12935,12859,12933,15,12882
2022/11/01,202309,12385,12444,12385,12407,39,12407
2022/11/02,202211,13033,13103,13015,13083,66189,13084
2022/11/02,202212,13007,13070,12989,13054,1265,13055
2022/11/02,202301,13005,13052,12982,13040,66,13040
2022/11/02,202303,12955,13010,12954,13001,30,13001
2022/11/02,202306,12888,12935,12877,12935,9,12935
2022/11/02,202309,12447,12447,12447,12447,1,12447
2022/11/03,202211,12883,12983,12854,12958,74133,12957
2022/11/03,202212,12855,12951,12828,12926,1300,12926
2022/11/03,202301,12819,12933,12818,12924,56,12916
2022/11/03,202303,12799,12892,12776,12878,45,12878
2022/11/03,202306,12721,12814,12721,12806,28,12806
2022/11/03,202309,12245,12328,12240,12328,11,12328
2022/11/04,202211,12880,13039,12850,13030,82593,13029
2022/11/04,202212,12859,13005,12824,13000,2023,12999
2022/11/04,202301,12860,12986,12825,12985,70,12985
2022/11/04,202303,12805,12950,12780,12938,51,12946
2022/11/04,202306,12729,12814,12725,12797,19,12880
2022/11/04,202309,12233,12392,12233,12392,12,12392
2022/11/07,202211,13156,13265,13096,13224,95613,13225
2022/11/07,202212,13126,13231,13069,13191,2947,13191
2022/11/07,202301,13111,13210,13061,13178,136,13178
2022/11/07,202303,13070,13161,13012,13129,90,13129
2022/11/07,202306,12995,13100,12956,13100,71,13066
2022/11/07,202309,12500,12610,12500,12581,9,12581
2022/11/08,202211,13312,13390,13298,13334,74647,13333
2022/11/08,202212,13265,13353,13265,13302,2485,13301
2022/11/08,202301,13255,13333,13253,13287,71,13287
2022/11/08,202303,13220,13294,13210,13242,69,13242
2022/11/08,202306,13162,13229,13162,13178,19,13178
2022/11/08,202309,12671,12723,12661,12719,47,12692
2022/11/09,202211,13467,13613,13438,13595,87870,13593
2022/11/09,202212,13435,13574,13405,13558,3026,13556
2022/11/09,202301,13400,13556,13395,13536,128,13536
2022/11/09,202303,13361,13516,13354,13494,142,13502
2022/11/09,202306,13291,13439,13291,13415,34,13425
2022/11/09,202309,12816,12950,12800,12950,18,12950
2022/11/10,202211,13543,13565,13461,13477,71235,13486
2022/11/10,202212,13505,13526,13426,13445,2235,13448
2022/11/10,202301,13487,13500,13420,13442,34,13427
2022/11/10,202303,13437,13465,13380,13393,27,13393
2022/11/10,202306,13354,13354,13303,13319,13,13319
2022/11/10,202309,12860,12860,12860,12860,1,12838
2022/11/11,202211,13965,14062,13896,14058,115281,14054
2022/11/11,202212,13911,14018,13858,14013,8105,14012
2022/11/11,202301,13904,14000,13853,14000,217,13995
2022/11/11,202303,13840,13956,13803,13956,105,13953
2022/11/11,202306,13772,13858,13760,13857,43,13879
2022/11/11,202309,13285,13376,13260,13376,59,13376
2022/11/14,202211,14159,14195,14080,14127,114862,14125
2022/11/14,202212,14123,14142,14032,14079,35746,14075
2022/11/14,202301,14112,14119,14020,14052,249,14056
2022/11/14,202303,14063,14069,13998,14015,56,14015
2022/11/14,202306,13992,14000,13930,13965,49,13941
2022/11/14,202309,13470,13477,13438,13477,9,13441
2022/11/15,202211,14237,14575,14212,14530,140937,14524
2022/11/15,202212,14150,14497,14145,14465,50143,14455
2022/11/15,202301,14138,14467,14127,14438,347,14420
2022/11/15,202303,14138,14419,14118,14383,152,14374
2022/11/15,202306,14064,14329,14057,14329,28,14306
2022/11/15,202309,13511,13837,13511,13776,90,13803
2022/11/16,202211,14620,14652,14451,14499,75223,0
2022/11/16,202212,14537,14578,14388,14497,66217,14486
2022/11/16,202301,14518,14552,14372,14470,496,14460
2022/11/16,202303,14474,14477,14343,14418,73,14426
2022/11/16,202306,14410,14410,14295,14335,20,14335
2022/11/16,202309,13932,13932,13780,13838,6,13852
2022/11/17,202212,14471,14545,14357,14513,88530,14511
2022/11/17,202301,14440,14519,14335,14485,740,14486
2022/11/17,202302,14400,14490,14329,14484,49,14465
2022/11/17,202303,14400,14450,14308,14439,49,14439
2022/11/17,202306,14308,14349,14207,14349,37,14356
2022/11/17,202309,13818,13867,13730,13867,12,13867
2022/11/18,202212,14551,14681,14437,14460,114375,14465
2022/11/18,202301,14523,14654,14418,14441,944,14441
2022/11/18,202302,14530,14627,14401,14422,96,14422
2022/11/18,202303,14494,14598,14394,14399,80,14399
2022/11/18,202306,14443,14519,14307,14308,13,14308
2022/11/18,202309,13906,14018,13906,14018,7,13823
2022/11/21,202212,14492,14517,14411,14428,80224,14431
2022/11/21,202301,14488,14489,14390,14412,441,14412
2022/11/21,202302,14427,14470,14380,14390,16,14390
2022/11/21,202303,14436,14443,14349,14362,34,14362
2022/11/21,202306,14300,14333,14263,14270,19,14270
2022/11/21,202309,13830,13841,13800,13800,7,13800
2022/11/22,202212,14457,14529,14364,14505,88314,14504
2022/11/22,202301,14425,14503,14343,14475,646,14475
2022/11/22,202302,14412,14471,14330,14449,50,14461
2022/11/22,202303,14359,14449,14306,14438,58,14437
2022/11/22,202306,14297,14362,14224,14349,18,14349
2022/11/22,202309,13846,13846,13846,13846,8,13861
2022/11/23,202212,14615,14642,14543,14600,76990,14599
2022/11/23,202301,14608,14613,14520,14575,422,14575
2022/11/23,202302,14565,14590,14525,14572,32,14554
2022/11/23,202303,14537,14562,14500,14531,41,14531
2022/11/23,202306,14450,14479,14396,14443,18,14443
2022/11/23,202309,13944,13944,13944,13944,1,13956
2022/11/24,202212,14690,14789,14656,14775,77474,14774
2022/11/24,202301,14650,14765,14633,14748,925,14749
2022/11/24,202302,14637,14742,14620,14734,45,14732
2022/11/24,202303,14620,14715,14597,14704,123,14704
2022/11/24,202306,14532,14600,14510,14600,24,14619
2022/11/24,202309,14046,14137,14020,14121,45,14128
2022/11/25,202212,14769,14798,14703,14703,68961,14710
2022/11/25,202301,14745,14772,14677,14677,1085,14680
2022/11/25,202302,14712,14736,14667,14670,73,14655
2022/11/25,202303,14683,14726,14634,14655,49,14633
2022/11/25,202306,14588,14591,14550,14550,8,14550
2022/11/25,202309,14134,14137,14098,14098,3,14062
2022/11/28,202212,14550,14588,14433,14475,106570,14474
2022/11/28,202301,14540,14558,14408,14450,1254,14447
2022/11/28,202302,14460,14517,14385,14440,41,14424
2022/11/28,202303,14480,14500,14368,14396,93,14396
2022/11/28,202306,14384,14384,14296,14380,10,14313
2022/11/28,202309,13876,13922,13818,13860,12,13834
2022/11/29,202212,14470,14678,14431,14658,92020,14660
2022/11/29,202301,14426,14648,14406,14627,720,14627
2022/11/29,202302,14413,14616,14380,14602,37,14602
2022/11/29,202303,14374,14592,14358,14580,142,14580
2022/11/29,202306,14344,14509,14336,14495,23,14495
2022/11/29,202309,13919,14011,13919,14007,12,14007
2022/11/30,202212,14640,14838,14619,14800,101856,14802
2022/11/30,202301,14610,14807,14595,14771,820,14774
2022/11/30,202302,14599,14777,14570,14747,103,14747
2022/11/30,202303,14555,14750,14550,14709,174,14709
2022/11/30,202306,14458,14652,14458,14628,33,14628
2022/11/30,202309,14066,14170,14066,14143,19,14143
2022/12/01,202212,15030,15119,14927,14977,109793,14980
2022/12/01,202301,15012,15082,14900,14953,1281,14954
2022/12/01,202302,14966,15052,14886,14922,95,14922
2022/12/01,202303,14954,15028,14845,14889,173,14889
2022/12/01,202306,14886,14916,14750,14781,17,14802
2022/12/01,202309,14399,14441,14298,14325,39,14325
2022/12/02,202212,14860,14959,14842,14886,70239,14884
2022/12/02,202301,14823,14929,14817,14858,712,14857
2022/12/02,202302,14801,14902,14800,14830,32,14830
2022/12/02,202303,14787,14870,14766,14799,139,14799
2022/12/02,202306,14673,14734,14673,14734,4,14710
2022/12/02,202309,14221,14257,14221,14240,4,14240
2022/12/05,202212,14898,15046,14880,14935,79795,14930
2022/12/05,202301,14870,15017,14858,14903,1099,14901
2022/12/05,202302,14860,14983,14840,14878,105,14878
2022/12/05,202303,14822,14957,14822,14842,71,14842
2022/12/05,202306,14798,14868,14756,14766,14,14766
2022/12/05,202309,14313,14387,14313,14354,22,14282
2022/12/06,202212,14874,14894,14672,14675,92759,14679
2022/12/06,202301,14850,14867,14646,14650,1118,14651
2022/12/06,202302,14804,14835,14625,14630,50,14630
2022/12/06,202303,14787,14802,14594,14594,151,14594
2022/12/06,202306,14703,14703,14508,14508,12,14508
2022/12/06,202309,14244,14244,14049,14049,8,14035
2022/12/07,202212,14603,14780,14594,14623,106919,14625
2022/12/07,202301,14590,14750,14566,14597,859,14597
2022/12/07,202302,14628,14724,14552,14570,68,14570
2022/12/07,202303,14536,14689,14528,14538,89,14538
2022/12/07,202306,14448,14602,14438,14453,23,14453
2022/12/07,202309,14101,14101,13971,13971,15,13982
2022/12/08,202212,14567,14570,14413,14496,99806,14495
2022/12/08,202301,14550,14550,14388,14469,1346,14466
2022/12/08,202302,14499,14499,14373,14461,50,14444
2022/12/08,202303,14483,14483,14330,14410,169,14410
2022/12/08,202306,14382,14382,14245,14364,13,14326
2022/12/08,202309,13862,13900,13780,13853,20,13853
2022/12/09,202212,14636,14722,14572,14707,88022,14709
2022/12/09,202301,14612,14686,14545,14672,1348,14672
2022/12/09,202302,14573,14650,14528,14616,90,14644
2022/12/09,202303,14537,14623,14500,14618,92,14618
2022/12/09,202306,14500,14531,14498,14527,28,14527
2022/12/09,202309,13947,14053,13947,14053,10,14053
2022/12/12,202212,14649,14650,14485,14581,87221,14583
2022/12/12,202301,14605,14611,14455,14550,1410,14550
2022/12/12,202302,14545,14545,14430,14512,35,14521
2022/12/12,202303,14553,14553,14400,14498,72,14498
2022/12/12,202306,14448,14448,14324,14400,10,14400
2022/12/12,202309,13965,13965,13852,13896,18,13937
2022/12/13,202212,14660,14687,14496,14519,86066,14518
2022/12/13,202301,14635,14651,14461,14482,1922,14480
2022/12/13,202302,14593,14593,14439,14456,41,14456
2022/12/13,202303,14573,14574,14409,14431,48,14431
2022/12/13,202306,14441,14441,14333,14333,6,14333
2022/12/13,202309,13980,13980,13868,13876,12,13876
2022/12/14,202212,14609,14732,14576,14710,88287,14710
2022/12/14,202301,14562,14679,14535,14656,2229,14659
2022/12/14,202302,14548,14645,14540,14622,75,14622
2022/12/14,202303,14500,14600,14490,14590,89,14590
2022/12/14,202306,14447,14521,14398,14506,32,14506
2022/12/14,202309,13958,14056,13950,14040,22,14040
2022/12/15,202212,14658,14750,14607,14708,88235,14713
2022/12/15,202301,14600,14695,14560,14657,2793,14658
2022/12/15,202302,14572,14660,14540,14613,67,14623
2022/12/15,202303,14506,14628,14506,14598,52,14598
2022/12/15,202306,14416,14533,14416,14533,11,14501
2022/12/15,202309,13951,14058,13951,14040,16,14040
2022/12/16,202212,14440,14550,14411,14461,104255,14463
2022/12/16,202301,14380,14497,14365,14421,9168,14417
2022/12/16,202302,14349,14463,14339,14382,70,14382
2022/12/16,202303,14313,14433,14302,14358,62,14357
2022/12/16,202306,14250,14329,14250,14252,15,14252
2022/12/16,202309,13751,13860,13750,13790,28,13793
2022/12/19,202212,14405,14485,14362,14404,98774,14407
2022/12/19,202301,14359,14439,14318,14364,41900,14362
2022/12/19,202302,14308,14404,14308,14330,82,14330
2022/12/19,202303,14263,14350,14259,14296,64,14296
2022/12/19,202306,14266,14266,14192,14197,10,14197
2022/12/19,202309,13700,13791,13700,13739,15,13739
2022/12/20,202212,14366,14442,14121,14154,131280,14153
2022/12/20,202301,14328,14406,14092,14125,49234,14123
2022/12/20,202302,14309,14365,14068,14095,161,14096
2022/12/20,202303,14273,14335,14040,14056,109,14056
2022/12/20,202306,14172,14172,13950,13968,35,13968
2022/12/20,202309,13716,13770,13481,13500,39,13500
2022/12/21,202212,14210,14278,14175,14219,48935,0
2022/12/21,202301,14172,14233,14131,14165,42605,14167
2022/12/21,202302,14134,14200,14100,14136,177,14137
2022/12/21,202303,14114,14168,14073,14101,83,14101
2022/12/21,202306,14060,14060,13979,13997,12,13997
2022/12/21,202309,13602,13602,13537,13537,26,13537
2022/12/22,202301,14311,14396,14285,14377,71964,14374
2022/12/22,202302,14274,14359,14254,14342,550,14342
2022/12/22,202303,14235,14322,14216,14300,87,14300
2022/12/22,202306,14162,14212,14162,14206,20,14206
2022/12/22,202309,13667,13736,13667,13736,12,13736
2022/12/22,202312,13632,13671,13599,13671,10,13671
2022/12/23,202301,14168,14237,14125,14190,72919,14189
2022/12/23,202302,14153,14203,14097,14154,489,14154
2022/12/23,202303,14112,14168,14070,14129,31,14129
2022/12/23,202306,13988,14062,13980,14062,26,14021
2022/12/23,202309,13506,13559,13506,13559,2,13559
2022/12/23,202312,13451,13507,13423,13485,23,13485
2022/12/26,202301,14196,14254,14192,14245,35315,14243
2022/12/26,202302,14167,14216,14160,14211,337,14210
2022/12/26,202303,14142,14182,14139,14176,31,14176
2022/12/26,202306,14038,14077,14038,14077,25,14077
2022/12/26,202309,13628,13628,13572,13572,2,13610
2022/12/26,202312,13500,13536,13500,13522,13,13531
2022/12/27,202301,14295,14392,14278,14303,65334,14305
2022/12/27,202302,14257,14355,14248,14272,499,14271
2022/12/27,202303,14242,14318,14215,14233,83,14233
2022/12/27,202306,14148,14205,14120,14129,17,14129
2022/12/27,202309,13670,13696,13656,13660,6,13660
2022/12/27,202312,13634,13634,13572,13572,2,13572
2022/12/28,202301,14190,14195,14070,14110,84583,14112
2022/12/28,202302,14172,14172,14039,14080,701,14080
2022/12/28,202303,14110,14110,14023,14053,71,14053
2022/12/28,202306,13995,14003,13905,13951,58,13941
2022/12/28,202309,13496,13496,13440,13470,28,13470
2022/12/28,202312,13461,13461,13352,13390,24,13390
2022/12/29,202301,13960,14072,13938,14032,78436,14034
2022/12/29,202302,13944,14034,13909,14005,631,14001
2022/12/29,202303,13900,14003,13884,13967,111,13969
2022/12/29,202306,13800,13895,13773,13882,59,13861
2022/12/29,202309,13345,13421,13345,13421,4,13397
2022/12/29,202312,13265,13326,13257,13326,10,13326
2022/12/30,202301,14193,14213,14127,14134,61365,14135
2022/12/30,202302,14171,14175,14093,14097,472,14097
2022/12/30,202303,14118,14136,14059,14059,82,14059
2022/12/30,202306,14030,14030,13955,13960,32,13960
2022/12/30,202309,13543,13552,13490,13490,3,13490
2022/12/30,202312,13472,13472,13425,13425,3,13412
2023/01/03,202301,14050,14247,13952,14230,114614,14230
2023/01/03,202302,14036,14210,13924,14196,1331,14196
2023/01/03,202303,13986,14172,13900,14160,127,14160
2023/01/03,202306,13858,14062,13796,14062,32,14062
2023/01/03,202309,13333,13534,13333,13534,3,13583
2023/01/03,202312,13300,13502,13260,13502,9,13502
2023/01/04,202301,14205,14271,14181,14208,69531,14209
2023/01/04,202302,14171,14235,14149,14176,847,14176
2023/01/04,202303,14125,14200,14119,14140,96,14140
2023/01/04,202306,14068,14099,14059,14059,9,14038
2023/01/04,202309,13600,13600,13585,13597,5,13567
2023/01/04,202312,13520,13520,13520,13520,7,13487
2023/01/05,202301,14324,14375,14239,14289,77650,14289
2023/01/05,202302,14287,14338,14206,14257,1162,14254
2023/01/05,202303,14256,14300,14171,14193,152,14218
2023/01/05,202306,14155,14198,14097,14100,15,14116
2023/01/05,202309,13702,13702,13599,13634,7,13634
2023/01/05,202312,13538,13548,13538,13538,4,13555
2023/01/06,202301,14278,14403,14275,14364,78727,14366
2023/01/06,202302,14240,14365,14240,14328,1107,14330
2023/01/06,202303,14218,14329,14218,14291,226,14291
2023/01/06,202306,14116,14226,14116,14196,59,14196
2023/01/06,202309,13669,13720,13643,13701,17,13701
2023/01/06,202312,13550,13619,13550,13619,10,13619
2023/01/09,202301,14618,14770,14582,14769,80242,14765
2023/01/09,202302,14570,14727,14543,14726,1764,14724
2023/01/09,202303,14520,14683,14504,14682,216,14682
2023/01/09,202306,14418,14550,14403,14550,45,14577
2023/01/09,202309,13952,14051,13952,14051,15,14078
2023/01/09,202312,13871,13967,13843,13967,10,13993
2023/01/10,202301,14745,14829,14735,14808,69053,14810
2023/01/10,202302,14704,14790,14695,14772,1318,14771
2023/01/10,202303,14667,14745,14662,14742,126,14728
2023/01/10,202306,14587,14622,14587,14617,11,14617
2023/01/10,202309,14091,14131,14091,14131,2,14131
2023/01/10,202312,14000,14020,14000,14005,4,14031
2023/01/11,202301,14855,14884,14746,14792,62375,14791
2023/01/11,202302,14823,14842,14709,14752,1292,14752
2023/01/11,202303,14791,14800,14669,14701,92,14713
2023/01/11,202306,14671,14685,14570,14595,34,14595
2023/01/11,202309,14180,14180,14093,14093,3,14108
2023/01/11,202312,14072,14072,13980,14022,7,14022
2023/01/12,202301,14825,14840,14709,14768,68357,14766
2023/01/12,202302,14779,14800,14670,14728,2675,14726
2023/01/12,202303,14748,14757,14637,14696,109,14696
2023/01/12,202306,14631,14631,14520,14575,9,14575
2023/01/12,202309,14102,14102,14102,14102,1,14102
2023/01/12,202312,14000,14000,13997,13997,2,13997
2023/01/13,202301,15000,15016,14822,14833,83193,14834
2023/01/13,202302,14941,14971,14784,14792,6756,14793
2023/01/13,202303,14909,14927,14743,14755,301,14755
2023/01/13,202306,14800,14810,14635,14640,27,14640
2023/01/13,202309,14208,14208,14147,14168,13,14148
2023/01/13,202312,14206,14206,14079,14079,6,14062
2023/01/16,202301,14935,15004,14916,14936,84845,14938
2023/01/16,202302,14894,14972,14886,14910,27096,14914
2023/01/16,202303,14850,14927,14848,14873,293,14873
2023/01/16,202306,14752,14800,14745,14760,23,14760
2023/01/16,202309,14265,14323,14260,14267,11,14267
2023/01/16,202312,14200,14222,14163,14185,6,14185
2023/01/17,202301,14923,14969,14906,14925,68548,14925
2023/01/17,202302,14889,14954,14889,14910,26734,14910
2023/01/17,202303,14863,14918,14856,14880,119,14880
2023/01/17,202306,14780,14799,14758,14771,8,14771
2023/01/17,202309,14288,14310,14282,14282,6,14282
2023/01/17,202312,14219,14219,14219,14219,5,14188
2023/01/30,202301,15558,15559,15364,15451,45946,0
2023/01/30,202302,15450,15532,15349,15458,56025,15457
2023/01/30,202303,15468,15491,15320,15425,638,15425
2023/01/30,202306,15348,15375,15222,15300,75,15300
2023/01/30,202309,14862,14862,14759,14811,29,14811
2023/01/30,202312,14720,14720,14688,14710,10,14724
2023/01/31,202302,15449,15456,15265,15268,72954,15268
2023/01/31,202303,15415,15425,15235,15238,1339,15238
2023/01/31,202304,15405,15405,15200,15201,131,15201
2023/01/31,202306,15300,15327,15159,15159,36,15137
2023/01/31,202309,14820,14820,14708,14708,4,14645
2023/01/31,202312,14700,14700,14600,14600,6,14547
2023/02/01,202302,15350,15402,15297,15383,61365,15382
2023/02/01,202303,15299,15370,15270,15350,542,15354
2023/02/01,202304,15297,15321,15240,15300,94,15312
2023/02/01,202306,15215,15245,15183,15232,30,15253
2023/02/01,202309,14746,14756,14746,14756,6,14756
2023/02/01,202312,14626,14666,14626,14666,3,14653
2023/02/02,202302,15549,15600,15468,15580,75910,15580
2023/02/02,202303,15508,15565,15437,15551,1636,15550
2023/02/02,202304,15461,15519,15408,15510,106,15510
2023/02/02,202306,15397,15456,15362,15450,37,15450
2023/02/02,202309,14871,14923,14830,14916,36,14916
2023/02/02,202312,14788,14845,14733,14844,22,14844
2023/02/03,202302,15581,15629,15488,15579,71763,15581
2023/02/03,202303,15568,15595,15458,15554,748,15554
2023/02/03,202304,15497,15550,15425,15513,78,15513
2023/02/03,202306,15425,15491,15364,15457,36,15457
2023/02/03,202309,14910,14984,14856,14950,22,14934
2023/02/03,202312,14796,14841,14760,14841,5,14841
2023/02/06,202302,15504,15505,15391,15405,75333,15407
2023/02/06,202303,15482,15482,15366,15380,882,15380
2023/02/06,202304,15446,15446,15330,15333,184,15333
2023/02/06,202306,15375,15375,15272,15272,25,15272
2023/02/06,202309,14849,14849,14760,14760,14,14760
2023/02/06,202312,14700,14733,14666,14672,7,14672
2023/02/07,202302,15383,15447,15366,15396,65134,15397
2023/02/07,202303,15347,15415,15340,15367,1035,15368
2023/02/07,202304,15308,15374,15308,15342,106,15331
2023/02/07,202306,15262,15315,15249,15249,9,15272
2023/02/07,202309,,,,,0,14763
2023/02/07,202312,14648,14707,14648,14685,7,14664
2023/02/08,202302,15475,15624,15474,15604,72141,15604
2023/02/08,202303,15443,15592,15443,15575,2699,15575
2023/02/08,202304,15422,15545,15422,15525,161,15538
2023/02/08,202306,15356,15489,15356,15482,37,15482
2023/02/08,202309,14841,14967,14841,14962,17,14962
2023/02/08,202312,14759,14870,14759,14860,13,14860
2023/02/09,202302,15549,15608,15530,15601,56658,15600
2023/02/09,202303,15525,15580,15503,15573,1616,15573
2023/02/09,202304,15468,15539,15468,15537,108,15537
2023/02/09,202306,15446,15480,15446,15470,11,15478
2023/02/09,202309,14920,14949,14920,14949,6,14949
2023/02/09,202312,14821,14852,14809,14852,3,14862
2023/02/10,202302,15596,15598,15520,15575,87442,15577
2023/02/10,202303,15560,15568,15498,15556,7604,15556
2023/02/10,202304,15522,15528,15468,15522,169,15522
2023/02/10,202306,15435,15468,15413,15465,38,15465
2023/02/10,202309,14958,14958,14899,14929,11,14944
2023/02/10,202312,14813,14813,14813,14813,3,14843
2023/02/13,202302,15510,15547,15431,15533,100940,15532
2023/02/13,202303,15489,15530,15418,15525,30984,15520
2023/02/13,202304,15468,15486,15395,15486,249,15486
2023/02/13,202306,15400,15426,15335,15426,35,15426
2023/02/13,202309,14934,14934,14827,14896,16,14913
2023/02/13,202312,14740,14808,14740,14808,22,14808
2023/02/14,202302,15633,15682,15588,15661,76846,15658
2023/02/14,202303,15608,15670,15581,15645,27044,15645
2023/02/14,202304,15585,15631,15546,15605,267,15605
2023/02/14,202306,15513,15563,15495,15553,26,15553
2023/02/14,202309,14993,15035,14983,15020,17,15020
2023/02/14,202312,14888,14928,14865,14928,14,14928
2023/02/15,202302,15502,15550,15382,15398,60917,0
2023/02/15,202303,15495,15533,15360,15361,61273,15366
2023/02/15,202304,15475,15496,15326,15326,799,15327
2023/02/15,202306,15418,15428,15276,15276,28,15276
2023/02/15,202309,14892,14898,14750,14750,37,14750
2023/02/15,202312,14800,14800,14668,14668,29,14668
2023/02/16,202303,15458,15599,15451,15546,81731,15543
2023/02/16,202304,15416,15554,15414,15506,869,15505
2023/02/16,202305,15411,15520,15411,15490,61,15490
2023/02/16,202306,15350,15480,15350,15472,37,15437
2023/02/16,202309,14850,14957,14850,14910,24,14910
2023/02/16,202312,14767,14864,14767,14824,31,14824
2023/02/17,202303,15428,15475,15384,15433,71212,15436
2023/02/17,202304,15387,15439,15350,15398,672,15399
2023/02/17,202305,15375,15405,15335,15381,44,15381
2023/02/17,202306,15330,15366,15298,15298,10,15332
2023/02/17,202309,14828,14846,14777,14817,9,14817
2023/02/17,202312,14741,14741,14675,14718,10,14718
2023/02/20,202303,15386,15555,15367,15522,70776,15524
2023/02/20,202304,15365,15517,15334,15487,610,15488
2023/02/20,202305,15346,15495,15338,15463,68,15463
2023/02/20,202306,15276,15436,15276,15436,17,15419
2023/02/20,202309,14770,14915,14770,14866,35,14885
2023/02/20,202312,14687,14814,14687,14774,10,14795
2023/02/21,202303,15486,15547,15471,15528,57221,15528
2023/02/21,202304,15458,15510,15439,15493,388,15491
2023/02/21,202305,15435,15480,15422,15473,52,15473
2023/02/21,202306,15380,15432,15380,15425,16,15425
2023/02/21,202309,14869,14910,14853,14908,14,14895
2023/02/21,202312,14761,14803,14761,14803,4,14803
2023/02/22,202303,15353,15415,15306,15376,80471,15375
2023/02/22,202304,15330,15380,15277,15340,803,15341
2023/02/22,202305,15305,15334,15270,15325,20,15325
2023/02/22,202306,15272,15288,15212,15276,18,15276
2023/02/22,202309,14740,14745,14686,14722,26,14749
2023/02/22,202312,14599,14605,14599,14599,3,14653
2023/02/23,202303,15435,15656,15433,15597,92289,15600
2023/02/23,202304,15390,15618,15390,15562,1502,15565
2023/02/23,202305,15437,15602,15406,15550,158,15550
2023/02/23,202306,15373,15545,15360,15507,51,15507
2023/02/23,202309,14853,15000,14845,14983,53,14962
2023/02/23,202312,14734,14918,14734,14869,29,14869
2023/02/24,202303,15642,15684,15526,15542,76672,15541
2023/02/24,202304,15604,15645,15493,15506,554,15506
2023/02/24,202305,15580,15628,15479,15495,107,15495
2023/02/24,202306,15515,15515,15450,15450,9,15450
2023/02/24,202309,14989,14991,14896,14896,12,14907
2023/02/24,202312,14947,14947,14813,14813,8,14813
2023/03/01,202303,15381,15555,15333,15544,82601,15546
2023/03/01,202304,15320,15519,15305,15510,1271,15510
2023/03/01,202305,15300,15500,15299,15495,93,15495
2023/03/01,202306,15266,15450,15263,15450,33,15450
2023/03/01,202309,14716,14904,14716,14900,15,14900
2023/03/01,202312,14718,14823,14626,14823,24,14823
2023/03/02,202303,15596,15618,15435,15542,81548,15542
2023/03/02,202304,15547,15583,15404,15506,957,15506
2023/03/02,202305,15540,15567,15395,15490,87,15490
2023/03/02,202306,15520,15520,15386,15472,28,15446
2023/03/02,202309,14899,14932,14825,14932,15,14903
2023/03/02,202312,14800,14851,14777,14845,9,14822
2023/03/03,202303,15612,15670,15568,15619,81464,15615
2023/03/03,202304,15592,15632,15535,15584,989,15581
2023/03/03,202305,15573,15612,15521,15568,127,15568
2023/03/03,202306,15525,15563,15495,15537,21,15520
2023/03/03,202309,15005,15022,14947,15000,23,14976
2023/03/03,202312,14933,14933,14872,14902,8,14902
2023/03/06,202303,15730,15834,15692,15774,88661,15772
2023/03/06,202304,15689,15797,15658,15739,1634,15740
2023/03/06,202305,15667,15775,15645,15713,243,15725
2023/03/06,202306,15609,15734,15606,15661,85,15675
2023/03/06,202309,15019,15172,15019,15136,110,15136
2023/03/06,202312,15052,15102,15052,15075,9,15048
2023/03/07,202303,15786,15894,15750,15874,66075,15873
2023/03/07,202304,15744,15858,15718,15837,1340,15839
2023/03/07,202305,15716,15841,15704,15825,128,15825
2023/03/07,202306,15670,15793,15655,15779,60,15779
2023/03/07,202309,15153,15245,15153,15227,61,15227
2023/03/07,202312,15066,15165,15066,15150,10,15150
2023/03/08,202303,15725,15809,15721,15785,75396,15785
2023/03/08,202304,15700,15775,15689,15751,2012,15753
2023/03/08,202305,15695,15759,15678,15738,173,15738
2023/03/08,202306,15664,15710,15650,15696,41,15696
2023/03/08,202309,15112,15159,15112,15153,15,15153
2023/03/08,202312,15055,15080,15055,15055,7,15063
2023/03/09,202303,15855,15862,15751,15767,63471,15766
2023/03/09,202304,15813,15827,15722,15738,1823,15735
2023/03/09,202305,15809,15810,15710,15725,94,15725
2023/03/09,202306,15751,15751,15671,15671,33,15671
2023/03/09,202309,15138,15159,15138,15159,6,15131
2023/03/09,202312,15120,15120,15046,15046,10,15046
2023/03/10,202303,15618,15624,15452,15484,100898,15481
2023/03/10,202304,15583,15596,15423,15448,6804,15448
2023/03/10,202305,15580,15581,15416,15440,274,15440
2023/03/10,202306,15532,15532,15376,15402,39,15402
2023/03/10,202309,14970,14981,14861,14861,24,14861
2023/03/10,202312,14900,14900,14785,14790,28,14790
2023/03/13,202303,15450,15540,15345,15520,137218,15519
2023/03/13,202304,15398,15494,15315,15472,41006,15474
2023/03/13,202305,15403,15476,15313,15454,323,15454
2023/03/13,202306,15396,15430,15274,15410,99,15410
2023/03/13,202309,14854,14896,14729,14880,28,14880
2023/03/13,202312,14667,14810,14667,14789,11,14789
2023/03/14,202303,15358,15428,15310,15352,103551,15354
2023/03/14,202304,15330,15372,15268,15286,37731,15288
2023/03/14,202305,15315,15355,15257,15274,374,15275
2023/03/14,202306,15260,15314,15215,15262,30,15229
2023/03/14,202309,14724,14798,14697,14739,15,14714
2023/03/14,202312,14646,14707,14621,14660,18,14639
2023/03/15,202303,15472,15532,15404,15404,54171,0
2023/03/15,202304,15402,15475,15316,15328,58835,15330
2023/03/15,202305,15375,15448,15299,15308,709,15310
2023/03/15,202306,15328,15390,15250,15250,59,15259
2023/03/15,202309,14822,14873,14753,14753,15,14753
2023/03/15,202312,14762,14802,14679,14679,21,14679
2023/03/16,202304,15194,15305,15150,15227,115384,15226
2023/03/16,202305,15166,15281,15128,15204,1181,15205
2023/03/16,202306,15125,15224,15087,15152,134,15152
2023/03/16,202309,14658,14711,14626,14631,19,14647
2023/03/16,202312,14472,14635,14472,14560,26,14575
2023/03/16,202403,14536,14585,14451,14496,29,14515
2023/03/17,202304,15310,15418,15298,15403,91820,15405
2023/03/17,202305,15304,15391,15276,15381,1052,15380
2023/03/17,202306,15234,15333,15234,15324,114,15324
2023/03/17,202309,14788,14824,14775,14824,15,14824
2023/03/17,202312,14654,14765,14654,14760,30,14749
2023/03/17,202403,14609,14712,14609,14712,63,14698
2023/03/20,202304,15454,15477,15352,15373,79652,15370
2023/03/20,202305,15422,15448,15330,15349,1075,15348
2023/03/20,202306,15377,15383,15280,15307,39,15293
2023/03/20,202309,14882,14902,14800,14800,5,14812
2023/03/20,202312,14797,14797,14782,14782,3,14741
2023/03/20,202403,14698,14763,14690,14725,26,14689
2023/03/21,202304,15464,15517,15425,15455,73240,15455
2023/03/21,202305,15430,15490,15401,15426,677,15426
2023/03/21,202306,15377,15427,15353,15382,106,15372
2023/03/21,202309,14899,14938,14890,14890,10,14890
2023/03/21,202312,14852,14879,14819,14828,13,14828
2023/03/21,202403,14785,14803,14750,14775,23,14775
2023/03/22,202304,15589,15725,15568,15712,79375,15715
2023/03/22,202305,15565,15696,15545,15685,822,15687
2023/03/22,202306,15505,15631,15493,15630,115,15630
2023/03/22,202309,15019,15144,15012,15135,31,15135
2023/03/22,202312,14939,15080,14939,15080,22,15068
2023/03/22,202403,14898,15030,14875,15030,82,15017
2023/03/23,202304,15695,15866,15683,15837,87831,15836
2023/03/23,202305,15662,15833,15658,15808,1281,15807
2023/03/23,202306,15593,15770,15593,15739,149,15739
2023/03/23,202309,15161,15270,15127,15226,38,15249
2023/03/23,202312,15050,15164,15050,15164,15,15176
2023/03/23,202403,15022,15159,15021,15116,38,15127
2023/03/24,202304,15878,15923,15806,15912,72534,15917
2023/03/24,202305,15847,15892,15778,15886,912,15886
2023/03/24,202306,15773,15820,15718,15816,75,15816
2023/03/24,202309,15230,15289,15228,15289,17,15310
2023/03/24,202312,,,,,0,15243
2023/03/24,202403,15125,15192,15118,15192,11,15192
2023/03/27,202304,15855,15893,15793,15831,72250,15829
2023/03/27,202305,15841,15865,15768,15800,1347,15801
2023/03/27,202306,15785,15785,15700,15736,124,15736
2023/03/27,202309,15282,15282,15227,15280,14,15243
2023/03/27,202312,15151,15218,15151,15218,4,15171
2023/03/27,202403,15162,15170,15102,15119,21,15119
2023/03/28,202304,15814,15829,15655,15690,84158,15689
2023/03/28,202305,15776,15800,15631,15666,1001,15666
2023/03/28,202306,15708,15715,15568,15596,136,15596
2023/03/28,202309,15150,15150,15080,15080,14,15113
2023/03/28,202312,15160,15160,15020,15020,9,15041
2023/03/28,202403,15091,15091,14980,14980,7,14994
2023/03/29,202304,15730,15787,15653,15740,77212,15738
2023/03/29,202305,15695,15759,15629,15711,1039,15712
2023/03/29,202306,15635,15690,15565,15645,72,15645
2023/03/29,202309,15157,15193,15094,15155,29,15155
2023/03/29,202312,15067,15126,15037,15049,10,15080
2023/03/29,202403,15030,15080,15030,15032,9,15032
2023/03/30,202304,15822,15862,15761,15821,78724,15819
2023/03/30,202305,15798,15832,15736,15796,1631,15792
2023/03/30,202306,15732,15765,15670,15726,113,15726
2023/03/30,202309,15225,15257,15196,15230,20,15230
2023/03/30,202312,15150,15169,15121,15158,5,15158
2023/03/30,202403,15114,15145,15090,15123,10,15123
2023/03/31,202304,15879,15965,15860,15864,82044,15864
2023/03/31,202305,15849,15935,15835,15837,875,15837
2023/03/31,202306,15789,15869,15768,15771,174,15771
2023/03/31,202309,15312,15352,15272,15272,30,15272
2023/03/31,202312,15248,15288,15223,15223,14,15200
2023/03/31,202403,15204,15220,15164,15178,28,15153
2023/04/06,202304,15780,15793,15701,15760,71495,15762
2023/04/06,202305,15793,15793,15678,15737,1362,15737
2023/04/06,202306,15700,15700,15615,15670,172,15670
2023/04/06,202309,15174,15200,15120,15174,19,15174
2023/04/06,202312,15107,15132,15055,15132,7,15105
2023/04/06,202403,15061,15087,15048,15087,4,15060
2023/04/07,202304,15850,15870,15796,15818,52583,15818
2023/04/07,202305,15807,15842,15772,15791,748,15793
2023/04/07,202306,15745,15775,15710,15730,136,15730
2023/04/07,202309,15252,15266,15215,15215,8,15228
2023/04/07,202312,15195,15195,15138,15138,6,15160
2023/04/07,202403,,,,,0,15112
2023/04/10,202304,15839,15927,15828,15849,61327,15851
2023/04/10,202305,15805,15898,15802,15823,1322,15823
2023/04/10,202306,15742,15829,15735,15758,199,15758
2023/04/10,202309,15255,15328,15250,15275,19,15252
2023/04/10,202312,15193,15240,15193,15197,8,15184
2023/04/10,202403,15147,15214,15147,15156,16,15136
2023/04/11,202304,15834,15963,15825,15921,81532,15924
2023/04/11,202305,15810,15931,15801,15897,1903,15894
2023/04/11,202306,15739,15854,15739,15822,269,15822
2023/04/11,202309,15281,15346,15281,15300,28,15317
2023/04/11,202312,15225,15280,15225,15280,8,15245
2023/04/11,202403,15179,15230,15179,15200,38,15200
2023/04/12,202304,15957,15960,15866,15926,57123,15925
2023/04/12,202305,15922,15929,15838,15895,1361,15895
2023/04/12,202306,15845,15854,15767,15821,105,15821
2023/04/12,202309,15348,15350,15277,15325,11,15325
2023/04/12,202312,15240,15247,15211,15246,8,15246
2023/04/12,202403,15189,15202,15160,15202,6,15202
2023/04/13,202304,15865,15903,15808,15816,79548,15816
2023/04/13,202305,15830,15873,15782,15791,2619,15790
2023/04/13,202306,15770,15799,15709,15714,177,15714
2023/04/13,202309,15275,15299,15220,15220,12,15220
2023/04/13,202312,15178,15223,15158,15158,4,15158
2023/04/13,202403,15154,15166,15100,15106,12,15106
2023/04/14,202304,15882,15995,15855,15947,88415,15948
2023/04/14,202305,15855,15967,15828,15923,6341,15922
2023/04/14,202306,15774,15889,15759,15848,269,15848
2023/04/14,202309,15280,15395,15275,15366,39,15354
2023/04/14,202312,15252,15326,15200,15301,11,15285
2023/04/14,202403,15160,15273,15160,15256,44,15238
2023/04/17,202304,15920,15974,15877,15970,84803,15970
2023/04/17,202305,15896,15952,15856,15949,30321,15949
2023/04/17,202306,15831,15882,15790,15882,172,15882
2023/04/17,202309,15321,15386,15310,15386,10,15386
2023/04/17,202312,15239,15297,15238,15295,8,15320
2023/04/17,202403,15202,15275,15200,15275,10,15275
2023/04/18,202304,15931,15963,15862,15890,90958,15891
2023/04/18,202305,15911,15937,15846,15871,35258,15872
2023/04/18,202306,15837,15869,15778,15806,276,15806
2023/04/18,202309,15347,15368,15300,15306,27,15319
2023/04/18,202312,15287,15291,15227,15236,25,15248
2023/04/18,202403,15219,15255,15170,15170,10,15197
2023/04/19,202304,15893,15923,15750,15775,53512,0
2023/04/19,202305,15876,15907,15768,15778,56290,15778
2023/04/19,202306,15805,15835,15701,15710,311,15711
2023/04/19,202309,15336,15336,15228,15240,24,15240
2023/04/19,202312,15260,15260,15181,15185,18,15173
2023/04/19,202403,15205,15222,15131,15135,22,15135
2023/04/20,202305,15730,15798,15682,15731,95145,15731
2023/04/20,202306,15665,15729,15620,15665,1020,15665
2023/04/20,202307,15400,15458,15365,15408,93,15408
2023/04/20,202309,15205,15265,15155,15201,17,15201
2023/04/20,202312,15125,15180,15094,15160,8,15134
2023/04/20,202403,15080,15120,15050,15093,29,15093
2023/04/21,202305,15757,15778,15602,15615,101724,15614
2023/04/21,202306,15680,15710,15540,15549,798,15549
2023/04/21,202307,15437,15437,15287,15295,69,15295
2023/04/21,202309,15210,15240,15092,15092,22,15092
2023/04/21,202312,15136,15170,15030,15030,24,15030
2023/04/21,202403,15130,15130,14988,14988,10,14998
2023/04/24,202305,15545,15655,15542,15623,74865,15620
2023/04/24,202306,15490,15590,15481,15553,776,15553
2023/04/24,202307,15226,15311,15224,15301,44,15301
2023/04/24,202309,15038,15140,15038,15120,36,15120
2023/04/24,202312,15000,15066,15000,15066,2,15051
2023/04/24,202403,14997,15024,14997,15024,4,15009
2023/04/25,202305,15641,15662,15369,15388,117880,15389
2023/04/25,202306,15563,15592,15305,15322,996,15322
2023/04/25,202307,15335,15336,15057,15076,102,15076
2023/04/25,202309,15110,15110,14907,14917,90,14917
2023/04/25,202312,15060,15070,14840,14857,37,14857
2023/04/25,202403,15036,15037,14798,14800,39,14800
2023/04/26,202305,15390,15409,15312,15375,96433,15376
2023/04/26,202306,15312,15335,15248,15311,657,15311
2023/04/26,202307,15026,15079,15002,15079,30,15061
2023/04/26,202309,14904,14930,14860,14915,48,14915
2023/04/26,202312,14854,14858,14825,14857,8,14857
2023/04/26,202403,14804,14825,14790,14814,10,14814
2023/04/27,202305,15342,15461,15305,15427,85853,15426
2023/04/27,202306,15275,15395,15247,15362,750,15362
2023/04/27,202307,15044,15130,15000,15066,64,15103
2023/04/27,202309,14873,14981,14860,14920,149,14949
2023/04/27,202312,14833,14917,14820,14861,17,14894
2023/04/27,202403,14796,14867,14796,14838,13,14855
2023/04/28,202305,15515,15596,15498,15573,84556,15572
2023/04/28,202306,15452,15531,15435,15510,675,15508
2023/04/28,202307,15192,15257,15169,15234,62,15234
2023/04/28,202309,15035,15103,15028,15080,25,15080
2023/04/28,202312,14997,15056,14964,14997,9,15020
2023/04/28,202403,14986,14986,14933,14933,19,14975
2023/05/02,202305,15628,15672,15551,15636,78993,15635
2023/05/02,202306,15542,15570,15460,15538,914,15538
2023/05/02,202307,15254,15300,15201,15283,32,15283
2023/05/02,202309,15104,15141,15070,15102,14,15118
2023/05/02,202312,15043,15080,15043,15060,6,15060
2023/05/02,202403,15007,15007,15007,15007,1,15007
2023/05/03,202305,15559,15595,15523,15552,67779,15549
2023/05/03,202306,15477,15492,15425,15452,779,15450
2023/05/03,202307,15187,15230,15168,15190,41,15190
2023/05/03,202309,15028,15066,15009,15052,11,15034
2023/05/03,202312,14983,15013,14955,14983,7,14971
2023/05/03,202403,14967,14971,14913,14924,4,14924
2023/05/04,202305,15496,15619,15490,15609,70601,15607
2023/05/04,202306,15391,15507,15391,15499,826,15498
2023/05/04,202307,15140,15236,15139,15229,27,15229
2023/05/04,202309,14995,15065,14995,15065,17,15065
2023/05/04,202312,14930,15005,14930,15005,7,15005
2023/05/04,202403,14862,14946,14862,14946,4,14946
2023/05/05,202305,15598,15696,15576,15643,79097,15642
2023/05/05,202306,15487,15574,15473,15534,1471,15535
2023/05/05,202307,15247,15306,15210,15258,75,15258
2023/05/05,202309,15070,15148,15059,15111,21,15111
2023/05/05,202312,15058,15090,15001,15043,17,15043
2023/05/05,202403,15027,15027,14962,14975,66,14994
2023/05/08,202305,15758,15776,15704,15723,67383,15723
2023/05/08,202306,15650,15660,15590,15610,1039,15609
2023/05/08,202307,15356,15382,15325,15335,74,15342
2023/05/08,202309,15197,15221,15162,15174,25,15174
2023/05/08,202312,15131,15161,15105,15120,10,15120
2023/05/08,202403,15070,15071,15070,15071,2,15071
2023/05/09,202305,15706,15744,15652,15739,73221,15736
2023/05/09,202306,15601,15630,15545,15624,977,15621
2023/05/09,202307,15328,15361,15288,15354,45,15354
2023/05/09,202309,15190,15191,15113,15185,30,15185
2023/05/09,202312,15079,15129,15067,15125,8,15125
2023/05/09,202403,,,,,0,15077
2023/05/10,202305,15692,15702,15581,15609,79948,15610
2023/05/10,202306,15570,15588,15478,15500,1638,15500
2023/05/10,202307,15300,15307,15220,15240,35,15240
2023/05/10,202309,15121,15121,15046,15073,57,15073
2023/05/10,202312,15050,15065,15000,15007,8,15007
2023/05/10,202403,14956,14956,14956,14956,1,14956
2023/05/11,202305,15660,15683,15517,15518,92649,15519
2023/05/11,202306,15538,15567,15413,15413,2993,15414
2023/05/11,202307,15294,15305,15165,15165,52,15166
2023/05/11,202309,15138,15138,14987,14988,104,14988
2023/05/11,202312,15047,15047,14944,14944,14,14944
2023/05/11,202403,14910,14917,14910,14910,4,14889
2023/05/12,202305,15450,15559,15420,15508,89636,15506
2023/05/12,202306,15346,15456,15317,15407,6032,15407
2023/05/12,202307,15106,15201,15079,15156,37,15156
2023/05/12,202309,14929,15009,14915,14973,98,14973
2023/05/12,202312,14885,14937,14871,14937,9,14937
2023/05/12,202403,14885,14912,14885,14892,9,14892
2023/05/15,202305,15439,15522,15425,15510,98204,15510
2023/05/15,202306,15346,15452,15331,15441,33525,15440
2023/05/15,202307,15101,15192,15086,15173,67,15173
2023/05/15,202309,14918,15003,14916,14990,202,14990
2023/05/15,202312,14859,14923,14859,14921,7,14947
2023/05/15,202403,14872,14889,14829,14889,31,14889
2023/05/16,202305,15604,15723,15593,15690,86477,15690
2023/05/16,202306,15531,15661,15518,15632,35555,15629
2023/05/16,202307,15252,15376,15252,15359,190,15359
2023/05/16,202309,15076,15202,15076,15173,166,15173
2023/05/16,202312,15040,15130,15027,15130,27,15130
2023/05/16,202403,14997,15051,14997,15051,15,15070
2023/05/17,202305,15720,15973,15713,15954,67413,0
2023/05/17,202306,15661,15894,15650,15876,75767,15875
2023/05/17,202307,15388,15615,15388,15602,333,15601
2023/05/17,202309,15220,15430,15220,15419,148,15417
2023/05/17,202312,15187,15375,15184,15350,25,15350
2023/05/17,202403,15120,15320,15120,15301,55,15301
2023/05/18,202306,16026,16085,15960,16070,86157,16069
2023/05/18,202307,15764,15815,15702,15806,880,15801
2023/05/18,202308,15684,15700,15631,15692,37,15692
2023/05/18,202309,15562,15630,15533,15608,66,15625
2023/05/18,202312,15520,15562,15468,15562,13,15562
2023/05/18,202403,15412,15527,15380,15507,42,15507
2023/05/19,202306,16153,16161,16068,16129,72580,16127
2023/05/19,202307,15889,15889,15810,15868,419,15866
2023/05/19,202308,15750,15795,15743,15774,20,15774
2023/05/19,202309,15692,15696,15632,15696,32,15696
2023/05/19,202312,15608,15642,15608,15642,11,15642
2023/05/19,202403,,,,,0,15590
2023/05/22,202306,16133,16158,16091,16116,57628,16115
2023/05/22,202307,15877,15900,15839,15867,444,15867
2023/05/22,202308,15777,15788,15750,15774,51,15774
2023/05/22,202309,15703,15728,15685,15691,17,15691
2023/05/22,202312,15666,15666,15635,15635,7,15645
2023/05/22,202403,15601,15621,15589,15589,21,15589
2023/05/23,202306,16149,16195,16072,16133,82150,16135
2023/05/23,202307,15893,15943,15828,15891,544,15891
2023/05/23,202308,15793,15834,15735,15805,66,15805
2023/05/23,202309,15753,15780,15673,15728,54,15728
2023/05/23,202312,15648,15701,15648,15701,15,15680
2023/05/23,202403,15645,15682,15607,15633,45,15633
2023/05/24,202306,16055,16091,16005,16072,76889,16069
2023/05/24,202307,15821,15856,15775,15831,559,15831
2023/05/24,202308,15743,15770,15700,15757,71,15757
2023/05/24,202309,15672,15709,15627,15690,65,15690
2023/05/24,202312,15627,15646,15627,15646,6,15646
2023/05/24,202403,15588,15605,15541,15605,12,15605
2023/05/25,202306,16132,16232,16125,16207,98367,16205
2023/05/25,202307,15865,15973,15865,15955,771,15954
2023/05/25,202308,15789,15888,15789,15878,109,15878
2023/05/25,202309,15731,15829,15731,15817,64,15817
2023/05/25,202312,15760,15778,15700,15773,11,15773
2023/05/25,202403,15705,15735,15678,15710,23,15710
2023/05/26,202306,16362,16456,16346,16435,89892,16438
2023/05/26,202307,16108,16195,16093,16183,724,16183
2023/05/26,202308,16043,16100,16025,16082,34,16092
2023/05/26,202309,15953,16057,15953,16044,58,16044
2023/05/26,202312,15930,15990,15912,15990,17,15990
2023/05/26,202403,15922,15958,15922,15952,23,15944
2023/05/29,202306,16607,16633,16543,16570,73815,16578
2023/05/29,202307,16384,16384,16296,16325,649,16329
2023/05/29,202308,16275,16280,16220,16248,56,16248
2023/05/29,202309,16235,16245,16177,16195,95,16195
2023/05/29,202312,16178,16178,16116,16145,13,16145
2023/05/29,202403,16129,16141,16085,16108,19,16108
2023/05/30,202306,16550,16607,16515,16576,66386,16573
2023/05/30,202307,16311,16358,16270,16324,339,16324
2023/05/30,202308,16236,16262,16188,16237,19,16237
2023/05/30,202309,16200,16200,16142,16200,11,16189
2023/05/30,202312,16145,16155,16100,16100,5,16140
2023/05/30,202403,16122,16122,16100,16100,6,16100
2023/05/31,202306,16576,16598,16455,16489,97967,16488
2023/05/31,202307,16321,16344,16203,16234,628,16234
2023/05/31,202308,16228,16248,16133,16160,35,16160
2023/05/31,202309,16189,16189,16088,16110,32,16110
2023/05/31,202312,16116,16116,16034,16069,11,16054
2023/05/31,202403,16098,16098,16000,16022,7,16006
2023/06/01,202306,16440,16518,16422,16470,70078,16469
2023/06/01,202307,16180,16250,16160,16211,413,16211
2023/06/01,202308,16095,16168,16089,16133,45,16133
2023/06/01,202309,16050,16110,16050,16078,24,16088
2023/06/01,202312,16010,16039,16003,16038,10,16038
2023/06/01,202403,15950,15991,15950,15991,16,15991
2023/06/02,202306,16577,16738,16566,16710,81950,16711
2023/06/02,202307,16322,16477,16305,16459,871,16459
2023/06/02,202308,16257,16390,16256,16385,77,16385
2023/06/02,202309,16202,16350,16202,16330,34,16330
2023/06/02,202312,16148,16291,16148,16265,15,16279
2023/06/02,202403,16091,16242,16091,16223,23,16223
2023/06/05,202306,16750,16764,16657,16681,67739,16683
2023/06/05,202307,16498,16522,16418,16442,711,16443
2023/06/05,202308,16419,16433,16349,16375,23,16375
2023/06/05,202309,16364,16388,16292,16319,62,16319
2023/06/05,202312,16306,16341,16249,16272,15,16272
2023/06/05,202403,16216,16291,16215,16215,12,16215
2023/06/06,202306,16687,16784,16680,16747,76480,16746
2023/06/06,202307,16447,16537,16441,16502,648,16502
2023/06/06,202308,16370,16442,16370,16431,31,16431
2023/06/06,202309,16336,16402,16319,16376,24,16376
2023/06/06,202312,16310,16356,16310,16329,3,16329
2023/06/06,202403,16250,16268,16240,16268,9,16278
2023/06/07,202306,16785,16906,16766,16889,75944,16890
2023/06/07,202307,16548,16658,16525,16641,864,16641
2023/06/07,202308,16460,16565,16460,16558,119,16558
2023/06/07,202309,16428,16526,16403,16520,57,16520
2023/06/07,202312,16373,16482,16373,16472,28,16472
2023/06/07,202403,16350,16429,16350,16426,18,16426
2023/06/08,202306,16852,16867,16667,16719,86320,16717
2023/06/08,202307,16612,16630,16447,16489,1075,16489
2023/06/08,202308,16535,16542,16400,16400,116,16427
2023/06/08,202309,16486,16487,16337,16390,93,16390
2023/06/08,202312,16383,16383,16310,16324,5,16324
2023/06/08,202403,16382,16409,16230,16272,21,16272
2023/06/09,202306,16802,16888,16785,16888,68556,16886
2023/06/09,202307,16575,16656,16562,16656,793,16655
2023/06/09,202308,16508,16580,16500,16580,131,16579
2023/06/09,202309,16474,16540,16459,16540,38,16540
2023/06/09,202312,16427,16488,16427,16488,13,16488
2023/06/09,202403,16382,16440,16382,16440,22,16440
2023/06/12,202306,16954,16984,16907,16942,62748,16942
2023/06/12,202307,16731,16747,16680,16710,918,16708
2023/06/12,202308,16625,16672,16611,16631,91,16631
2023/06/12,202309,16612,16638,16576,16596,81,16596
2023/06/12,202312,16550,16580,16530,16530,10,16551
2023/06/12,202403,16498,16534,16478,16525,34,16500
2023/06/13,202306,17088,17274,17081,17220,89364,17218
2023/06/13,202307,16844,17035,16843,16982,2138,16980
2023/06/13,202308,16792,16958,16780,16916,102,16916
2023/06/13,202309,16738,16923,16738,16878,87,16878
2023/06/13,202312,16722,16878,16722,16824,18,16824
2023/06/13,202403,16643,16821,16643,16785,53,16785
2023/06/14,202306,17199,17230,17133,17203,70092,17199
2023/06/14,202307,16987,17002,16906,16963,1970,16966
2023/06/14,202308,16894,16942,16864,16930,59,16909
2023/06/14,202309,16882,16898,16823,16887,58,16877
2023/06/14,202312,16789,16860,16777,16845,14,16832
2023/06/14,202403,16755,16818,16730,16800,13,16786
2023/06/15,202306,17250,17348,17230,17337,73605,17336
2023/06/15,202307,17017,17105,16997,17096,2367,17098
2023/06/15,202308,16962,17044,16958,17041,55,17041
2023/06/15,202309,16926,17014,16925,17013,45,17013
2023/06/15,202312,16879,16952,16879,16952,13,16952
2023/06/15,202403,16824,16922,16824,16922,28,16905
2023/06/16,202306,17292,17322,17215,17268,89295,17269
2023/06/16,202307,17068,17121,16992,17070,13580,17067
2023/06/16,202308,16998,17062,16948,17020,89,17020
2023/06/16,202309,16985,17028,16920,16979,48,16987
2023/06/16,202312,16905,16983,16905,16983,4,16938
2023/06/16,202403,16889,16894,16833,16887,11,16887
2023/06/19,202306,17194,17286,17160,17255,89130,17253
2023/06/19,202307,17003,17104,16973,17060,32735,17061
2023/06/19,202308,16950,17050,16933,16997,85,17015
2023/06/19,202309,16910,17018,16910,16969,107,16984
2023/06/19,202312,16907,16969,16902,16924,28,16937
2023/06/19,202403,16856,16925,16852,16875,11,16888
2023/06/20,202306,17210,17238,17106,17189,99173,17189
2023/06/20,202307,17021,17060,16931,17009,38074,17012
2023/06/20,202308,16971,17011,16903,16962,388,16962
2023/06/20,202309,16946,16975,16872,16929,101,16929
2023/06/20,202312,16896,16923,16828,16878,41,16893
2023/06/20,202403,16871,16874,16789,16830,43,16846
2023/06/21,202306,17157,17244,17140,17229,45409,0
2023/06/21,202307,16966,17051,16956,17001,45799,17003
2023/06/21,202308,16928,16992,16909,16940,147,16952
2023/06/21,202309,16895,16961,16888,16913,103,16913
2023/06/21,202312,16880,16922,16853,16874,29,16874
2023/06/21,202403,16808,16870,16797,16823,53,16823
2023/06/26,202307,16851,16915,16822,16880,72170,16880
2023/06/26,202308,16802,16875,16784,16841,529,16840
2023/06/26,202309,16800,16845,16760,16807,183,16807
2023/06/26,202312,16776,16795,16740,16760,14,16760
2023/06/26,202403,16700,16750,16692,16707,27,16707
2023/06/26,202406,16740,16740,16595,16672,29,16652
2023/06/27,202307,16805,16855,16705,16743,94078,16742
2023/06/27,202308,16769,16816,16675,16706,633,16706
2023/06/27,202309,16748,16786,16668,16690,111,16690
2023/06/27,202312,16702,16740,16620,16625,31,16640
2023/06/27,202403,16649,16681,16566,16581,41,16581
2023/06/27,202406,16590,16625,16504,16522,16,16522
2023/06/28,202307,16795,16810,16712,16776,75639,16775
2023/06/28,202308,16769,16770,16680,16738,667,16739
2023/06/28,202309,16743,16743,16665,16714,35,16724
2023/06/28,202312,16689,16689,16638,16660,17,16676
2023/06/28,202403,16630,16636,16570,16612,12,16622
2023/06/28,202406,16570,16570,16520,16525,9,16559
2023/06/29,202307,16851,16965,16733,16756,111710,16762
2023/06/29,202308,16803,16913,16696,16718,1070,16722
2023/06/29,202309,16815,16897,16683,16700,106,16700
2023/06/29,202312,16810,16850,16652,16666,21,16651
2023/06/29,202403,16700,16800,16595,16600,26,16600
2023/06/29,202406,16646,16728,16550,16550,8,16536
2023/06/30,202307,16718,16826,16671,16788,76943,16787
2023/06/30,202308,16674,16779,16635,16739,554,16737
2023/06/30,202309,16638,16756,16638,16727,47,16727
2023/06/30,202312,16580,16698,16580,16697,36,16682
2023/06/30,202403,16535,16665,16535,16665,7,16632
2023/06/30,202406,16572,16572,16572,16572,1,16572
2023/07/03,202307,16901,17038,16897,17035,75504,17035
2023/07/03,202308,16853,16994,16853,16993,798,16989
2023/07/03,202309,16846,16972,16840,16972,71,16972
2023/07/03,202312,16801,16921,16801,16920,38,16920
2023/07/03,202403,16750,16869,16750,16867,22,16867
2023/07/03,202406,16686,16810,16686,16810,50,16810
2023/07/04,202307,17025,17116,16983,17106,67409,17103
2023/07/04,202308,16984,17065,16942,17058,467,17057
2023/07/04,202309,16970,17046,16930,17038,89,17038
2023/07/04,202312,16923,16992,16923,16992,26,16992
2023/07/04,202403,16907,16953,16903,16953,15,16953
2023/07/04,202406,16787,16893,16787,16886,31,16886
2023/07/05,202307,17086,17098,16975,17005,72937,17005
2023/07/05,202308,17045,17045,16930,16955,731,16957
2023/07/05,202309,17013,17020,16915,16948,62,16948
2023/07/05,202312,16992,16999,16903,16903,15,16903
2023/07/05,202403,16951,16962,16843,16843,17,16843
2023/07/05,202406,16860,16867,16838,16838,5,16782
2023/07/06,202307,16869,16898,16673,16686,108783,16689
2023/07/06,202308,16826,16849,16626,16639,1409,16639
2023/07/06,202309,16800,16832,16621,16627,96,16627
2023/07/06,202312,16755,16755,16579,16584,38,16584
2023/07/06,202403,16700,16730,16539,16541,29,16530
2023/07/06,202406,16600,16660,16478,16478,22,16466
2023/07/07,202307,16566,16708,16536,16623,96841,16624
2023/07/07,202308,16514,16651,16487,16567,1107,16567
2023/07/07,202309,16513,16632,16479,16546,104,16546
2023/07/07,202312,16465,16590,16427,16513,29,16504
2023/07/07,202403,16422,16543,16380,16475,28,16456
2023/07/07,202406,16360,16447,16358,16388,12,16388
2023/07/10,202307,16675,16737,16545,16550,99315,16553
2023/07/10,202308,16612,16676,16483,16492,1338,16492
2023/07/10,202309,16609,16652,16473,16473,136,16473
2023/07/10,202312,16586,16608,16425,16425,19,16425
2023/07/10,202403,16495,16533,16395,16483,18,16378
2023/07/10,202406,16427,16427,16330,16330,3,16301
2023/07/11,202307,16750,16877,16737,16870,83593,16866
2023/07/11,202308,16658,16802,16658,16790,2128,16790
2023/07/11,202309,16657,16772,16645,16770,131,16770
2023/07/11,202312,16586,16730,16586,16730,22,16730
2023/07/11,202403,16565,16681,16563,16678,67,16678
2023/07/11,202406,16545,16580,16539,16539,5,16603
2023/07/12,202307,16880,16929,16824,16925,78402,16922
2023/07/12,202308,16821,16850,16757,16849,1594,16847
2023/07/12,202309,16770,16835,16740,16833,114,16833
2023/07/12,202312,16712,16791,16712,16791,16,16791
2023/07/12,202403,16663,16741,16657,16738,26,16738
2023/07/12,202406,16613,16655,16613,16644,5,16663
2023/07/13,202307,17137,17255,17056,17084,107250,17086
2023/07/13,202308,17050,17174,16990,17017,3418,17017
2023/07/13,202309,17031,17152,16977,16991,147,16991
2023/07/13,202312,17002,17101,16949,16954,78,16954
2023/07/13,202403,16927,17054,16890,16911,33,16911
2023/07/13,202406,16860,16975,16825,16831,73,16811
2023/07/14,202307,17219,17305,17143,17292,88668,17291
2023/07/14,202308,17138,17235,17075,17223,8577,17223
2023/07/14,202309,17141,17201,17071,17198,127,17198
2023/07/14,202312,17070,17134,17048,17124,41,17156
2023/07/14,202403,17035,17112,16998,17112,16,17112
2023/07/14,202406,16811,17033,16811,17033,46,17021
2023/07/17,202307,17234,17345,17229,17291,94891,17287
2023/07/17,202308,17178,17292,17165,17234,32491,17231
2023/07/17,202309,17157,17258,17144,17205,150,17205
2023/07/17,202312,17110,17200,17099,17166,123,17166
2023/07/17,202403,17071,17124,17055,17101,12,17115
2023/07/17,202406,16990,17066,16990,17026,53,17026
2023/07/18,202307,17338,17386,17152,17225,119145,17220
2023/07/18,202308,17273,17327,17106,17172,39226,17170
2023/07/18,202309,17240,17290,17090,17157,702,17156
2023/07/18,202312,17198,17250,17067,17101,93,17100
2023/07/18,202403,17145,17181,17003,17070,29,17047
2023/07/18,202406,17048,17107,16909,16996,49,16961
2023/07/19,202307,17287,17325,17092,17102,67858,0
2023/07/19,202308,17213,17269,17047,17085,68885,17081
2023/07/19,202309,17203,17237,17033,17065,362,17063
2023/07/19,202312,17145,17190,16978,17003,77,17003
2023/07/19,202403,17136,17136,16950,16950,6,16950
2023/07/19,202406,17060,17060,16864,16864,11,16878
2023/07/20,202308,17020,17150,17018,17126,88053,17126
2023/07/20,202309,17005,17120,16995,17100,735,17102
2023/07/20,202310,17010,17104,17010,17070,23,17091
2023/07/20,202312,17008,17060,17000,17041,21,17041
2023/07/20,202403,16934,17014,16920,16992,42,16992
2023/07/20,202406,16806,16920,16806,16895,8,16912
2023/07/21,202308,16860,16984,16816,16944,99103,16947
2023/07/21,202309,16830,16957,16800,16922,732,16918
2023/07/21,202310,16827,16935,16808,16901,53,16901
2023/07/21,202312,16796,16870,16760,16870,40,16870
2023/07/21,202403,16712,16823,16710,16810,17,16810
2023/07/21,202406,16646,16750,16625,16716,11,16725
2023/07/24,202308,16947,17024,16866,16981,94583,16979
2023/07/24,202309,16930,16992,16845,16949,708,16949
2023/07/24,202310,16908,16950,16850,16938,26,16938
2023/07/24,202312,16850,16930,16848,16896,51,16896
2023/07/24,202403,16810,16876,16770,16853,20,16853
2023/07/24,202406,16691,16788,16690,16756,18,16756
2023/07/25,202308,17091,17225,17054,17180,92668,17182
2023/07/25,202309,17057,17185,17028,17145,863,17147
2023/07/25,202310,17048,17152,17018,17138,127,17138
2023/07/25,202312,17005,17124,16977,17103,82,17087
2023/07/25,202403,16950,17061,16936,17038,100,17038
2023/07/25,202406,16866,16970,16866,16955,10,16955
2023/07/26,202308,17206,17208,17078,17102,92561,17100
2023/07/26,202309,17181,17181,17053,17068,582,17069
2023/07/26,202310,17168,17168,17044,17072,54,17057
2023/07/26,202312,17087,17088,17000,17015,35,17015
2023/07/26,202403,17040,17040,16957,16957,19,16957
2023/07/26,202406,16920,16930,16900,16925,4,16867
2023/07/27,202308,17183,17263,17168,17221,91001,17223
2023/07/27,202309,17140,17225,17140,17189,1018,17190
2023/07/27,202310,17123,17210,17123,17175,91,17175
2023/07/27,202312,17135,17158,17103,17140,21,17129
2023/07/27,202403,17086,17110,17075,17085,15,17085
2023/07/27,202406,16987,17015,16965,16988,7,16988
2023/07/28,202308,17155,17299,17135,17262,105980,17262
2023/07/28,202309,17128,17263,17108,17227,987,17227
2023/07/28,202310,17122,17245,17101,17212,67,17212
2023/07/28,202312,17070,17200,17055,17168,27,17168
2023/07/28,202403,17024,17145,17016,17145,6,17116
2023/07/28,202406,16907,17030,16907,17000,8,17023
2023/07/31,202308,17400,17425,17058,17100,130814,17103
2023/07/31,202309,17365,17386,17030,17070,1424,17070
2023/07/31,202310,17342,17360,17023,17052,95,17052
2023/07/31,202312,17308,17310,17000,17015,45,17015
2023/07/31,202403,17228,17258,16908,16967,64,16948
2023/07/31,202406,16912,16913,16867,16867,4,16856
2023/08/01,202308,17160,17218,17090,17182,92003,17178
2023/08/01,202309,17117,17177,17055,17140,971,17140
2023/08/01,202310,17129,17153,17044,17118,47,17119
2023/08/01,202312,17076,17106,17000,17079,14,17079
2023/08/01,202403,16998,17050,16936,17010,52,17010
2023/08/01,202406,16862,16908,16862,16908,3,16926
2023/08/02,202308,17093,17162,16806,16814,136576,16820
2023/08/02,202309,17078,17127,16777,16785,1666,16788
2023/08/02,202310,17060,17096,16760,16762,160,16761
2023/08/02,202312,17035,17056,16720,16746,110,16721
2023/08/02,202403,16958,16966,16660,16675,27,16659
2023/08/02,202406,16885,16901,16585,16590,23,16567
2023/08/04,202308,16720,16863,16715,16824,96586,16823
2023/08/04,202309,16684,16830,16684,16793,743,16793
2023/08/04,202310,16706,16799,16688,16781,38,16769
2023/08/04,202312,16657,16750,16651,16719,35,16731
2023/08/04,202403,16615,16688,16615,16688,6,16667
2023/08/04,202406,16528,16606,16528,16579,28,16579
2023/08/07,202308,16859,17027,16836,17002,93476,17000
2023/08/07,202309,16818,16989,16809,16960,1318,16960
2023/08/07,202310,16794,16965,16790,16932,62,16946
2023/08/07,202312,16763,16922,16762,16922,26,16906
2023/08/07,202403,16695,16860,16695,16860,12,16843
2023/08/07,202406,16606,16765,16602,16764,76,16764
2023/08/08,202308,17020,17026,16757,16853,114678,16852
2023/08/08,202309,16999,16999,16733,16825,1570,16823
2023/08/08,202310,16946,16946,16726,16810,74,16810
2023/08/08,202312,16920,16920,16701,16764,35,16764
2023/08/08,202403,16860,16860,16685,16724,9,16712
2023/08/08,202406,16750,16750,16560,16625,23,16625
2023/08/09,202308,16815,16935,16780,16852,99083,16853
2023/08/09,202309,16777,16905,16755,16825,1668,16825
2023/08/09,202310,16780,16886,16774,16802,109,16813
2023/08/09,202312,16739,16846,16710,16777,62,16777
2023/08/09,202403,16660,16780,16660,16720,20,16720
2023/08/09,202406,16595,16701,16585,16611,31,16636
2023/08/10,202308,16788,16797,16584,16660,115276,16656
2023/08/10,202309,16771,16773,16569,16637,3254,16635
2023/08/10,202310,16756,16756,16570,16634,137,16634
2023/08/10,202312,16700,16725,16544,16604,135,16604
2023/08/10,202403,16600,16600,16500,16544,22,16544
2023/08/10,202406,16578,16578,16411,16433,27,16471
2023/08/11,202308,16711,16754,16574,16625,96858,16625
2023/08/11,202309,16667,16725,16558,16603,4421,16604
2023/08/11,202310,16667,16711,16553,16593,83,16593
2023/08/11,202312,16646,16668,16544,16560,40,16560
2023/08/11,202403,16600,16620,16500,16513,13,16513
2023/08/11,202406,16446,16446,16404,16425,3,16445
2023/08/14,202308,16567,16570,16306,16378,142754,16377
2023/08/14,202309,16540,16547,16298,16355,35064,16359
2023/08/14,202310,16553,16553,16299,16355,195,16355
2023/08/14,202312,16495,16495,16278,16336,147,16336
2023/08/14,202403,16455,16455,16231,16287,66,16287
2023/08/14,202406,16360,16360,16195,16223,32,16223
2023/08/15,202308,16471,16540,16422,16422,89792,16423
2023/08/15,202309,16456,16518,16398,16399,31641,16400
2023/08/15,202310,16442,16500,16394,16394,136,16394
2023/08/15,202312,16421,16475,16366,16366,70,16366
2023/08/15,202403,16363,16430,16335,16335,42,16324
2023/08/15,202406,16323,16387,16320,16324,37,16275
2023/08/16,202308,16300,16413,16290,16364,58199,0
2023/08/16,202309,16322,16399,16275,16372,56198,16373
2023/08/16,202310,16320,16390,16279,16366,218,16366
2023/08/16,202312,16288,16367,16251,16345,78,16345
2023/08/16,202403,16232,16322,16227,16322,28,16306
2023/08/16,202406,16140,16259,16140,16259,6,16259
2023/08/17,202309,16261,16493,16205,16454,124759,16456
2023/08/17,202310,16267,16480,16205,16445,1385,16445
2023/08/17,202311,16261,16467,16207,16452,51,16452
2023/08/17,202312,16300,16455,16202,16451,91,16426
2023/08/17,202403,16199,16418,16165,16417,48,16391
2023/08/17,202406,16157,16380,16157,16347,14,16347
2023/08/18,202309,16422,16541,16320,16352,118197,16353
2023/08/18,202310,16412,16521,16316,16344,1585,16344
2023/08/18,202311,16401,16517,16337,16351,87,16351
2023/08/18,202312,16359,16492,16306,16330,75,16330
2023/08/18,202403,16438,16438,16285,16285,3,16285
2023/08/18,202406,16337,16417,16234,16236,8,16236
2023/08/21,202309,16424,16474,16325,16351,91744,16348
2023/08/21,202310,16400,16456,16319,16340,684,16336
2023/08/21,202311,16411,16446,16320,16338,31,16338
2023/08/21,202312,16379,16415,16306,16320,59,16320
2023/08/21,202403,16350,16350,16293,16300,5,16300
2023/08/21,202406,,,,,0,16252
2023/08/22,202309,16495,16507,16380,16401,86244,16400
2023/08/22,202310,16480,16492,16375,16390,589,16390
2023/08/22,202311,16487,16487,16376,16394,54,16394
2023/08/22,202312,16456,16468,16362,16376,28,16376
2023/08/22,202403,16418,16418,16334,16345,6,16345
2023/08/22,202406,16300,16300,16295,16295,2,16295
2023/08/23,202309,16419,16561,16405,16559,97878,16558
2023/08/23,202310,16400,16545,16396,16543,1084,16543
2023/08/23,202311,16425,16538,16425,16538,47,16538
2023/08/23,202312,16390,16508,16386,16506,49,16517
2023/08/23,202403,16376,16460,16376,16460,4,16475
2023/08/23,202406,16370,16438,16360,16438,9,16438
2023/08/24,202309,16788,16798,16670,16759,108492,16756
2023/08/24,202310,16776,16780,16653,16744,1296,16743
2023/08/24,202311,16727,16768,16653,16733,68,16733
2023/08/24,202312,16705,16736,16630,16690,61,16711
2023/08/24,202403,16671,16671,16607,16670,14,16670
2023/08/24,202406,16601,16642,16550,16625,16,16625
2023/08/25,202309,16549,16586,16415,16421,99877,16426
2023/08/25,202310,16535,16575,16413,16420,925,16424
2023/08/25,202311,16559,16567,16422,16423,81,16423
2023/08/25,202312,16514,16544,16397,16400,29,16400
2023/08/25,202403,16498,16505,16400,16400,5,16364
2023/08/25,202406,16420,16420,16312,16316,19,16316
2023/08/28,202309,16468,16548,16461,16490,83055,16492
2023/08/28,202310,16443,16539,16443,16486,559,16486
2023/08/28,202311,16480,16527,16475,16480,40,16480
2023/08/28,202312,16466,16510,16450,16480,28,16462
2023/08/28,202403,16462,16462,16403,16435,13,16435
2023/08/28,202406,16385,16420,16373,16377,15,16377
2023/08/29,202309,16578,16632,16453,16624,84833,16624
2023/08/29,202310,16568,16620,16450,16615,976,16614
2023/08/29,202311,16557,16616,16450,16614,56,16614
2023/08/29,202312,16531,16589,16431,16584,28,16584
2023/08/29,202403,16468,16550,16435,16545,6,16545
2023/08/29,202406,16480,16480,16480,16480,1,16498
2023/08/30,202309,16738,16778,16695,16724,69975,16723
2023/08/30,202310,16731,16764,16684,16712,551,16712
2023/08/30,202311,16709,16750,16687,16710,26,16710
2023/08/30,202312,16699,16730,16651,16678,39,16678
2023/08/30,202403,16680,16680,16645,16647,9,16647
2023/08/30,202406,16623,16630,16602,16602,3,16602
2023/08/31,202309,16730,16731,16602,16628,89842,16620
2023/08/31,202310,16712,16721,16598,16612,685,16612
2023/08/31,202311,16680,16680,16595,16610,83,16610
2023/08/31,202312,16660,16660,16585,16586,56,16586
2023/08/31,202403,16600,16600,16550,16572,4,16553
2023/08/31,202406,16550,16550,16490,16490,5,16490
2023/09/01,202309,16608,16727,16600,16651,78439,16651
2023/09/01,202310,16582,16711,16582,16644,730,16644
2023/09/01,202311,16598,16705,16598,16631,54,16640
2023/09/01,202312,16596,16680,16596,16608,31,16617
2023/09/01,202403,16605,16621,16605,16615,3,16584
2023/09/01,202406,16542,16542,16540,16540,3,16525
2023/09/04,202309,16646,16782,16607,16782,84928,16778
2023/09/04,202310,16626,16769,16601,16769,1054,16767
2023/09/04,202311,16622,16758,16600,16758,91,16766
2023/09/04,202312,16623,16739,16585,16739,45,16738
2023/09/04,202403,16580,16695,16580,16695,9,16710
2023/09/04,202406,16562,16642,16562,16642,11,16642
2023/09/05,202309,16736,16765,16707,16754,57012,16752
2023/09/05,202310,16736,16755,16700,16744,582,16744
2023/09/05,202311,16710,16750,16700,16741,103,16741
2023/09/05,202312,16695,16722,16678,16722,11,16722
2023/09/05,202403,16648,16670,16648,16660,4,16685
2023/09/05,202406,16620,16632,16600,16632,6,16632
2023/09/06,202309,16758,16801,16702,16711,70796,16713
2023/09/06,202310,16739,16789,16698,16712,1120,16712
2023/09/06,202311,16755,16786,16700,16700,71,16700
2023/09/06,202312,16740,16762,16675,16682,34,16682
2023/09/06,202403,16697,16732,16650,16654,21,16654
2023/09/06,202406,16661,16666,16596,16596,22,16596
2023/09/07,202309,16604,16660,16560,16564,78366,16563
2023/09/07,202310,16600,16652,16557,16559,1078,16558
2023/09/07,202311,16599,16641,16559,16560,83,16559
2023/09/07,202312,16590,16613,16545,16545,31,16545
2023/09/07,202403,16540,16577,16516,16516,18,16516
2023/09/07,202406,16510,16530,16500,16500,11,16456
2023/09/08,202309,16490,16579,16467,16563,74559,16562
2023/09/08,202310,16493,16574,16467,16560,946,16560
2023/09/08,202311,16484,16570,16470,16550,124,16550
2023/09/08,202312,16464,16543,16452,16524,24,16541
2023/09/08,202403,16470,16502,16425,16495,17,16510
2023/09/08,202406,16400,16468,16380,16468,11,16468
2023/09/11,202309,16560,16577,16366,16427,104377,16425
2023/09/11,202310,16561,16572,16367,16424,1843,16422
2023/09/11,202311,16530,16530,16370,16420,86,16420
2023/09/11,202312,16530,16530,16364,16395,130,16413
2023/09/11,202403,16510,16520,16340,16372,38,16389
2023/09/11,202406,16462,16462,16288,16325,41,16325
2023/09/12,202309,16459,16591,16413,16573,94566,16570
2023/09/12,202310,16464,16581,16410,16564,1856,16564
2023/09/12,202311,16479,16577,16420,16540,95,16567
2023/09/12,202312,16420,16550,16420,16550,48,16550
2023/09/12,202403,16430,16508,16385,16505,26,16524
2023/09/12,202406,16397,16473,16397,16473,7,16473
2023/09/13,202309,16570,16645,16523,16577,79200,16579
2023/09/13,202310,16560,16635,16521,16577,1713,16574
2023/09/13,202311,16580,16630,16525,16590,147,16574
2023/09/13,202312,16598,16620,16507,16563,22,16563
2023/09/13,202403,16522,16556,16503,16528,13,16528
2023/09/13,202406,16518,16533,16518,16528,12,16481
2023/09/14,202309,16676,16842,16675,16838,83243,16836
2023/09/14,202310,16670,16836,16670,16833,3249,16830
2023/09/14,202311,16680,16832,16680,16828,231,16828
2023/09/14,202312,16667,16810,16662,16808,119,16808
2023/09/14,202403,16670,16774,16670,16774,14,16774
2023/09/14,202406,16590,16727,16590,16727,38,16727
2023/09/15,202309,16848,16918,16808,16906,76226,16904
2023/09/15,202310,16840,16918,16808,16905,4972,16906
2023/09/15,202311,16840,16917,16820,16908,99,16906
2023/09/15,202312,16821,16895,16791,16883,102,16883
2023/09/15,202403,16812,16862,16812,16862,18,16862
2023/09/15,202406,16737,16801,16737,16801,12,16801
2023/09/18,202309,16757,16796,16700,16709,99184,16712
2023/09/18,202310,16770,16802,16714,16721,36806,16726
2023/09/18,202311,16765,16801,16720,16731,222,16731
2023/09/18,202312,16739,16780,16700,16713,100,16713
2023/09/18,202403,16738,16741,16679,16679,12,16679
2023/09/18,202406,16672,16706,16630,16633,12,16633
2023/09/19,202309,16700,16741,16603,16609,87209,16606
2023/09/19,202310,16692,16756,16617,16625,31798,16621
2023/09/19,202311,16697,16754,16622,16622,100,16625
2023/09/19,202312,16692,16728,16613,16613,164,16613
2023/09/19,202403,16694,16694,16615,16615,14,16595
2023/09/19,202406,16670,16670,16566,16566,5,16566
2023/09/20,202309,16611,16648,16531,16537,47771,0
2023/09/20,202310,16620,16658,16544,16564,51361,16565
2023/09/20,202311,16612,16657,16548,16567,224,16567
2023/09/20,202312,16607,16638,16545,16565,97,16565
2023/09/20,202403,16585,16603,16525,16550,25,16550
2023/09/20,202406,16558,16573,16506,16506,12,16506
2023/09/21,202310,16479,16483,16280,16309,104132,16311
2023/09/21,202311,16488,16488,16289,16311,1286,16315
2023/09/21,202312,16465,16465,16287,16316,187,16316
2023/09/21,202403,16500,16500,16275,16292,52,16300
2023/09/21,202406,16411,16411,16260,16265,107,16283
2023/09/21,202409,16100,16200,15980,16009,81,16009
2023/09/22,202310,16200,16355,16188,16345,77457,16344
2023/09/22,202311,16186,16351,16186,16342,700,16342
2023/09/22,202312,16190,16345,16190,16339,79,16339
2023/09/22,202403,16224,16323,16224,16323,12,16323
2023/09/22,202406,16211,16304,16211,16304,22,16304
2023/09/22,202409,15903,16026,15890,16002,20,16017
2023/09/25,202310,16352,16491,16340,16464,69416,16465
2023/09/25,202311,16352,16487,16339,16461,726,16461
2023/09/25,202312,16336,16470,16336,16456,90,16456
2023/09/25,202403,16349,16463,16349,16463,29,16440
2023/09/25,202406,16316,16430,16306,16419,30,16419
2023/09/25,202409,16078,16148,16078,16148,13,16133
2023/09/26,202310,16400,16408,16273,16308,88022,16305
2023/09/26,202311,16416,16416,16277,16312,914,16308
2023/09/26,202312,16393,16397,16280,16285,155,16308
2023/09/26,202403,16414,16414,16270,16275,17,16295
2023/09/26,202406,16348,16364,16243,16243,10,16273
2023/09/26,202409,16050,16065,16000,16000,6,16000
2023/09/27,202310,16246,16334,16230,16311,76137,16311
2023/09/27,202311,16248,16333,16236,16314,750,16314
2023/09/27,202312,16233,16328,16232,16310,90,16310
2023/09/27,202403,16256,16300,16230,16280,18,16294
2023/09/27,202406,16196,16257,16196,16248,12,16268
2023/09/27,202409,15940,15989,15940,15980,6,15995
2023/09/28,202310,16342,16435,16295,16368,90613,16367
2023/09/28,202311,16340,16435,16300,16372,933,16372
2023/09/28,202312,16360,16420,16300,16365,185,16365
2023/09/28,202403,16378,16399,16288,16365,17,16355
2023/09/28,202406,16350,16385,16265,16265,12,16335
2023/09/28,202409,16063,16110,16000,16050,20,16050
2023/10/02,202310,16531,16610,16504,16557,76695,16556
2023/10/02,202311,16516,16612,16508,16558,1104,16558
2023/10/02,202312,16516,16600,16516,16548,87,16548
2023/10/02,202403,16492,16585,16490,16538,26,16538
2023/10/02,202406,16505,16565,16505,16542,7,16516
2023/10/02,202409,16209,16289,16193,16258,41,16245
2023/10/03,202310,16497,16553,16408,16412,84437,16411
2023/10/03,202311,16516,16556,16413,16413,1034,16416
2023/10/03,202312,16484,16550,16416,16416,71,16416
2023/10/03,202403,16491,16539,16418,16418,10,16403
2023/10/03,202406,16494,16494,16378,16378,7,16378
2023/10/03,202409,16170,16170,16115,16115,2,16115
2023/10/04,202310,16285,16286,16164,16245,105815,16245
2023/10/04,202311,16291,16294,16178,16252,1167,16256
2023/10/04,202312,16290,16296,16179,16257,177,16257
2023/10/04,202403,16266,16277,16180,16264,43,16246
2023/10/04,202406,16203,16203,16181,16181,4,16230
2023/10/04,202409,15968,16000,15907,16000,8,15965
2023/10/05,202310,16300,16486,16288,16456,88286,16457
2023/10/05,202311,16313,16491,16299,16466,1352,16466
2023/10/05,202312,16306,16488,16306,16461,244,16461
2023/10/05,202403,16365,16481,16365,16460,25,16451
2023/10/05,202406,16402,16456,16402,16456,16,16432
2023/10/05,202409,16053,16192,16053,16192,14,16168
2023/10/06,202310,16476,16552,16473,16531,67779,16528
2023/10/06,202311,16490,16559,16484,16535,871,16536
2023/10/06,202312,16497,16551,16490,16534,90,16534
2023/10/06,202403,16512,16542,16500,16530,14,16530
2023/10/06,202406,16500,16520,16477,16508,8,16508
2023/10/06,202409,16223,16264,16204,16248,20,16248
2023/10/11,202310,16829,16829,16662,16717,83064,16714
2023/10/11,202311,16825,16833,16673,16725,2077,16723
2023/10/11,202312,16800,16822,16688,16718,165,16718
2023/10/11,202403,16730,16800,16660,16712,52,16712
2023/10/11,202406,16796,16796,16665,16665,32,16692
2023/10/11,202409,16499,16503,16390,16413,24,16423
2023/10/12,202310,16768,16857,16725,16848,76196,16848
2023/10/12,202311,16775,16867,16740,16861,2869,16860
2023/10/12,202312,16780,16860,16737,16849,159,16849
2023/10/12,202403,16748,16846,16748,16840,41,16840
2023/10/12,202406,16759,16815,16715,16815,8,16824
2023/10/12,202409,16491,16559,16450,16554,47,16554
2023/10/13,202310,16750,16807,16730,16770,67885,16771
2023/10/13,202311,16769,16822,16752,16790,5119,16791
2023/10/13,202312,16763,16813,16750,16792,125,16792
2023/10/13,202403,16755,16799,16740,16770,21,16770
2023/10/13,202406,16745,16763,16745,16753,11,16753
2023/10/13,202409,16480,16510,16470,16487,9,16487
2023/10/16,202310,16661,16683,16603,16648,101143,16649
2023/10/16,202311,16674,16705,16626,16661,30825,16663
2023/10/16,202312,16688,16700,16638,16670,114,16670
2023/10/16,202403,16688,16688,16636,16668,9,16668
2023/10/16,202406,16655,16670,16620,16620,19,16648
2023/10/16,202409,16388,16403,16353,16399,11,16388
2023/10/17,202310,16764,16782,16634,16650,82744,16650
2023/10/17,202311,16767,16786,16658,16672,31629,16674
2023/10/17,202312,16758,16783,16660,16674,207,16674
2023/10/17,202403,16766,16766,16657,16657,38,16668
2023/10/17,202406,16718,16738,16646,16646,7,16646
2023/10/17,202409,16445,16470,16381,16401,28,16401
2023/10/18,202310,16616,16633,16411,16426,62045,0
2023/10/18,202311,16642,16649,16454,16468,61156,16468
2023/10/18,202312,16633,16651,16468,16480,557,16480
2023/10/18,202403,16650,16650,16475,16482,65,16482
2023/10/18,202406,16588,16588,16463,16463,13,16464
2023/10/18,202409,16298,16298,16248,16248,6,16248
2023/10/19,202311,16365,16487,16357,16458,83646,16461
2023/10/19,202312,16354,16495,16354,16473,814,16470
2023/10/19,202401,16400,16487,16400,16479,23,16479
2023/10/19,202403,16420,16488,16420,16470,23,16470
2023/10/19,202406,16460,16476,16421,16476,3,16465
2023/10/19,202409,16200,16262,16198,16252,20,16252
2023/10/20,202311,16440,16465,16255,16413,115247,16414
2023/10/20,202312,16444,16472,16266,16420,1267,16421
2023/10/20,202401,16450,16480,16290,16440,57,16440
2023/10/20,202403,16425,16452,16295,16452,53,16440
2023/10/20,202406,16358,16447,16288,16432,37,16432
2023/10/20,202409,16170,16256,16090,16256,13,16223
2023/10/23,202311,16350,16366,16250,16254,79206,16256
2023/10/23,202312,16357,16370,16260,16260,982,16262
2023/10/23,202401,16363,16380,16284,16284,35,16284
2023/10/23,202403,16370,16379,16285,16302,26,16278
2023/10/23,202406,16376,16376,16276,16282,23,16282
2023/10/23,202409,16178,16178,16080,16080,17,16080
2023/10/24,202311,16274,16343,16148,16335,117248,16333
2023/10/24,202312,16276,16345,16155,16336,1021,16336
2023/10/24,202401,16251,16349,16174,16346,53,16346
2023/10/24,202403,16261,16355,16188,16355,36,16355
2023/10/24,202406,16250,16345,16175,16345,12,16345
2023/10/24,202409,16000,16126,15977,16125,15,16148
2023/10/25,202311,16370,16480,16350,16358,85062,16358
2023/10/25,202312,16381,16479,16355,16360,820,16360
2023/10/25,202401,16390,16480,16364,16364,67,16364
2023/10/25,202403,16383,16470,16381,16381,33,16381
2023/10/25,202406,16468,16468,16358,16358,4,16358
2023/10/25,202409,16148,,,16148,2,16168
2023/10/26,202311,16144,16176,16039,16069,110234,16066
2023/10/26,202312,16160,16181,16043,16070,1717,16070
2023/10/26,202401,16104,16172,16065,16086,123,16086
2023/10/26,202403,16180,16180,16070,16089,53,16089
2023/10/26,202406,16137,16140,16067,16067,87,16085
2023/10/26,202409,15958,15958,15875,15875,56,15891
2023/10/27,202311,16137,16217,16120,16151,84813,16152
2023/10/27,202312,16129,16212,16122,16154,1022,16153
2023/10/27,202401,16174,16217,16136,16163,65,16163
2023/10/27,202403,16173,16225,16149,16167,34,16167
2023/10/27,202406,16173,16208,16140,16170,8,16170
2023/10/27,202409,15979,16014,15950,15967,13,15967
2023/10/30,202311,16118,16238,16111,16157,88685,16160
2023/10/30,202312,16110,16230,16110,16167,852,16167
2023/10/30,202401,16130,16235,16130,16182,94,16173
2023/10/30,202403,16153,16238,16153,16167,25,16179
2023/10/30,202406,16202,16202,16160,16160,3,16174
2023/10/30,202409,16016,16030,15980,15980,8,15980
2023/10/31,202311,16180,16197,15973,15994,109000,15997
2023/10/31,202312,16195,16202,15985,16005,964,16005
2023/10/31,202401,16189,16212,16001,16013,94,16013
2023/10/31,202403,16189,16205,16013,16020,37,16020
2023/10/31,202406,16070,16081,16016,16016,14,16016
2023/10/31,202409,15951,15951,15820,15820,12,15831
2023/11/01,202311,16099,16120,15978,16048,86885,16050
2023/11/01,202312,16090,16124,15987,16055,729,16058
2023/11/01,202401,16125,16125,16002,16082,61,16067
2023/11/01,202403,16130,16130,16020,16070,31,16070
2023/11/01,202406,16130,16130,16020,16061,25,16061
2023/11/01,202409,15937,15937,15810,15880,18,15880
2023/11/02,202311,16256,16399,16250,16390,80878,16389
2023/11/02,202312,16239,16397,16239,16391,1591,16392
2023/11/02,202401,16248,16406,16248,16406,108,16406
2023/11/02,202403,16240,16413,16240,16407,128,16407
2023/11/02,202406,16265,16400,16265,16400,10,16400
2023/11/02,202409,16088,16212,16088,16210,70,16210
2023/11/03,202311,16488,16537,16441,16512,73936,16514
2023/11/03,202312,16504,16534,16446,16514,1479,16513
2023/11/03,202401,16492,16538,16458,16523,137,16523
2023/11/03,202403,16475,16552,16475,16532,61,16532
2023/11/03,202406,16470,16527,16470,16520,13,16520
2023/11/03,202409,16292,16338,16277,16298,31,16326
2023/11/06,202311,16680,16750,16626,16670,83172,16673
2023/11/06,202312,16676,16739,16621,16664,2168,16667
2023/11/06,202401,16670,16740,16633,16661,105,16661
2023/11/06,202403,16673,16738,16640,16671,103,16671
2023/11/06,202406,16660,16733,16635,16662,24,16662
2023/11/06,202409,16454,16536,16449,16494,43,16467
2023/11/07,202311,16632,16712,16613,16709,65290,16708
2023/11/07,202312,16645,16705,16612,16703,1614,16703
2023/11/07,202401,16634,16709,16626,16705,53,16705
2023/11/07,202403,16639,16715,16633,16715,27,16715
2023/11/07,202406,16672,16706,16669,16706,11,16706
2023/11/07,202409,16384,16500,16384,16500,44,16500
2023/11/08,202311,16725,16797,16687,16749,76332,16752
2023/11/08,202312,16729,16792,16684,16750,2272,16749
2023/11/08,202401,16725,16786,16687,16730,41,16748
2023/11/08,202403,16730,16783,16695,16768,35,16747
2023/11/08,202406,16706,16767,16700,16739,14,16739
2023/11/08,202409,16523,16577,16520,16543,16,16543
2023/11/09,202311,16711,16788,16692,16763,69823,16763
2023/11/09,202312,16723,16783,16690,16758,1933,16758
2023/11/09,202401,16730,16780,16699,16764,47,16764
2023/11/09,202403,16738,16775,16700,16765,56,16765
2023/11/09,202406,16685,16765,16685,16765,10,16749
2023/11/09,202409,16504,16568,16500,16550,10,16550
2023/11/10,202311,16664,16738,16627,16736,83384,16732
2023/11/10,202312,16656,16745,16628,16745,10691,16740
2023/11/10,202401,16666,16742,16631,16742,83,16742
2023/11/10,202403,16650,16740,16633,16740,25,16737
2023/11/10,202406,16625,16690,16625,16688,7,16733
2023/11/10,202409,16458,16512,16430,16512,17,16535
2023/11/13,202311,16969,16985,16836,16876,100083,16874
2023/11/13,202312,16980,16990,16854,16887,30155,16883
2023/11/13,202401,16984,16984,16857,16881,139,16881
2023/11/13,202403,16954,16977,16855,16883,86,16883
2023/11/13,202406,16953,16953,16849,16864,16,16864
2023/11/13,202409,16650,16688,16650,16675,11,16675
2023/11/14,202311,16956,16976,16912,16949,73343,16948
2023/11/14,202312,16948,16989,16925,16968,30763,16968
2023/11/14,202401,16966,16983,16929,16968,155,16968
2023/11/14,202403,16956,16980,16935,16971,50,16971
2023/11/14,202406,16925,16960,16924,16945,15,16945
2023/11/14,202409,16750,16770,16715,16741,10,16756
2023/11/15,202311,17170,17192,17055,17123,52992,0
2023/11/15,202312,17190,17214,17094,17162,56608,17159
2023/11/15,202401,17188,17210,17100,17165,259,17162
2023/11/15,202403,17170,17202,17108,17162,58,17161
2023/11/15,202406,17163,17168,17100,17152,23,17152
2023/11/15,202409,16980,16980,16920,16950,18,16960
2023/11/16,202312,17196,17218,17109,17186,72693,17186
2023/11/16,202401,17184,17222,17119,17195,842,17195
2023/11/16,202402,17205,17221,17148,17196,28,17196
2023/11/16,202403,17210,17210,17126,17182,23,17195
2023/11/16,202406,17168,17168,17168,17168,4,17187
2023/11/16,202409,17006,17018,16930,16991,30,16991
2023/11/17,202312,17152,17252,17151,17222,72936,17219
2023/11/17,202401,17172,17256,17172,17219,595,17219
2023/11/17,202402,17182,17250,17182,17218,56,17218
2023/11/17,202403,17172,17251,17172,17216,46,17216
2023/11/17,202406,17222,17240,17210,17210,14,17210
2023/11/17,202409,16988,17045,16986,17015,58,17015
2023/11/20,202312,17227,17288,17154,17200,72251,17201
2023/11/20,202401,17220,17290,17165,17210,500,17208
2023/11/20,202402,17218,17278,17170,17214,37,17214
2023/11/20,202403,17245,17286,17166,17191,45,17205
2023/11/20,202406,17250,17266,17181,17190,15,17190
2023/11/20,202409,17083,17083,17000,17011,23,17011
2023/11/21,202312,17281,17425,17280,17415,70242,17411
2023/11/21,202401,17282,17427,17282,17420,793,17419
2023/11/21,202402,17310,17424,17310,17413,47,17413
2023/11/21,202403,17300,17423,17300,17409,72,17409
2023/11/21,202406,17310,17402,17310,17395,19,17395
2023/11/21,202409,17105,17215,17105,17204,195,17204
2023/11/22,202312,17298,17334,17256,17284,65563,17289
2023/11/22,202401,17318,17340,17265,17290,599,17290
2023/11/22,202402,17300,17327,17269,17296,98,17296
2023/11/22,202403,17317,17331,17266,17290,77,17290
2023/11/22,202406,17295,17295,17257,17290,19,17277
2023/11/22,202409,17128,17139,17067,17097,21,17086
2023/11/23,202312,17275,17323,17214,17307,73777,17304
2023/11/23,202401,17283,17322,17218,17307,650,17307
2023/11/23,202402,17284,17320,17225,17308,62,17308
2023/11/23,202403,17298,17326,17222,17315,28,17315
2023/11/23,202406,,,,,0,17296
2023/11/23,202409,17060,17101,17030,17101,4,17101
2023/11/24,202312,17330,17350,17265,17293,51647,17293
2023/11/24,202401,17332,17348,17268,17293,489,17293
2023/11/24,202402,17345,17345,17273,17295,33,17295
2023/11/24,202403,17328,17330,17278,17292,55,17292
2023/11/24,202406,,,,,0,17281
2023/11/24,202409,17081,17097,17081,17086,5,17086
2023/11/27,202312,17257,17361,17145,17173,90354,17172
2023/11/27,202401,17250,17360,17152,17180,1050,17175
2023/11/27,202402,17250,17350,17160,17173,62,17181
2023/11/27,202403,17283,17350,17158,17160,117,17180
2023/11/27,202406,17260,17293,17146,17146,17,17167
2023/11/27,202409,17076,17135,16948,16948,14,16970
2023/11/28,202312,17215,17402,17195,17364,87471,17360
2023/11/28,202401,17220,17401,17200,17360,973,17360
2023/11/28,202402,17232,17400,17206,17361,149,17361
2023/11/28,202403,17236,17399,17205,17355,113,17367
2023/11/28,202406,17230,17370,17230,17370,8,17353
2023/11/28,202409,17138,17172,17132,17133,11,17154
2023/11/29,202312,17339,17450,17314,17334,79086,17339
2023/11/29,202401,17336,17450,17320,17338,979,17341
2023/11/29,202402,17352,17450,17326,17326,81,17343
2023/11/29,202403,17363,17444,17330,17330,133,17343
2023/11/29,202406,17426,17426,17310,17310,4,17331
2023/11/29,202409,17185,17211,17130,17130,15,17130
2023/11/30,202312,17400,17416,17291,17393,82954,17393
2023/11/30,202401,17391,17414,17296,17395,704,17395
2023/11/30,202402,17420,17420,17300,17403,79,17403
2023/11/30,202403,17406,17412,17296,17405,52,17395
2023/11/30,202406,17366,17384,17300,17384,9,17384
2023/11/30,202409,17199,17200,17100,17174,36,17175
2023/12/01,202312,17333,17434,17254,17421,79764,17424
2023/12/01,202401,17333,17428,17256,17419,852,17419
2023/12/01,202402,17353,17427,17287,17420,79,17420
2023/12/01,202403,17332,17428,17268,17418,102,17418
2023/12/01,202406,17382,17411,17270,17411,15,17411
2023/12/01,202409,17084,17220,17081,17218,20,17218
2023/12/04,202312,17465,17491,17376,17419,69262,17418
2023/12/04,202401,17466,17485,17376,17418,733,17418
2023/12/04,202402,17476,17481,17384,17422,51,17422
2023/12/04,202403,17470,17475,17384,17417,54,17417
2023/12/04,202406,17460,17460,17390,17429,9,17408
2023/12/04,202409,17256,17266,17180,17210,26,17210
2023/12/05,202312,17285,17330,17231,17309,76784,17309
2023/12/05,202401,17288,17327,17235,17310,1153,17309
2023/12/05,202402,17281,17330,17240,17315,88,17315
2023/12/05,202403,17298,17312,17245,17308,43,17308
2023/12/05,202406,17307,17307,17245,17295,20,17295
2023/12/05,202409,17089,17105,17040,17094,16,17094
2023/12/06,202312,17367,17453,17346,17381,79377,17377
2023/12/06,202401,17353,17451,17348,17380,1149,17380
2023/12/06,202402,17350,17447,17350,17383,93,17383
2023/12/06,202403,17389,17448,17357,17371,58,17380
2023/12/06,202406,17365,17421,17365,17380,8,17368
2023/12/06,202409,17153,17217,17153,17164,17,17164
2023/12/07,202312,17321,17371,17261,17270,77297,17271
2023/12/07,202401,17328,17372,17266,17272,1034,17272
2023/12/07,202402,17333,17372,17270,17272,102,17272
2023/12/07,202403,17311,17368,17275,17277,33,17277
2023/12/07,202406,17340,17340,17340,17340,2,17262
2023/12/07,202409,17137,17137,17059,17059,24,17059
2023/12/08,202312,17409,17470,17363,17377,88169,17375
2023/12/08,202401,17400,17466,17362,17372,1735,17372
2023/12/08,202402,17400,17462,17367,17367,105,17377
2023/12/08,202403,17425,17456,17388,17388,138,17377
2023/12/08,202406,17415,17440,17387,17387,5,17363
2023/12/08,202409,17223,17237,17167,17167,13,17167
2023/12/11,202312,17436,17457,17350,17418,65150,17418
2023/12/11,202401,17435,17453,17353,17418,1370,17416
2023/12/11,202402,17450,17450,17368,17397,54,17419
2023/12/11,202403,17440,17446,17366,17396,23,17420
2023/12/11,202406,17437,17437,17370,17404,8,17404
2023/12/11,202409,17183,17202,17183,17200,4,17200
2023/12/12,202312,17518,17545,17427,17464,67207,17462
2023/12/12,202401,17514,17540,17427,17460,1665,17461
2023/12/12,202402,17515,17536,17430,17466,73,17466
2023/12/12,202403,17510,17536,17430,17444,69,17466
2023/12/12,202406,17508,17509,17439,17439,9,17455
2023/12/12,202409,17291,17321,17223,17250,39,17250
2023/12/13,202312,17491,17519,17426,17453,65147,17457
2023/12/13,202401,17495,17516,17427,17453,1507,17457
2023/12/13,202402,17500,17512,17432,17456,81,17459
2023/12/13,202403,17496,17512,17437,17456,28,17456
2023/12/13,202406,17505,17505,17446,17446,4,17446
2023/12/13,202409,17275,17287,17217,17242,15,17242
2023/12/14,202312,17608,17691,17595,17666,96741,17663
2023/12/14,202401,17595,17681,17590,17652,7813,17651
2023/12/14,202402,17600,17678,17596,17649,224,17649
2023/12/14,202403,17606,17678,17591,17651,308,17651
2023/12/14,202406,17575,17660,17575,17611,27,17633
2023/12/14,202409,17380,17456,17380,17412,44,17431
2023/12/15,202312,17771,17775,17672,17674,80686,17673
2023/12/15,202401,17744,17756,17667,17669,15438,17671
2023/12/15,202402,17743,17754,17668,17668,164,17668
2023/12/15,202403,17750,17755,17666,17666,165,17666
2023/12/15,202406,17734,17734,17665,17665,28,17650
2023/12/15,202409,17537,17537,17450,17450,65,17450
2023/12/18,202312,17672,17673,17583,17655,93527,17656
2023/12/18,202401,17660,17670,17584,17645,38536,17649
2023/12/18,202402,17667,17667,17588,17648,116,17648
2023/12/18,202403,17635,17655,17584,17646,55,17646
2023/12/18,202406,17586,17635,17586,17635,6,17635
2023/12/18,202409,17401,17439,17380,17433,35,17433
2023/12/19,202312,17596,17621,17505,17574,88844,17577
2023/12/19,202401,17589,17614,17500,17562,35743,17564
2023/12/19,202402,17610,17610,17500,17565,130,17565
2023/12/19,202403,17602,17602,17495,17556,181,17556
2023/12/19,202406,17581,17581,17479,17523,32,17543
2023/12/19,202409,17380,17380,17288,17338,24,17338
2023/12/20,202312,17605,17655,17596,17636,41677,0
2023/12/20,202401,17592,17676,17591,17660,44834,17663
2023/12/20,202402,17584,17668,17584,17658,1097,17658
2023/12/20,202403,17598,17660,17598,17639,116,17639
2023/12/20,202406,17605,17636,17599,17636,10,17636
2023/12/20,202409,17393,17420,17393,17420,11,17420
2023/12/21,202401,17442,17544,17414,17529,72886,17529
2023/12/21,202402,17448,17536,17419,17525,754,17524
2023/12/21,202403,17431,17525,17415,17512,138,17512
2023/12/21,202406,17433,17502,17410,17498,14,17498
2023/12/21,202409,17220,17287,17203,17287,11,17300
2023/12/21,202412,17314,17314,17101,17305,36,17305
2023/12/22,202401,17563,17597,17542,17558,52791,17560
2023/12/22,202402,17548,17590,17538,17555,465,17556
2023/12/22,202403,17553,17576,17541,17543,14,17543
2023/12/22,202406,17541,17554,17520,17530,10,17530
2023/12/22,202409,17330,17350,17330,17332,12,17332
2023/12/22,202412,17320,17344,17319,17328,12,17328
2023/12/25,202401,17644,17666,17607,17622,36922,17622
2023/12/25,202402,17626,17655,17603,17619,228,17618
2023/12/25,202403,17630,17650,17600,17608,60,17608
2023/12/25,202406,17612,17612,17582,17600,29,17585
2023/12/25,202409,17402,17402,17372,17395,10,17378
2023/12/25,202412,17400,17400,17388,17388,3,17388
2023/12/26,202401,17651,17740,17634,17735,52770,17734
2023/12/26,202402,17647,17729,17630,17724,801,17724
2023/12/26,202403,17637,17718,17623,17707,105,17707
2023/12/26,202406,17607,17688,17607,17679,54,17679
2023/12/26,202409,17415,17475,17415,17465,45,17465
2023/12/26,202412,17446,17465,17446,17463,10,17463
2023/12/27,202401,17755,17874,17737,17857,64820,17859
2023/12/27,202402,17755,17866,17730,17848,1080,17851
2023/12/27,202403,17735,17851,17724,17842,251,17842
2023/12/27,202406,17724,17816,17724,17816,36,17804
2023/12/27,202409,17490,17586,17490,17586,64,17586
2023/12/27,202412,17483,17570,17483,17570,14,17570
2023/12/28,202401,17850,17887,17821,17865,56537,17866
2023/12/28,202402,17845,17878,17815,17852,513,17852
2023/12/28,202403,17832,17870,17806,17845,122,17845
2023/12/28,202406,17797,17833,17787,17807,41,17807
2023/12/28,202409,17591,17608,17565,17588,29,17588
2023/12/28,202412,17592,17604,17555,17583,15,17583
2023/12/29,202401,17853,17900,17828,17868,56505,17870
2023/12/29,202402,17842,17890,17822,17860,453,17860
2023/12/29,202403,17843,17878,17812,17854,148,17854
2023/12/29,202406,17803,17840,17783,17817,46,17817
2023/12/29,202409,17558,17608,17547,17575,51,17576
2023/12/29,202412,17612,17612,17556,17556,3,17572
2024/01/02,202401,17838,17920,17751,17798,82827,17800
2024/01/02,202402,17816,17906,17744,17791,948,17791
2024/01/02,202403,17824,17896,17736,17785,233,17785
2024/01/02,202406,17789,17860,17704,17740,34,17749
2024/01/02,202409,17578,17602,17460,17504,27,17504
2024/01/02,202412,17536,17536,17467,17467,8,17499
2024/01/03,202401,17658,17667,17507,17546,97851,17545
2024/01/03,202402,17656,17656,17505,17537,1154,17540
2024/01/03,202403,17646,17652,17500,17535,237,17535
2024/01/03,202406,17600,17600,17483,17517,73,17506
2024/01/03,202409,17351,17351,17246,17261,47,17261
2024/01/03,202412,17299,17335,17250,17271,10,17271
2024/01/04,202401,17525,17583,17525,17546,57402,17550
2024/01/04,202402,17517,17572,17517,17545,632,17537
2024/01/04,202403,17505,17565,17505,17519,368,17519
2024/01/04,202406,17503,17526,17484,17494,27,17494
2024/01/04,202409,17265,17269,17238,17250,30,17250
2024/01/04,202412,17243,17259,17243,17259,6,17259
2024/01/05,202401,17577,17626,17491,17519,77062,17518
2024/01/05,202402,17564,17613,17483,17514,770,17514
2024/01/05,202403,17545,17600,17468,17492,414,17492
2024/01/05,202406,17512,17570,17449,17464,38,17464
2024/01/05,202409,17224,17252,17204,17212,17,17212
2024/01/05,202412,17218,17220,17215,17219,4,17219
2024/01/08,202401,17572,17706,17568,17595,86585,17595
2024/01/08,202402,17556,17691,17556,17584,1764,17581
2024/01/08,202403,17559,17666,17544,17557,417,17557
2024/01/08,202406,17540,17620,17500,17516,23,17516
2024/01/08,202409,17299,17348,17253,17262,32,17262
2024/01/08,202412,17285,17350,17257,17269,15,17269
2024/01/09,202401,17770,17782,17526,17545,96286,17547
2024/01/09,202402,17750,17760,17514,17532,1849,17533
2024/01/09,202403,17729,17734,17498,17506,204,17506
2024/01/09,202406,17656,17656,17471,17490,41,17466
2024/01/09,202409,17329,17331,17207,17208,27,17208
2024/01/09,202412,17360,17360,17240,17240,9,17203
2024/01/10,202401,17509,17521,17439,17458,70327,17460
2024/01/10,202402,17510,17510,17430,17451,1689,17450
2024/01/10,202403,17482,17486,17413,17432,177,17432
2024/01/10,202406,17436,17436,17384,17407,17,17385
2024/01/10,202409,17137,17165,17116,17124,18,17124
2024/01/10,202412,17120,17146,17120,17130,5,17130
2024/01/11,202401,17490,17606,17481,17575,86899,17570
2024/01/11,202402,17480,17599,17475,17571,3716,17567
2024/01/11,202403,17466,17582,17466,17550,302,17550
2024/01/11,202406,17419,17539,17419,17515,50,17515
2024/01/11,202409,17180,17265,17155,17246,34,17246
2024/01/11,202412,17193,17250,17193,17250,8,17250
2024/01/12,202401,17466,17570,17447,17489,83946,17487
2024/01/12,202402,17477,17562,17447,17478,13081,17481
2024/01/12,202403,17460,17541,17442,17470,396,17470
2024/01/12,202406,17410,17502,17410,17428,37,17428
2024/01/12,202409,17155,17236,17155,17180,19,17180
2024/01/12,202412,17240,17240,17184,17184,4,17184
2024/01/15,202401,17580,17655,17527,17559,137809,17554
2024/01/15,202402,17558,17649,17522,17557,43358,17554
2024/01/15,202403,17554,17633,17506,17536,787,17534
2024/01/15,202406,17508,17589,17465,17482,79,17482
2024/01/15,202409,17300,17316,17210,17225,19,17225
2024/01/15,202412,17300,17300,17225,17225,11,17225
2024/01/16,202401,17480,17499,17321,17333,123488,17333
2024/01/16,202402,17503,17503,17338,17361,43634,17362
2024/01/16,202403,17495,17495,17325,17354,473,17354
2024/01/16,202406,17436,17436,17286,17308,78,17304
2024/01/16,202409,17100,17118,17031,17031,50,17031
2024/01/16,202412,17105,17122,17036,17036,9,17036
2024/01/17,202401,17313,17344,17159,17167,63464,0
2024/01/17,202402,17329,17365,17217,17235,62898,17235
2024/01/17,202403,17330,17354,17219,17225,507,17234
2024/01/17,202406,17280,17305,17200,17220,82,17220
2024/01/17,202409,17018,17018,16940,16952,33,16952
2024/01/17,202412,17000,17000,16950,16950,7,16950
2024/01/18,202402,17240,17326,17215,17280,90702,17282
2024/01/18,202403,17231,17316,17216,17272,642,17274
2024/01/18,202404,17258,17295,17220,17270,49,17270
2024/01/18,202406,17230,17284,17200,17254,34,17254
2024/01/18,202409,16985,16999,16958,16985,14,16998
2024/01/18,202412,17013,17017,16957,16957,5,17004
2024/01/19,202402,17541,17684,17504,17678,111839,17674
2024/01/19,202403,17513,17662,17490,17654,1478,17654
2024/01/19,202404,17523,17652,17485,17650,97,17650
2024/01/19,202406,17473,17623,17469,17611,96,17622
2024/01/19,202409,17236,17350,17205,17344,32,17344
2024/01/19,202412,17246,17350,17228,17350,17,17350
2024/01/22,202402,17816,17843,17747,17817,83035,17815
2024/01/22,202403,17800,17820,17732,17794,991,17794
2024/01/22,202404,17789,17808,17731,17790,58,17790
2024/01/22,202406,17751,17770,17700,17754,25,17754
2024/01/22,202409,17452,17500,17427,17488,20,17488
2024/01/22,202412,17475,17493,17430,17474,24,17488
2024/01/23,202402,17799,17877,17790,17870,77256,17868
2024/01/23,202403,17770,17857,17770,17850,788,17849
2024/01/23,202404,17787,17838,17787,17835,53,17835
2024/01/23,202406,17793,17810,17762,17806,30,17803
2024/01/23,202409,17485,17524,17471,17520,43,17520
2024/01/23,202412,17518,17518,17475,17518,12,17518
2024/01/24,202402,17903,17941,17876,17903,65654,17896
2024/01/24,202403,17895,17917,17857,17878,682,17874
2024/01/24,202404,17872,17900,17852,17852,35,17863
2024/01/24,202406,17821,17858,17800,17801,110,17820
2024/01/24,202409,17532,17563,17529,17529,9,17529
2024/01/24,202412,17528,17550,17525,17525,7,17525
2024/01/25,202402,18016,18030,17935,17995,74949,17997
2024/01/25,202403,17983,18003,17920,17974,642,17975
2024/01/25,202404,17962,17965,17898,17948,68,17948
2024/01/25,202406,17888,17914,17858,17914,45,17900
2024/01/25,202409,17604,17630,17571,17615,15,17615
2024/01/25,202412,17562,17601,17550,17584,7,17584
2024/01/26,202402,17951,18023,17936,17999,65973,17999
2024/01/26,202403,17931,18000,17919,17980,432,17979
2024/01/26,202404,17911,17977,17911,17960,39,17960
2024/01/26,202406,17884,17920,17867,17879,36,17906
2024/01/26,202409,17610,17628,17582,17602,11,17616
2024/01/26,202412,17574,17602,17574,17602,3,17602
2024/01/29,202402,18011,18135,17970,18125,73311,18123
2024/01/29,202403,18001,18110,17951,18100,871,18100
2024/01/29,202404,17956,18085,17950,18082,57,18082
2024/01/29,202406,17915,18018,17915,18010,34,18010
2024/01/29,202409,17661,17722,17661,17722,24,17722
2024/01/29,202412,17635,17714,17635,17714,10,17697
2024/01/30,202402,18129,18139,18064,18081,63313,18081
2024/01/30,202403,18112,18117,18045,18057,631,18057
2024/01/30,202404,18095,18095,18030,18060,32,18042
2024/01/30,202406,18008,18019,17976,17976,21,17976
2024/01/30,202409,17708,17726,17678,17678,29,17678
2024/01/30,202412,17660,17675,17660,17667,3,17667
2024/01/31,202402,17990,18003,17904,17920,78949,17921
2024/01/31,202403,17985,17985,17890,17904,1044,17905
2024/01/31,202404,17962,17962,17872,17891,188,17891
2024/01/31,202406,17901,17901,17815,17847,46,17829
2024/01/31,202409,17585,17592,17526,17537,14,17537
2024/01/31,202412,17589,17589,17518,17518,34,17518
2024/02/01,202402,17956,17994,17882,17986,82846,17985
2024/02/01,202403,17917,17975,17868,17967,1135,17967
2024/02/01,202404,17937,17959,17854,17956,110,17954
2024/02/01,202406,17837,17890,17799,17889,87,17889
2024/02/01,202409,17581,17581,17525,17568,11,17594
2024/02/01,202412,17508,17563,17508,17563,8,17574
2024/02/02,202402,18100,18105,18023,18084,64193,18084
2024/02/02,202403,18059,18084,18009,18068,1212,18066
2024/02/02,202404,18050,18057,17996,18053,105,18053
2024/02/02,202406,17959,17995,17952,17991,23,17991
2024/02/02,202409,17645,17696,17645,17689,22,17689
2024/02/02,202412,17618,17618,17618,17618,1,17672
2024/02/05,202402,18008,18102,17958,18086,72290,18085
2024/02/05,202403,18015,18085,17949,18070,1519,18068
2024/02/05,202404,18001,18074,17948,18060,146,18060
2024/02/05,202406,17920,18012,17898,18004,65,18004
2024/02/05,202409,17649,17720,17610,17705,34,17705
2024/02/05,202412,17682,17682,17681,17681,3,17681
2024/02/15,202402,18590,18696,18531,18667,112201,18666
2024/02/15,202403,18521,18666,18520,18643,7943,18641
2024/02/15,202404,18448,18645,18448,18617,317,18617
2024/02/15,202406,18420,18581,18420,18560,131,18560
2024/02/15,202409,18125,18279,18125,18265,79,18265
2024/02/15,202412,18167,18260,18133,18257,27,18257
2024/02/16,202402,18683,18726,18633,18634,65410,18639
2024/02/16,202403,18665,18702,18620,18620,8595,18624
2024/02/16,202404,18647,18678,18611,18611,106,18613
2024/02/16,202406,18598,18598,18550,18577,18,18545
2024/02/16,202409,18309,18328,18255,18255,8,18255
2024/02/16,202412,18284,18284,18252,18252,4,18235
2024/02/19,202402,18680,18692,18619,18671,80197,18669
2024/02/19,202403,18654,18688,18615,18673,33342,18672
2024/02/19,202404,18641,18671,18611,18657,106,18657
2024/02/19,202406,18560,18601,18539,18582,29,18582
2024/02/19,202409,18281,18302,18255,18284,19,18284
2024/02/19,202412,18288,18288,18287,18287,4,18287
2024/02/20,202402,18634,18754,18596,18753,86334,18751
2024/02/20,202403,18641,18763,18605,18762,42071,18760
2024/02/20,202404,18642,18748,18604,18748,154,18746
2024/02/20,202406,18545,18674,18545,18674,64,18674
2024/02/20,202409,18270,18374,18270,18374,40,18374
2024/02/20,202412,18332,18335,18332,18335,3,18359
2024/02/21,202402,18738,18750,18659,18670,41207,0
2024/02/21,202403,18755,18755,18679,18692,44868,18693
2024/02/21,202404,18721,18732,18673,18684,223,18685
2024/02/21,202406,18635,18653,18616,18621,28,18621
2024/02/21,202409,18368,18370,18311,18311,27,18311
2024/02/21,202412,18308,18334,18294,18310,7,18310
2024/02/22,202403,18887,18890,18751,18889,84610,18886
2024/02/22,202404,18859,18875,18744,18875,1403,18874
2024/02/22,202405,18820,18865,18768,18865,82,18864
2024/02/22,202406,18730,18810,18699,18810,95,18810
2024/02/22,202409,18389,18505,18388,18500,54,18515
2024/02/22,202412,18447,18491,18356,18491,19,18491
2024/02/23,202403,18990,19000,18898,18913,80858,18912
2024/02/23,202404,18982,18992,18896,18908,1093,18908
2024/02/23,202405,18961,18978,18891,18891,65,18901
2024/02/23,202406,18885,18912,18832,18832,61,18844
2024/02/23,202409,18623,18632,18545,18545,65,18545
2024/02/23,202412,18594,18600,18525,18525,12,18525
2024/02/26,202403,18907,18996,18853,18963,68087,18964
2024/02/26,202404,18907,18991,18851,18960,682,18960
2024/02/26,202405,18884,18982,18852,18955,87,18955
2024/02/26,202406,18822,18921,18794,18896,29,18896
2024/02/26,202409,18539,18640,18513,18621,27,18609
2024/02/26,202412,18516,18602,18516,18588,11,18588
2024/02/27,202403,18950,19020,18750,18867,120451,18870
2024/02/27,202404,18946,19014,18754,18870,1228,18870
2024/02/27,202405,18938,19002,18754,18875,128,18862
2024/02/27,202406,18896,18939,18700,18811,76,18811
2024/02/27,202409,18607,18667,18423,18530,58,18530
2024/02/27,202412,18621,18636,18400,18503,11,18503
2024/02/29,202403,18808,18997,18805,18966,84818,18961
2024/02/29,202404,18825,18997,18810,18965,857,18961
2024/02/29,202405,18823,18987,18820,18955,77,18955
2024/02/29,202406,18764,18928,18761,18895,57,18895
2024/02/29,202409,18481,18634,18481,18604,46,18604
2024/02/29,202412,18520,18608,18520,18608,6,18592
2024/03/01,202403,18968,19017,18924,18961,75198,18961
2024/03/01,202404,18974,19016,18928,18961,826,18961
2024/03/01,202405,18974,19009,18931,18960,70,18960
2024/03/01,202406,18954,18961,18898,18898,36,18898
2024/03/01,202409,18639,18674,18603,18628,53,18628
2024/03/01,202412,18590,18590,18590,18590,5,18590
2024/03/04,202403,19144,19340,19137,19314,97821,19311
2024/03/04,202404,19151,19335,19139,19311,1568,19307
2024/03/04,202405,19126,19321,19126,19292,243,19305
2024/03/04,202406,19051,19272,19051,19248,79,19248
2024/03/04,202409,18808,18982,18808,18962,76,18972
2024/03/04,202412,18795,18960,18795,18930,23,18944
2024/03/05,202403,19362,19436,19305,19389,83640,19390
2024/03/05,202404,19363,19432,19308,19391,1262,19388
2024/03/05,202405,19360,19425,19315,19373,74,19383
2024/03/05,202406,19312,19377,19254,19335,32,19335
2024/03/05,202409,19037,19106,18995,19055,144,19055
2024/03/05,202412,19005,19063,18988,19026,11,19026
2024/03/06,202403,19282,19523,19271,19509,96101,19507
2024/03/06,202404,19287,19520,19276,19506,1711,19504
2024/03/06,202405,19298,19515,19279,19492,128,19502
2024/03/06,202406,19236,19460,19231,19445,80,19453
2024/03/06,202409,18985,19190,18975,19174,97,19174
2024/03/06,202412,19018,19158,19018,19143,7,19143
2024/03/07,202403,19688,19770,19584,19709,122063,19702
2024/03/07,202404,19697,19761,19583,19700,3524,19695
2024/03/07,202405,19677,19757,19589,19682,119,19698
2024/03/07,202406,19630,19703,19540,19620,101,19650
2024/03/07,202409,19335,19431,19271,19365,119,19380
2024/03/07,202412,19319,19395,19256,19350,41,19350
2024/03/08,202403,19930,20009,19638,19791,172140,19794
2024/03/08,202404,19907,19999,19632,19782,4518,19786
2024/03/08,202405,19948,19990,19637,19797,233,19782
2024/03/08,202406,19893,19947,19600,19734,144,19734
2024/03/08,202409,19651,19662,19346,19467,117,19467
2024/03/08,202412,19592,19636,19300,19390,30,19441
2024/03/11,202403,19691,19825,19679,19715,97483,19716
2024/03/11,202404,19686,19815,19674,19712,2234,19713
2024/03/11,202405,19717,19805,19672,19716,68,19708
2024/03/11,202406,19616,19762,19616,19667,41,19667
2024/03/11,202409,19390,19499,19390,19406,25,19406
2024/03/11,202412,19388,19460,19374,19374,4,19374
2024/03/12,202403,19714,19956,19698,19955,91498,19954
2024/03/12,202404,19696,19948,19696,19948,2763,19946
2024/03/12,202405,19715,19940,19700,19940,95,19940
2024/03/12,202406,19666,19899,19658,19899,96,19899
2024/03/12,202409,19427,19638,19427,19638,60,19638
2024/03/12,202412,19398,19600,19398,19600,8,19613
2024/03/13,202403,19994,20064,19886,19927,111450,19928
2024/03/13,202404,19990,20056,19883,19921,4054,19922
2024/03/13,202405,19968,20045,19882,19926,126,19926
2024/03/13,202406,19956,20006,19840,19884,101,19874
2024/03/13,202409,19698,19752,19600,19604,57,19622
2024/03/13,202412,19699,19701,19603,19603,7,19591
2024/03/14,202403,19897,19978,19799,19939,108905,19940
2024/03/14,202404,19901,19972,19800,19942,4209,19940
2024/03/14,202405,19910,19970,19800,19939,145,19939
2024/03/14,202406,19863,19920,19754,19900,107,19891
2024/03/14,202409,19630,19655,19538,19592,32,19640
2024/03/14,202412,19620,19620,19599,19599,2,19610
2024/03/15,202403,19828,19873,19723,19730,109827,19728
2024/03/15,202404,19827,19881,19744,19751,10085,19748
2024/03/15,202405,19823,19884,19756,19758,139,19757
2024/03/15,202406,19791,19833,19719,19719,80,19719
2024/03/15,202409,19510,19590,19475,19475,23,19475
2024/03/15,202412,19520,19520,19470,19470,9,19470
2024/03/18,202403,19778,19920,19747,19919,100312,19914
2024/03/18,202404,19787,19940,19773,19933,30381,19935
2024/03/18,202405,19797,19935,19789,19935,145,19934
2024/03/18,202406,19783,19889,19733,19887,54,19887
2024/03/18,202409,19530,19625,19510,19625,17,19640
2024/03/18,202412,19524,19550,19524,19550,2,19612
2024/03/19,202403,19816,19911,19739,19867,106964,19867
2024/03/19,202404,19845,19929,19762,19884,42402,19885
2024/03/19,202405,19848,19930,19773,19888,205,19888
2024/03/19,202406,19819,19878,19737,19840,86,19840
2024/03/19,202409,19500,19634,19487,19603,5,19603
2024/03/19,202412,19480,19555,19480,19555,5,19577
2024/03/20,202403,19860,19956,19731,19747,70463,0
2024/03/20,202404,19866,19972,19794,19833,68842,19833
2024/03/20,202405,19884,19962,19801,19838,416,19839
2024/03/20,202406,19829,19924,19767,19799,162,19799
2024/03/20,202409,19603,19666,19518,19550,23,19550
2024/03/20,202412,19606,19650,19505,19505,25,19544
2024/03/21,202404,20048,20264,20029,20264,110169,20260
2024/03/21,202405,20035,20261,20030,20260,1383,20260
2024/03/21,202406,20014,20222,19991,20220,289,20228
2024/03/21,202409,19750,19985,19742,19985,111,19985
2024/03/21,202412,19740,19972,19740,19972,37,19972
2024/03/21,202503,19765,19967,19749,19967,29,19967
2024/03/22,202404,20226,20285,20122,20242,94477,20240
2024/03/22,202405,20230,20295,20140,20259,1170,20256
2024/03/22,202406,20222,20270,20123,20230,71,20230
2024/03/22,202409,20008,20030,19925,19999,29,19999
2024/03/22,202412,20000,20014,19962,19985,12,20008
2024/03/22,202503,19973,19979,19921,19921,6,20011
2024/03/25,202404,20256,20307,20188,20231,72613,20229
2024/03/25,202405,20268,20318,20206,20243,899,20245
2024/03/25,202406,20252,20277,20200,20232,81,20222
2024/03/25,202409,20029,20083,19977,20018,61,20018
2024/03/25,202412,19983,20064,19983,20062,17,20009
2024/03/25,202503,20037,20052,20037,20052,6,20009
2024/03/26,202404,20280,20459,20038,20187,173550,20185
2024/03/26,202405,20295,20468,20066,20207,2589,20204
2024/03/26,202406,20288,20390,20072,20185,293,20186
2024/03/26,202409,20088,20245,19878,19983,102,19983
2024/03/26,202412,20072,20236,19878,19992,34,19992
2024/03/26,202503,20059,20188,19887,20022,36,20022
2024/03/27,202404,20185,20288,20148,20261,86234,20258
2024/03/27,202405,20189,20306,20171,20279,1385,20276
2024/03/27,202406,20198,20280,20170,20250,108,20261
2024/03/27,202409,20012,20088,19995,20053,34,20068
2024/03/27,202412,20000,20055,19978,20055,31,20069
2024/03/27,202503,20013,20085,20013,20085,2,20085
2024/03/28,202404,20238,20250,20081,20203,103798,20202
2024/03/28,202405,20266,20271,20118,20230,1585,20225
2024/03/28,202406,20230,20257,20107,20208,147,20208
2024/03/28,202409,20064,20069,19947,20033,30,20033
2024/03/28,202412,19995,20056,19940,20041,15,20041
2024/03/28,202503,19966,20028,19950,20028,4,20028
2024/03/29,202404,20226,20299,20192,20280,84010,20278
2024/03/29,202405,20241,20317,20217,20301,1032,20300
2024/03/29,202406,20241,20302,20208,20277,91,20286
2024/03/29,202409,20070,20116,20047,20116,30,20116
2024/03/29,202412,20100,20110,20099,20110,3,20110
2024/03/29,202503,20050,20128,20050,20128,2,20128
2024/04/01,202404,20393,20400,20259,20288,83567,20293
2024/04/01,202405,20402,20423,20283,20317,1122,20317
2024/04/01,202406,20388,20397,20276,20306,62,20306
2024/04/01,202409,20238,20238,20120,20148,16,20148
2024/04/01,202412,20177,20177,20123,20155,4,20141
2024/04/01,202503,20230,20230,20128,20161,8,20161
2024/04/02,202404,20350,20524,20350,20523,96508,20521
2024/04/02,202405,20380,20540,20372,20540,1798,20538
2024/04/02,202406,20376,20528,20376,20526,190,20526
2024/04/02,202409,20222,20383,20222,20377,110,20377
2024/04/02,202412,20289,20376,20270,20376,52,20376
2024/04/02,202503,20252,20393,20252,20393,24,20393
2024/04/03,202404,20370,20419,20275,20349,111570,20351
2024/04/03,202405,20400,20440,20302,20370,2134,20370
2024/04/03,202406,20401,20431,20300,20363,147,20363
2024/04/03,202409,20250,20290,20167,20235,47,20235
2024/04/03,202412,20265,20278,20179,20238,12,20238
2024/04/03,202503,20310,20310,20206,20206,2,20249
2024/04/08,202404,20404,20520,20375,20450,85815,20447
2024/04/08,202405,20410,20538,20398,20472,1764,20471
2024/04/08,202406,20421,20528,20398,20455,137,20468
2024/04/08,202409,20290,20396,20290,20362,25,20342
2024/04/08,202412,20299,20400,20299,20378,9,20345
2024/04/08,202503,20321,20421,20321,20385,32,20351
2024/04/09,202404,20538,20877,20518,20874,117238,20869
2024/04/09,202405,20565,20898,20543,20894,4291,20891
2024/04/09,202406,20540,20885,20540,20879,318,20879
2024/04/09,202409,20440,20764,20440,20762,172,20760
2024/04/09,202412,20534,20763,20534,20763,27,20763
2024/04/09,202503,20556,20779,20554,20777,33,20777
2024/04/10,202404,20822,20892,20804,20851,75731,20848
2024/04/10,202405,20863,20916,20828,20877,2076,20876
2024/04/10,202406,20845,20908,20829,20870,95,20870
2024/04/10,202409,20737,20789,20720,20746,79,20746
2024/04/10,202412,20733,20746,20726,20726,15,20754
2024/04/10,202503,20777,20806,20726,20755,27,20780
2024/04/11,202404,20706,20764,20651,20753,88537,20752
2024/04/11,202405,20731,20790,20685,20783,4049,20784
2024/04/11,202406,20733,20792,20690,20783,96,20783
2024/04/11,202409,20630,20653,20567,20646,62,20656
2024/04/11,202412,20648,20664,20585,20642,9,20664
2024/04/11,202503,20639,20678,20617,20617,5,20691
2024/04/12,202404,20745,20809,20682,20755,91615,20753
2024/04/12,202405,20797,20850,20723,20804,10877,20805
2024/04/12,202406,20783,20858,20745,20814,130,20814
2024/04/12,202409,20664,20717,20623,20678,46,20678
2024/04/12,202412,20665,20724,20642,20695,10,20695
2024/04/12,202503,20700,20750,20700,20750,9,20719
2024/04/15,202404,20544,20605,20460,20508,114946,20506
2024/04/15,202405,20594,20659,20505,20544,29647,20548
2024/04/15,202406,20602,20680,20544,20569,250,20569
2024/04/15,202409,20492,20538,20411,20425,107,20425
2024/04/15,202412,20536,20557,20463,20490,7,20448
2024/04/15,202503,20518,20570,20466,20484,10,20484
2024/04/16,202404,20278,20286,19798,19953,175352,19947
2024/04/16,202405,20334,20334,19834,19981,52436,19982
2024/04/16,202406,20341,20351,19868,19999,720,19999
2024/04/16,202409,20205,20205,19738,19865,255,19865
2024/04/16,202412,20218,20218,19751,19842,81,19862
2024/04/16,202503,19998,19999,19776,19898,21,19898
2024/04/17,202404,19942,20289,19927,20238,73085,0
2024/04/17,202405,19979,20242,19955,20185,78050,20189
2024/04/17,202406,19964,20239,19964,20188,701,20188
2024/04/17,202409,19826,20073,19826,20018,115,20018
2024/04/17,202412,19827,20066,19827,20060,34,20037
2024/04/17,202503,19863,20100,19863,20035,27,20035
2024/04/18,202405,20070,20359,20025,20358,120221,20353
2024/04/18,202406,20084,20355,20040,20355,1483,20352
2024/04/18,202407,19971,20230,19951,20230,125,20242
2024/04/18,202409,19933,20183,19897,20179,85,20181
2024/04/18,202412,19905,20198,19905,20183,21,20195
2024/04/18,202503,19950,20234,19950,20234,4,20234
2024/04/19,202405,19840,19924,19265,19546,237961,19559
2024/04/19,202406,19864,19927,19273,19550,3158,19551
2024/04/19,202407,19711,19769,19165,19446,122,19418
2024/04/19,202409,19670,19716,19100,19379,210,19355
2024/04/19,202412,19781,19781,19165,19342,118,19342
2024/04/19,202503,19802,19802,19390,19390,20,19390
2024/04/22,202405,19620,19715,19445,19524,135191,19528
2024/04/22,202406,19598,19701,19445,19520,1058,19521
2024/04/22,202407,19502,19502,19330,19434,55,19382
2024/04/22,202409,19410,19477,19251,19314,53,19331
2024/04/22,202412,19338,19450,19263,19325,12,19325
2024/04/22,202503,19413,19466,19279,19309,9,19349
2024/04/23,202405,19651,19745,19554,19677,100612,19680
2024/04/23,202406,19639,19735,19556,19668,1074,19669
2024/04/23,202407,19515,19570,19412,19506,32,19522
2024/04/23,202409,19464,19525,19360,19472,64,19472
2024/04/23,202412,19502,19502,19359,19480,14,19480
2024/04/23,202503,19500,19500,19497,19497,3,19497
2024/04/24,202405,19930,20202,19916,20170,101458,20170
2024/04/24,202406,19910,20176,19903,20150,1406,20150
2024/04/24,202407,19775,20000,19730,19973,75,19973
2024/04/24,202409,19718,19958,19718,19919,47,19936
2024/04/24,202412,19708,19932,19700,19917,25,19917
2024/04/24,202503,19845,20003,19845,20003,25,19954
2024/04/25,202405,19940,19979,19834,19885,96972,19880
2024/04/25,202406,19930,19964,19825,19876,1060,19869
2024/04/25,202407,19772,19772,19665,19720,45,19701
2024/04/25,202409,19720,19745,19598,19613,141,19636
2024/04/25,202412,19725,19746,19628,19638,12,19638
2024/04/25,202503,19766,19766,19636,19637,22,19668
2024/04/26,202405,20126,20271,20070,20178,113798,20176
2024/04/26,202406,20103,20250,20053,20160,1544,20160
2024/04/26,202407,19951,20060,19888,19984,111,19984
2024/04/26,202409,19835,20000,19825,19908,62,19922
2024/04/26,202412,19840,19999,19840,19900,22,19918
2024/04/26,202503,19935,20014,19833,19927,30,19927
2024/04/29,202405,20350,20560,20310,20552,97993,20550
2024/04/29,202406,20321,20541,20296,20537,1356,20534
2024/04/29,202407,20150,20360,20150,20360,79,20360
2024/04/29,202409,20091,20302,20072,20298,134,20298
2024/04/29,202412,20100,20285,20085,20256,23,20296
2024/04/29,202503,20120,20289,20120,20289,15,20304
2024/04/30,202405,20518,20576,20404,20413,77061,20413
2024/04/30,202406,20479,20563,20391,20399,923,20400
2024/04/30,202407,20300,20385,20246,20246,58,20236
2024/04/30,202409,20266,20311,20148,20158,182,20158
2024/04/30,202412,20287,20308,20152,20159,16,20159
2024/04/30,202503,20320,20320,20178,20178,10,20178
2024/05/02,202405,20250,20380,20215,20291,90193,20292
2024/05/02,202406,20218,20368,20207,20283,1242,20283
2024/05/02,202407,20053,20192,20053,20151,41,20122
2024/05/02,202409,19993,20093,19993,20045,66,20033
2024/05/02,202412,20050,20071,20000,20035,13,20035
2024/05/02,202503,20093,20093,20034,20034,6,20047
2024/05/03,202405,20548,20597,20306,20382,100974,20382
2024/05/03,202406,20558,20587,20297,20373,1677,20372
2024/05/03,202407,20422,20422,20142,20199,66,20214
2024/05/03,202409,20309,20313,20047,20123,65,20123
2024/05/03,202412,20241,20310,20049,20099,15,20117
2024/05/03,202503,20338,20338,20076,20076,8,20129
2024/05/06,202405,20685,20714,20562,20602,83722,20601
2024/05/06,202406,20676,20699,20552,20589,1748,20590
2024/05/06,202407,20492,20534,20422,20425,80,20434
2024/05/06,202409,20423,20435,20328,20351,54,20329
2024/05/06,202412,20369,20403,20319,20319,25,20319
2024/05/06,202503,20388,20393,20344,20344,30,20344
2024/05/07,202405,20733,20756,20536,20650,85595,20648
2024/05/07,202406,20712,20742,20533,20639,2380,20641
2024/05/07,202407,20579,20579,20398,20482,80,20482
2024/05/07,202409,20447,20458,20273,20386,66,20386
2024/05/07,202412,20358,20388,20300,20368,27,20368
2024/05/07,202503,20482,20497,20292,20413,29,20413
2024/05/08,202405,20618,20738,20574,20725,73449,20724
2024/05/08,202406,20621,20732,20570,20715,2739,20717
2024/05/08,202407,20480,20579,20429,20566,52,20566
2024/05/08,202409,20370,20462,20329,20457,58,20457
2024/05/08,202412,20359,20460,20359,20460,11,20460
2024/05/08,202503,20379,20480,20346,20480,6,20480
2024/05/09,202405,20707,20763,20605,20612,79443,20612
2024/05/09,202406,20720,20758,20607,20612,3650,20612
2024/05/09,202407,20561,20602,20470,20479,76,20479
2024/05/09,202409,20459,20501,20380,20380,36,20380
2024/05/09,202412,20435,20450,20369,20369,5,20369
2024/05/09,202503,20465,20465,20396,20403,12,20403
2024/05/10,202405,20738,20828,20616,20809,97925,20812
2024/05/10,202406,20730,20827,20615,20809,10824,20811
2024/05/10,202407,20582,20665,20483,20655,115,20655
2024/05/10,202409,20500,20569,20388,20560,126,20560
2024/05/10,202412,20478,20555,20405,20555,12,20555
2024/05/10,202503,20500,20578,20500,20578,6,20578
2024/05/13,202405,20942,20965,20833,20883,98279,20881
2024/05/13,202406,20940,20965,20835,20883,30055,20884
2024/05/13,202407,20791,20822,20698,20735,68,20735
2024/05/13,202409,20691,20707,20597,20618,254,20633
2024/05/13,202412,20668,20699,20585,20626,13,20626
2024/05/13,202503,20705,20705,20638,20638,3,20638
2024/05/14,202405,20892,21015,20868,21013,83853,21006
2024/05/14,202406,20876,21014,20870,21014,35328,21009
2024/05/14,202407,20741,20850,20731,20848,111,20848
2024/05/14,202409,20644,20750,20631,20750,63,20750
2024/05/14,202412,20700,20731,20690,20731,8,20745
2024/05/14,202503,20720,20768,20710,20766,14,20766
2024/05/15,202405,21184,21361,21116,21143,63511,0
2024/05/15,202406,21192,21381,21120,21247,63095,21243
2024/05/15,202407,20998,21212,20993,21097,249,21097
2024/05/15,202409,20871,21100,20871,20995,150,20995
2024/05/15,202412,20899,21066,20891,20957,50,20989
2024/05/15,202503,20930,21070,20911,20994,30,20994
2024/05/16,202406,21465,21556,21326,21370,104856,21372
2024/05/16,202407,21338,21427,21210,21252,1079,21250
2024/05/16,202408,21288,21376,21186,21186,93,21208
2024/05/16,202409,21249,21327,21144,21176,111,21176
2024/05/16,202412,21249,21331,21138,21180,44,21180
2024/05/16,202503,21252,21353,21222,21222,22,21196
2024/05/17,202406,21303,21407,21288,21336,71837,21335
2024/05/17,202407,21122,21278,21122,21206,607,21206
2024/05/17,202408,21183,21200,21124,21161,44,21161
2024/05/17,202409,21143,21193,21104,21130,41,21144
2024/05/17,202412,21137,21180,21100,21149,13,21149
2024/05/17,202503,21210,21210,21169,21190,17,21190
2024/05/20,202406,21435,21485,21153,21302,109398,21299
2024/05/20,202407,21336,21357,21031,21175,985,21175
2024/05/20,202408,21295,21304,20998,21151,73,21131
2024/05/20,202409,21249,21269,21005,21141,82,21120
2024/05/20,202412,21256,21256,21005,21168,32,21122
2024/05/20,202503,21200,21229,21100,21161,10,21161
2024/05/21,202406,21324,21350,21165,21277,74973,21282
2024/05/21,202407,21201,21218,21044,21144,596,21144
2024/05/21,202408,21166,21166,21018,21110,27,21110
2024/05/21,202409,21136,21159,20998,21112,50,21103
2024/05/21,202412,21099,21138,21099,21120,8,21108
2024/05/21,202503,21181,21212,21100,21138,41,21138
2024/05/22,202406,21293,21613,21283,21583,95352,21581
2024/05/22,202407,21165,21471,21159,21448,863,21447
2024/05/22,202408,21131,21423,21131,21423,87,21404
2024/05/22,202409,21217,21417,21204,21389,80,21389
2024/05/22,202412,21183,21419,21183,21388,46,21388
2024/05/22,202503,21251,21442,21230,21438,36,21438
2024/05/23,202406,21630,21661,21492,21604,85458,21605
2024/05/23,202407,21472,21525,21370,21471,710,21472
2024/05/23,202408,21434,21462,21381,21444,70,21427
2024/05/23,202409,21447,21456,21328,21427,20,21427
2024/05/23,202412,21432,21453,21380,21425,20,21425
2024/05/23,202503,21440,21440,21430,21430,3,21450
2024/05/24,202406,21448,21617,21414,21565,74314,21568
2024/05/24,202407,21323,21480,21289,21440,556,21439
2024/05/24,202408,21274,21429,21250,21388,55,21388
2024/05/24,202409,21243,21432,21243,21403,38,21386
2024/05/24,202412,21281,21417,21281,21412,11,21388
2024/05/24,202503,21336,21394,21336,21394,4,21421
2024/05/27,202406,21670,21917,21655,21875,88063,21870
2024/05/27,202407,21539,21778,21524,21739,885,21736
2024/05/27,202408,21520,21679,21520,21662,79,21693
2024/05/27,202409,21509,21726,21509,21668,54,21683
2024/05/27,202412,21496,21703,21496,21615,23,21688
2024/05/27,202503,21566,21750,21566,21704,28,21704
2024/05/28,202406,21892,21994,21845,21954,71888,21951
2024/05/28,202407,21745,21857,21717,21813,542,21813
2024/05/28,202408,21687,21787,21678,21748,97,21774
2024/05/28,202409,21672,21775,21667,21775,80,21760
2024/05/28,202412,21694,21749,21694,21749,7,21762
2024/05/28,202503,21768,21819,21753,21795,26,21780
2024/05/29,202406,21865,21907,21720,21722,85938,21730
2024/05/29,202407,21737,21775,21592,21598,828,21600
2024/05/29,202408,21694,21694,21548,21551,110,21551
2024/05/29,202409,21685,21714,21540,21540,117,21540
2024/05/29,202412,21631,21655,21550,21550,21,21550
2024/05/29,202503,21715,21730,21577,21577,10,21577
2024/05/30,202406,21512,21553,21368,21391,100242,21395
2024/05/30,202407,21393,21426,21244,21268,880,21269
2024/05/30,202408,21330,21370,21200,21218,51,21218
2024/05/30,202409,21299,21340,21190,21190,62,21200
2024/05/30,202412,21288,21340,21200,21200,20,21200
2024/05/30,202503,21309,21320,21230,21230,13,21230
2024/05/31,202406,21505,21583,21253,21285,130856,21288
2024/05/31,202407,21368,21453,21124,21152,1708,21156
2024/05/31,202408,21332,21390,21100,21102,70,21112
2024/05/31,202409,21301,21373,21067,21081,67,21094
2024/05/31,202412,21320,21360,21079,21079,13,21099
2024/05/31,202503,21194,21194,21089,21110,20,21110
2024/06/03,202406,21469,21698,21424,21654,116258,21655
2024/06/03,202407,21310,21555,21297,21519,1680,21520
2024/06/03,202408,21325,21502,21258,21468,89,21468
2024/06/03,202409,21282,21485,21248,21427,89,21448
2024/06/03,202412,21312,21465,21280,21421,40,21444
2024/06/03,202503,21338,21465,21304,21460,39,21460
2024/06/04,202406,21560,21574,21284,21320,111097,21327
2024/06/04,202407,21408,21411,21158,21200,886,21202
2024/06/04,202408,21332,21332,21117,21150,71,21150
2024/06/04,202409,21362,21362,21095,21128,37,21132
2024/06/04,202412,21312,21312,21100,21111,11,21130
2024/06/04,202503,21258,21312,21140,21164,23,21147
2024/06/05,202406,21350,21493,21226,21463,108838,21460
2024/06/05,202407,21222,21358,21100,21330,1437,21330
2024/06/05,202408,21208,21310,21090,21255,76,21285
2024/06/05,202409,21218,21286,21075,21259,42,21259
2024/06/05,202412,21203,21248,21165,21244,11,21268
2024/06/05,202503,21104,21280,21104,21265,13,21278
2024/06/06,202406,21825,21962,21791,21875,109836,21873
2024/06/06,202407,21675,21820,21656,21735,1983,21733
2024/06/06,202408,21640,21770,21638,21676,112,21690
2024/06/06,202409,21636,21750,21598,21693,101,21671
2024/06/06,202412,21622,21750,21611,21670,25,21670
2024/06/06,202503,21654,21747,21626,21700,39,21680
2024/06/07,202406,21839,21908,21781,21897,69801,21894
2024/06/07,202407,21700,21767,21650,21761,969,21760
2024/06/07,202408,21651,21711,21642,21711,44,21711
2024/06/07,202409,21628,21682,21628,21681,17,21696
2024/06/07,202412,21639,21689,21621,21689,17,21689
2024/06/07,202503,21675,21675,21675,21675,1,21709
2024/06/11,202406,21920,21970,21783,21798,94289,21801
2024/06/11,202407,21777,21831,21653,21669,1443,21668
2024/06/11,202408,21742,21788,21615,21620,98,21620
2024/06/11,202409,21670,21764,21604,21604,66,21604
2024/06/11,202412,21689,21734,21601,21602,28,21602
2024/06/11,202503,21683,21683,21594,21594,25,21614
2024/06/12,202406,21829,22063,21790,22046,95615,22046
2024/06/12,202407,21700,21927,21662,21916,2655,21914
2024/06/12,202408,21641,21878,21630,21860,204,21860
2024/06/12,202409,21658,21854,21605,21839,112,21839
2024/06/12,202412,21605,21848,21605,21848,74,21848
2024/06/12,202503,21665,21867,21665,21863,31,21862
2024/06/13,202406,22308,22473,22207,22323,114828,22325
2024/06/13,202407,22184,22333,22078,22190,5958,22192
2024/06/13,202408,22123,22290,22038,22147,189,22147
2024/06/13,202409,22096,22267,22017,22156,97,22129
2024/06/13,202412,22089,22219,22082,22082,26,22130
2024/06/13,202503,22088,22233,22064,22104,13,22144
2024/06/14,202406,22274,22514,22270,22511,86467,22510
2024/06/14,202407,22142,22350,22135,22348,10255,22348
2024/06/14,202408,22130,22293,22097,22293,159,22293
2024/06/14,202409,22075,22277,22075,22277,80,22277
2024/06/14,202412,22096,22286,22096,22286,34,22286
2024/06/14,202503,22151,22274,22151,22274,17,22291
2024/06/17,202406,22430,22554,22420,22477,91913,22477
2024/06/17,202407,22273,22397,22263,22347,33859,22346
2024/06/17,202408,22233,22340,22225,22282,92,22294
2024/06/17,202409,22229,22314,22229,22267,61,22267
2024/06/17,202412,22210,22304,22210,22271,33,22271
2024/06/17,202503,22311,22316,22311,22314,3,22275
2024/06/18,202406,22726,22812,22666,22786,98310,22786
2024/06/18,202407,22592,22682,22545,22668,33108,22672
2024/06/18,202408,22523,22629,22500,22616,155,22614
2024/06/18,202409,22519,22602,22480,22586,75,22586
2024/06/18,202412,22570,22594,22480,22583,20,22583
2024/06/18,202503,22530,22604,22492,22604,45,22604
2024/06/19,202406,22956,23291,22940,23225,79725,0
2024/06/19,202407,22883,23172,22848,23129,71704,23135
2024/06/19,202408,22819,23120,22819,23087,360,23087
2024/06/19,202409,22817,23093,22817,23060,184,23060
2024/06/19,202412,22819,23086,22819,23065,48,23065
2024/06/19,202503,22838,23096,22838,23096,55,23076
2024/06/20,202407,23153,23380,23106,23378,90192,23377
2024/06/20,202408,23116,23355,23080,23355,774,23352
2024/06/20,202409,23099,23344,23075,23344,214,23344
2024/06/20,202412,23101,23284,23085,23273,38,23337
2024/06/20,202503,23086,23301,23086,23301,11,23342
2024/06/20,202506,23082,23318,23049,23318,17,23335
2024/06/21,202407,23034,23291,23025,23210,98199,23207
2024/06/21,202408,23026,23270,23017,23188,705,23194
2024/06/21,202409,23051,23249,23051,23206,62,23206
2024/06/21,202412,23102,23229,23101,23205,32,23205
2024/06/21,202503,23070,23271,23070,23259,12,23212
2024/06/21,202506,23121,23121,23121,23121,1,23220
2024/06/24,202407,23050,23073,22708,22746,125022,22754
2024/06/24,202408,23025,23054,22698,22732,1144,22740
2024/06/24,202409,23002,23002,22722,22747,136,22747
2024/06/24,202412,22975,22975,22729,22748,53,22748
2024/06/24,202503,22979,22980,22725,22742,69,22742
2024/06/24,202506,23020,23020,22739,22768,15,22768
2024/06/25,202407,22608,22776,22410,22743,126047,22747
2024/06/25,202408,22574,22761,22401,22734,1304,22736
2024/06/25,202409,22575,22760,22420,22756,117,22742
2024/06/25,202412,22528,22766,22450,22764,31,22746
2024/06/25,202503,22622,22700,22490,22700,10,22752
2024/06/25,202506,22588,22788,22552,22788,13,22764
2024/06/26,202407,22806,23005,22744,22872,113347,22876
2024/06/26,202408,22792,22989,22740,22865,1262,22865
2024/06/26,202409,22788,22988,22777,22870,126,22870
2024/06/26,202412,22837,22980,22800,22850,20,22871
2024/06/26,202503,22978,22978,22817,22850,16,22877
2024/06/26,202506,22877,22989,22835,22835,7,22887
2024/06/27,202407,22614,22822,22555,22793,83796,22797
2024/06/27,202408,22602,22806,22547,22789,965,22789
2024/06/27,202409,22603,22815,22558,22800,89,22800
2024/06/27,202412,22580,22820,22580,22801,30,22801
2024/06/27,202503,22585,22805,22581,22799,8,22799
2024/06/27,202506,22584,22834,22583,22828,7,22812
2024/06/28,202407,22908,23117,22793,22983,103428,22980
2024/06/28,202408,22939,23100,22794,22975,1597,22970
2024/06/28,202409,22965,23088,22800,22988,188,22988
2024/06/28,202412,22953,23093,22846,22978,38,22989
2024/06/28,202503,22831,23093,22831,22978,11,22988
2024/06/28,202506,22968,23091,22968,23032,13,22989
2024/07/01,202407,22960,23166,22938,22991,83651,22993
2024/07/01,202408,22945,23162,22940,22995,1055,22994
2024/07/01,202409,22963,23173,22963,22992,83,23009
2024/07/01,202412,23067,23168,22988,23019,29,23019
2024/07/01,202503,23018,23018,23018,23018,1,23018
2024/07/01,202506,23153,23159,23091,23091,8,23027
2024/07/02,202407,22838,22993,22717,22831,104985,22835
2024/07/02,202408,22846,22995,22730,22837,937,22838
2024/07/02,202409,22848,23005,22768,22866,130,22866
2024/07/02,202412,22859,23027,22829,22887,13,22887
2024/07/02,202503,22859,22995,22826,22890,10,22890
2024/07/02,202506,22903,22933,22800,22906,9,22906
2024/07/03,202407,23073,23188,22981,23185,83985,23183
2024/07/03,202408,23070,23178,22986,23176,1028,23175
2024/07/03,202409,23106,23190,23017,23190,122,23190
2024/07/03,202412,23090,23200,23030,23200,32,23213
2024/07/03,202503,23038,23198,23038,23198,20,23223
2024/07/03,202506,23142,23220,23124,23220,45,23220
2024/07/04,202407,23487,23626,23461,23624,88198,23621
2024/07/04,202408,23482,23616,23453,23616,1346,23613
2024/07/04,202409,23469,23642,23469,23642,242,23642
2024/07/04,202412,23500,23655,23490,23655,32,23655
2024/07/04,202503,23500,23661,23500,23636,17,23659
2024/07/04,202506,23532,23667,23532,23642,47,23663
2024/07/05,202407,23659,23677,23526,23570,60596,23571
2024/07/05,202408,23625,23669,23527,23571,980,23568
2024/07/05,202409,23652,23692,23561,23603,69,23602
2024/07/05,202412,23705,23705,23590,23590,28,23621
2024/07/05,202503,23656,23656,23622,23622,8,23622
2024/07/05,202506,23670,23697,23614,23614,12,23635
2024/07/08,202407,23545,23994,23512,23913,107009,23909
2024/07/08,202408,23550,23981,23522,23905,1817,23903
2024/07/08,202409,23561,24005,23551,23933,167,23933
2024/07/08,202412,23596,24002,23580,23982,24,23959
2024/07/08,202503,23677,23895,23677,23895,8,23978
2024/07/08,202506,23630,24075,23630,24070,42,23981
2024/07/09,202407,23945,24092,23624,23878,130797,23881
2024/07/09,202408,23937,24089,23632,23881,2789,23881
2024/07/09,202409,23953,24103,23652,23871,337,23905
2024/07/09,202412,23987,24133,23740,23933,36,23946
2024/07/09,202503,24044,24044,23806,23928,40,23965
2024/07/09,202506,24000,24168,23830,24000,29,24000
2024/07/10,202407,23759,24014,23702,24000,106474,24002
2024/07/10,202408,23739,24003,23701,23994,2304,23992
2024/07/10,202409,23759,24025,23727,24017,183,24017
2024/07/10,202412,23847,24053,23847,24053,42,24053
2024/07/10,202503,23866,24070,23810,24070,8,24070
2024/07/10,202506,23919,24138,23848,24134,55,24134
2024/07/11,202407,24251,24405,24160,24367,93552,24371
2024/07/11,202408,24260,24399,24156,24366,3336,24365
2024/07/11,202409,24298,24407,24180,24366,182,24366
2024/07/11,202412,24273,24440,24213,24387,43,24416
2024/07/11,202503,24284,24435,24280,24435,12,24435
2024/07/11,202506,24326,24511,24313,24511,37,24485
2024/07/12,202407,24038,24070,23784,23808,115064,23814
2024/07/12,202408,24055,24066,23793,23813,14522,23817
2024/07/12,202409,24063,24090,23822,23841,292,23838
2024/07/12,202412,24106,24106,23872,23916,41,23882
2024/07/12,202503,24163,24163,23900,23931,52,23912
2024/07/12,202506,24000,24096,23970,23970,4,23970
2024/07/15,202407,24091,24112,23756,23853,128376,23851
2024/07/15,202408,24080,24107,23755,23853,34049,23854
2024/07/15,202409,24086,24124,23788,23869,398,23870
2024/07/15,202412,24107,24164,23840,23900,26,23922
2024/07/15,202503,24066,24066,23899,23960,12,23960
2024/07/15,202506,24000,24030,24000,24027,3,23995
2024/07/16,202407,23830,24182,23824,24002,129269,23994
2024/07/16,202408,23842,24172,23838,24000,35439,23996
2024/07/16,202409,23899,24189,23893,24016,277,24014
2024/07/16,202412,23925,24220,23925,24034,40,24073
2024/07/16,202503,23960,24284,23960,24091,27,24116
2024/07/16,202506,24001,24320,24001,24159,46,24159
2024/07/17,202407,23980,24000,23647,23679,82666,0
2024/07/17,202408,24009,24009,23692,23772,71906,23779
2024/07/17,202409,24058,24058,23747,23821,704,23821
2024/07/17,202412,24071,24071,23807,23861,63,23861
2024/07/17,202503,23999,24097,23840,23884,51,23909
2024/07/17,202506,24030,24030,23936,23969,9,23969
2024/07/18,202408,23294,23444,23154,23383,126201,23387
2024/07/18,202409,23296,23472,23191,23420,816,23420
2024/07/18,202410,23375,23470,23267,23470,21,23470
2024/07/18,202412,23453,23535,23258,23535,49,23491
2024/07/18,202503,23438,23560,23430,23542,35,23565
2024/07/18,202506,23499,23499,23466,23466,3,23625
2024/07/19,202408,23148,23185,22853,22909,126482,22907
2024/07/19,202409,23175,23215,22895,22943,1111,22943
2024/07/19,202410,23206,23226,22980,23015,46,23015
2024/07/19,202412,23220,23223,23000,23041,27,23041
2024/07/19,202503,23298,23298,23062,23137,41,23084
2024/07/19,202506,23293,23293,23246,23246,2,23178
2024/07/22,202408,22859,22906,22184,22379,177941,22374
2024/07/22,202409,22872,22929,22222,22432,1757,22405
2024/07/22,202410,22951,22951,22317,22484,110,22468
2024/07/22,202412,22965,22965,22364,22508,94,22493
2024/07/22,202503,22998,22998,22420,22540,26,22540
2024/07/22,202506,22793,22793,22540,22604,38,22604
2024/07/23,202408,22600,22871,22571,22830,95310,22835
2024/07/23,202409,22638,22892,22600,22861,1091,22862
2024/07/23,202410,22694,22941,22694,22941,22,22913
2024/07/23,202412,22825,22965,22818,22956,42,22934
2024/07/23,202503,22759,23026,22759,23026,8,22985
2024/07/23,202506,22993,23137,22993,23136,33,23071
2024/07/26,202408,22028,22156,21918,22095,121567,22096
2024/07/26,202409,22222,22222,21960,22131,1444,22131
2024/07/26,202410,22154,22243,22029,22189,114,22189
2024/07/26,202412,22244,22271,22073,22227,124,22227
2024/07/26,202503,22222,22304,22146,22287,26,22287
2024/07/26,202506,22300,22376,22300,22335,41,22335
2024/07/29,202408,22430,22519,22146,22261,99245,22256
2024/07/29,202409,22438,22539,22181,22288,915,22281
2024/07/29,202410,22551,22580,22295,22347,50,22347
2024/07/29,202412,22550,22611,22300,22351,44,22386
2024/07/29,202503,22651,22651,22390,22412,12,22445
2024/07/29,202506,22611,22611,22611,22611,1,22514
2024/07/30,202408,21933,22299,21809,22246,126029,22252
2024/07/30,202409,21955,22324,21848,22274,1155,22279
2024/07/30,202410,22050,22374,21926,22342,85,22342
2024/07/30,202412,22050,22398,21960,22347,58,22376
2024/07/30,202503,22207,22447,22045,22447,15,22447
2024/07/30,202506,,,,,0,22510
2024/07/31,202408,22050,22348,22013,22290,109982,22284
2024/07/31,202409,22050,22360,22041,22306,831,22305
2024/07/31,202410,22149,22411,22113,22335,59,22371
2024/07/31,202412,22220,22436,22140,22376,42,22412
2024/07/31,202503,22287,22507,22230,22409,25,22480
2024/07/31,202506,22560,22560,22496,22496,2,22541
2024/08/01,202408,22721,22728,22460,22653,102459,22660
2024/08/01,202409,22740,22740,22481,22672,1280,22677
2024/08/01,202410,22739,22780,22550,22690,57,22700
2024/08/01,202412,22803,22805,22557,22719,50,22735
2024/08/01,202503,22890,22892,22668,22724,27,22805
2024/08/01,202506,22810,22810,22802,22802,2,22854
2024/08/02,202408,22000,22099,21508,21533,139674,21526
2024/08/02,202409,22014,22120,21528,21552,1540,21539
2024/08/02,202410,21975,22128,21572,21572,184,21587
2024/08/02,202412,22142,22142,21689,21689,41,21629
2024/08/02,202503,22121,22125,21721,21721,22,21721
2024/08/02,202506,22194,22221,21738,21738,40,21738
2024/08/05,202408,20712,20742,19374,19374,211207,19374
2024/08/05,202409,20700,20728,19386,19386,3524,19386
2024/08/05,202410,20719,20732,19429,19429,328,19429
2024/08/05,202412,20799,20799,19467,19467,269,19467
2024/08/05,202503,20768,20768,19550,19550,221,19550
2024/08/05,202506,20721,20721,19565,19565,140,19565
2024/08/06,202408,20395,20790,19589,20420,190100,20455
2024/08/06,202409,20350,20750,19582,20400,2027,20409
2024/08/06,202410,20337,20736,19682,20475,193,20389
2024/08/06,202412,20337,20744,19660,20398,74,20397
2024/08/06,202503,20535,20648,20355,20380,11,20406
2024/08/06,202506,20677,20677,19998,20488,13,20441
2024/08/07,202408,20500,21335,20494,21131,155051,21142
2024/08/07,202409,20477,21305,20477,21114,2487,21133
2024/08/07,202410,20540,21300,20532,21120,153,21128
2024/08/07,202412,20617,21300,20521,21156,77,21116
2024/08/07,202503,20550,21300,20550,21300,14,21142
2024/08/07,202506,20654,21286,20616,21275,9,21159
2024/08/08,202408,20680,21082,20545,20696,121331,20698
2024/08/08,202409,20668,21055,20530,20664,1581,20675
2024/08/08,202410,20677,21028,20595,20800,53,20679
2024/08/08,202412,20729,21006,20560,20800,24,20676
2024/08/08,202503,20842,20889,20842,20889,3,20696
2024/08/08,202506,20756,20935,20756,20810,7,20721
2024/08/09,202408,21305,21593,21032,21481,136829,21483
2024/08/09,202409,21283,21550,21005,21426,3426,21428
2024/08/09,202410,21227,21534,21066,21431,166,21424
2024/08/09,202412,21229,21514,21132,21367,43,21428
2024/08/09,202503,21380,21469,21380,21412,4,21438
2024/08/09,202506,21246,21530,21217,21489,11,21447
2024/08/12,202408,21650,21895,21600,21677,89347,21676
2024/08/12,202409,21567,21843,21564,21631,1944,21636
2024/08/12,202410,21688,21809,21593,21610,94,21625
2024/08/12,202412,21686,21798,21581,21605,33,21620
2024/08/12,202503,21704,21744,21649,21700,9,21628
2024/08/12,202506,21610,21747,21610,21655,9,21628
2024/08/13,202408,21848,21898,21662,21769,68585,21771
2024/08/13,202409,21812,21858,21640,21734,1490,21735
2024/08/13,202410,21788,21823,21633,21729,82,21729
2024/08/13,202412,21828,21828,21675,21714,23,21714
2024/08/13,202503,21836,21836,21701,21710,7,21710
2024/08/13,202506,21722,21722,21722,21722,1,21722
2024/08/14,202408,22104,22158,21908,21978,85768,21996
2024/08/14,202409,22100,22106,21864,21938,3700,21950
2024/08/14,202410,22089,22099,21877,21955,63,21936
2024/08/14,202412,22003,22096,21881,21940,43,21940
2024/08/14,202503,21978,22062,21932,21932,7,21932
2024/08/14,202506,22000,22097,21890,21916,12,21916
2024/08/15,202408,21993,22114,21836,21840,71553,21840
2024/08/15,202409,21936,22060,21790,21791,2895,21794
2024/08/15,202410,21940,22033,21805,21805,73,21805
2024/08/15,202412,21947,22034,21811,21811,29,21785
2024/08/15,202503,22041,22041,21874,21960,4,21784
2024/08/15,202506,21869,21920,21850,21850,5,21782
2024/08/16,202408,22324,22447,22277,22367,83257,22365
2024/08/16,202409,22308,22405,22248,22333,12063,22332
2024/08/16,202410,22307,22369,22240,22330,124,22330
2024/08/16,202412,22276,22358,22250,22311,33,22311
2024/08/16,202503,22293,22320,22233,22297,16,22297
2024/08/16,202506,22295,22310,22261,22305,20,22305
2024/08/19,202408,22400,22521,22320,22361,103565,22361
2024/08/19,202409,22366,22478,22286,22320,34484,22320
2024/08/19,202410,22398,22458,22291,22298,103,22311
2024/08/19,202412,22325,22450,22320,22361,31,22308
2024/08/19,202503,22297,22420,22277,22399,8,22295
2024/08/19,202506,22300,22425,22300,22425,5,22292
2024/08/20,202408,22555,22574,22389,22436,84420,22435
2024/08/20,202409,22484,22521,22356,22403,33498,22403
2024/08/20,202410,22474,22492,22338,22386,91,22386
2024/08/20,202412,22480,22481,22350,22350,68,22380
2024/08/20,202503,22395,22409,22395,22409,7,22370
2024/08/20,202506,22437,22437,22360,22360,6,22360
2024/08/21,202408,22311,22344,22151,22200,47368,0
2024/08/21,202409,22282,22315,22165,22203,44448,22202
2024/08/21,202410,22274,22303,22161,22199,217,22199
2024/08/21,202412,22268,22280,22166,22206,43,22206
2024/08/21,202503,22200,22217,22190,22195,7,22195
2024/08/21,202506,22217,22217,22190,22190,2,22190
2024/08/22,202409,22229,22277,22026,22100,72407,22100
2024/08/22,202410,22218,22265,22037,22095,550,22095
2024/08/22,202411,22222,22222,22066,22090,28,22112
2024/08/22,202412,22200,22200,22041,22060,7,22097
2024/08/22,202503,,,,,0,22091
2024/08/22,202506,22054,22064,22019,22019,17,22067
2024/08/23,202409,21942,22170,21865,22129,67429,22123
2024/08/23,202410,21932,22155,21865,22104,391,22121
2024/08/23,202411,21991,22131,21958,22118,16,22118
2024/08/23,202412,21879,22136,21879,22102,15,22102
2024/08/23,202503,21915,21915,21915,21915,2,22108
2024/08/23,202506,22076,22135,22076,22135,5,22103
2024/08/26,202409,22230,22450,22131,22206,82518,22210
2024/08/26,202410,22250,22440,22133,22208,582,22205
2024/08/26,202411,22275,22420,22161,22198,31,22198
2024/08/26,202412,22241,22403,22158,22169,34,22188
2024/08/26,202503,22253,22380,22248,22380,11,22178
2024/08/26,202506,,,,,0,22174
2024/08/27,202409,22112,22210,21998,22146,64037,22152
2024/08/27,202410,22113,22205,22000,22143,361,22143
2024/08/27,202411,22067,22200,22035,22163,8,22163
2024/08/27,202412,22012,22182,21997,22140,30,22140
2024/08/27,202503,,,,,0,22124
2024/08/27,202506,22020,22020,21997,21997,2,22121
2024/08/28,202409,22181,22414,22048,22401,77112,22405
2024/08/28,202410,22166,22407,22050,22397,721,22402
2024/08/28,202411,22180,22395,22050,22395,34,22395
2024/08/28,202412,22121,22380,22040,22380,24,22380
2024/08/28,202503,22094,22098,22094,22098,2,22364
2024/08/28,202506,,,,,0,22357
2024/08/29,202409,21938,22245,21900,22176,80378,22167
2024/08/29,202410,21983,22240,21907,22172,632,22165
2024/08/29,202411,21947,22203,21947,22173,29,22173
2024/08/29,202412,21933,22175,21915,22175,27,22155
2024/08/29,202503,21980,22159,21980,22159,4,22159
2024/08/29,202506,21996,21996,21996,21996,1,22127
2024/08/30,202409,22320,22366,22213,22323,62747,22318
2024/08/30,202410,22287,22360,22214,22320,339,22316
2024/08/30,202411,22315,22342,22235,22316,33,22316
2024/08/30,202412,22272,22328,22227,22281,24,22302
2024/08/30,202503,22248,22248,22191,22191,2,22288
2024/08/30,202506,22187,22231,22187,22231,2,22284
2024/09/02,202409,22318,22448,22172,22227,72350,22212
2024/09/02,202410,22319,22445,22180,22210,537,22209
2024/09/02,202411,22340,22430,22188,22230,41,22230
2024/09/02,202412,22309,22400,22202,22202,16,22217
2024/09/02,202503,22370,22400,22370,22400,5,22197
2024/09/02,202506,22368,22368,22368,22368,2,22191
2024/09/03,202409,22205,22314,22000,22070,72699,22051
2024/09/03,202410,22208,22314,22013,22079,690,22053
2024/09/03,202411,22206,22320,22042,22059,37,22058
2024/09/03,202412,22270,22270,22022,22022,9,22031
2024/09/03,202503,22189,22270,22006,22006,17,22013
2024/09/03,202506,22204,22204,22040,22040,21,22040
2024/09/04,202409,21246,21347,20828,20947,139676,20940
2024/09/04,202410,21273,21350,20855,20949,944,20948
2024/09/04,202411,21284,21345,20900,21018,97,20964
2024/09/04,202412,21273,21359,20869,20963,128,20963
2024/09/04,202503,21302,21302,20972,20982,22,20936
2024/09/04,202506,21100,21163,20850,21053,19,20949
2024/09/05,202409,21310,21454,21056,21183,85120,21183
2024/09/05,202410,21310,21455,21070,21195,1213,21190
2024/09/05,202411,21330,21458,21120,21200,39,21200
2024/09/05,202412,21311,21398,21100,21141,64,21189
2024/09/05,202503,,,,,0,21190
2024/09/05,202506,21395,21443,21107,21107,23,21190
2024/09/06,202409,21211,21435,21013,21319,92055,21316
2024/09/06,202410,21237,21430,21028,21314,1184,21313
2024/09/06,202411,21219,21430,21038,21361,39,21324
2024/09/06,202412,21172,21409,21035,21388,31,21314
2024/09/06,202503,21206,21280,21068,21280,8,21312
2024/09/06,202506,21231,21340,21231,21340,3,21317
2024/09/09,202409,20734,21125,20616,21073,95274,21083
2024/09/09,202410,20700,21123,20637,21071,1226,21079
2024/09/09,202411,20700,21128,20686,21086,122,21086
2024/09/09,202412,20770,21120,20674,21110,52,21075
2024/09/09,202503,20772,21105,20698,21105,8,21073
2024/09/09,202506,20782,21090,20691,21090,13,21074
2024/09/10,202409,21233,21281,20905,21000,96570,21005
2024/09/10,202410,21237,21257,20919,20998,2127,21001
2024/09/10,202411,21278,21278,20939,21105,61,21011
2024/09/10,202412,21271,21271,20920,20990,26,21000
2024/09/10,202503,21244,21244,21130,21130,7,21002
2024/09/10,202506,21089,21123,20926,21105,11,20999
2024/09/11,202409,21100,21130,20950,21005,74321,21006
2024/09/11,202410,21120,21128,20951,21012,1841,21009
2024/09/11,202411,21095,21136,20970,20988,61,21015
2024/09/11,202412,21096,21116,20970,21004,31,21004
2024/09/11,202503,,,,,0,21007
2024/09/11,202506,21077,21112,20973,20973,5,21003
2024/09/12,202409,21597,21780,21461,21711,91690,21703
2024/09/12,202410,21587,21780,21466,21721,8943,21711
2024/09/12,202411,21587,21755,21493,21701,88,21723
2024/09/12,202412,21529,21738,21493,21689,57,21711
2024/09/12,202503,21579,21700,21455,21698,23,21698
2024/09/12,202506,21598,21720,21486,21644,9,21705
2024/09/13,202409,21800,21833,21657,21820,74408,21815
2024/09/13,202410,21771,21843,21671,21829,23531,21827
2024/09/13,202411,21780,21801,21697,21801,37,21838
2024/09/13,202412,21785,21803,21676,21803,39,21828
2024/09/13,202503,21698,,,21698,2,21829
2024/09/13,202506,21728,21777,21728,21777,3,21829
2024/09/16,202409,21807,21871,21735,21813,72650,21815
2024/09/16,202410,21839,21886,21750,21828,36944,21834
2024/09/16,202411,21855,21877,21770,21838,54,21841
2024/09/16,202412,21808,21876,21776,21851,67,21825
2024/09/16,202503,21843,21878,21783,21878,5,21832
2024/09/16,202506,21840,21854,21800,21854,5,21831
2024/09/18,202409,21730,21872,21560,21619,46802,0
2024/09/18,202410,21761,21881,21625,21692,42700,21694
2024/09/18,202411,21761,21886,21644,21711,134,21711
2024/09/18,202412,21773,21855,21652,21696,94,21697
2024/09/18,202503,21790,21856,21713,21713,5,21713
2024/09/18,202506,21831,,,21831,5,21693
2024/09/19,202410,21763,22082,21661,22074,82818,22075
2024/09/19,202411,21759,22089,21674,22082,568,22082
2024/09/19,202412,21766,22080,21686,22079,115,22078
2024/09/19,202503,21735,22050,21735,22050,16,22072
2024/09/19,202506,21777,22069,21777,22069,4,22069
2024/09/19,202509,21469,21851,21377,21851,25,21851
2024/09/20,202410,22345,22425,22186,22220,69559,22216
2024/09/20,202411,22359,22430,22198,22225,333,22225
2024/09/20,202412,22360,22420,22202,22202,65,22224
2024/09/20,202503,22356,22384,22213,22213,3,22213
2024/09/20,202506,22384,22384,22216,22216,21,22229
2024/09/20,202509,22156,22247,21985,21985,16,21985
2024/09/23,202410,22291,22392,22258,22338,52925,22338
2024/09/23,202411,22294,22400,22271,22356,287,22351
2024/09/23,202412,22331,22377,22285,22360,47,22360
2024/09/23,202503,22300,22323,22300,22320,3,22353
2024/09/23,202506,22320,22366,22283,22329,13,22359
2024/09/23,202509,22102,22141,22058,22104,14,22104
2024/09/24,202410,22298,22508,22152,22491,77440,22493
2024/09/24,202411,22316,22524,22179,22509,566,22508
2024/09/24,202412,22287,22519,22188,22515,63,22505
2024/09/24,202503,22285,22458,22193,22458,28,22504
2024/09/24,202506,22315,22340,22260,22340,29,22506
2024/09/24,202509,22236,22236,22236,22236,27,22286
2024/09/25,202410,22835,22860,22739,22792,63897,22792
2024/09/25,202411,22850,22875,22759,22814,323,22814
2024/09/25,202412,22834,22867,22766,22811,63,22813
2024/09/25,202503,22780,22818,22765,22818,6,22818
2024/09/25,202506,22799,22851,22769,22851,8,22809
2024/09/25,202509,22588,22588,22588,22588,1,22614
2024/09/26,202410,23034,23078,22892,22957,65948,22957
2024/09/26,202411,23019,23100,22918,22987,559,22987
2024/09/26,202412,23018,23100,22924,22964,41,22982
2024/09/26,202503,23035,23035,23035,23035,1,22984
2024/09/26,202506,23050,23056,23043,23056,4,22988
2024/09/26,202509,22856,22856,22850,22850,3,22784
2024/09/27,202410,23190,23195,22878,22884,75657,22892
2024/09/27,202411,23206,23209,22905,22920,539,22920
2024/09/27,202412,23212,23212,22903,22914,57,22914
2024/09/27,202503,23156,23194,22913,22913,23,22913
2024/09/27,202506,23161,23161,23011,23011,3,22911
2024/09/27,202509,22892,22900,22840,22840,3,22704
2024/09/30,202410,22699,22755,22316,22326,87164,22326
2024/09/30,202411,22690,22771,22338,22353,996,22353
2024/09/30,202412,22693,22767,22348,22360,228,22360
2024/09/30,202503,22760,22780,22428,22428,13,22359
2024/09/30,202506,22700,22700,22399,22399,4,22369
2024/09/30,202509,22563,22563,22200,22200,4,22162
2024/10/01,202410,22246,22463,22228,22391,57504,22391
2024/10/01,202411,22257,22478,22256,22404,465,22404
2024/10/01,202412,22268,22452,22268,22418,112,22418
2024/10/01,202503,22383,22472,22383,22398,6,22428
2024/10/01,202506,22397,22398,22397,22398,2,22439
2024/10/01,202509,22234,22234,22234,22234,1,22234
2024/10/04,202410,22331,22507,22250,22284,83107,22288
2024/10/04,202411,22347,22527,22278,22305,985,22306
2024/10/04,202412,22364,22531,22304,22350,133,22320
2024/10/04,202503,22375,22528,22293,22293,10,22325
2024/10/04,202506,22382,22516,22324,22435,8,22335
2024/10/04,202509,22230,22230,22230,22230,1,22121
2024/10/07,202410,22570,22808,22539,22779,76667,22767
2024/10/07,202411,22591,22820,22570,22799,1033,22798
2024/10/07,202412,22623,22837,22588,22804,83,22804
2024/10/07,202503,22700,22823,22668,22823,12,22823
2024/10/07,202506,22617,22655,22607,22655,4,22826
2024/10/07,202509,,,,,0,22626
2024/10/08,202410,22606,22634,22392,22575,73369,22578
2024/10/08,202411,22631,22660,22430,22618,1468,22618
2024/10/08,202412,22640,22646,22460,22628,63,22628
2024/10/08,202503,22550,22668,22483,22668,13,22647
2024/10/08,202506,22570,22701,22490,22701,8,22649
2024/10/08,202509,22340,22508,22340,22508,13,22452
2024/10/09,202410,22770,22888,22666,22702,66303,22699
2024/10/09,202411,22811,22913,22700,22735,1394,22735
2024/10/09,202412,22808,22923,22723,22737,51,22748
2024/10/09,202503,22900,22900,22744,22744,9,22769
2024/10/09,202506,22908,22915,22786,22786,8,22767
2024/10/09,202509,22676,22717,22676,22717,4,22573
2024/10/11,202410,22829,23047,22794,22912,69251,22911
2024/10/11,202411,22875,23092,22835,22962,7659,22959
2024/10/11,202412,22872,23098,22860,22974,135,22974
2024/10/11,202503,22900,23090,22900,22970,18,22991
2024/10/11,202506,23069,23096,23069,23078,10,22997
2024/10/11,202509,22876,22903,22869,22885,13,22803
2024/10/14,202410,22987,23049,22818,23008,85874,23005
2024/10/14,202411,23031,23110,22876,23073,35275,23063
2024/10/14,202412,23067,23118,22898,23071,82,23087
2024/10/14,202503,23061,23085,22925,23085,30,23085
2024/10/14,202506,23096,23129,23061,23115,13,23115
2024/10/14,202509,22916,22916,22916,22916,1,22916
2024/10/15,202410,23168,23386,23101,23225,79192,23228
2024/10/15,202411,23225,23441,23165,23285,31828,23288
2024/10/15,202412,23235,23439,23200,23300,295,23301
2024/10/15,202503,23410,23435,23380,23380,7,23309
2024/10/15,202506,23255,23486,23255,23460,44,23339
2024/10/15,202509,23239,23261,23200,23200,3,23147
2024/10/16,202410,22897,23203,22855,22986,47339,0
2024/10/16,202411,22952,23260,22921,23063,49987,23061
2024/10/16,202412,22963,23269,22951,23082,435,23082
2024/10/16,202503,23011,23286,22988,23109,6,23109
2024/10/16,202506,22995,23322,22995,23154,42,23154
2024/10/16,202509,22814,22981,22814,22981,8,22981
2024/10/17,202411,23142,23277,23005,23256,75826,23256
2024/10/17,202412,23161,23296,23030,23282,523,23281
2024/10/17,202501,23194,23299,23081,23275,51,23295
2024/10/17,202503,23185,23321,23093,23321,34,23310
2024/10/17,202506,23231,23303,23231,23303,3,23338
2024/10/17,202509,22995,23152,22960,23152,6,23152
2024/10/18,202411,23820,23840,23527,23657,90326,23657
2024/10/18,202412,23831,23855,23552,23678,702,23677
2024/10/18,202501,23851,23851,23600,23700,74,23700
2024/10/18,202503,23879,23879,23589,23693,103,23720
2024/10/18,202506,23879,23881,23634,23634,6,23737
2024/10/18,202509,,,,,0,23552
2024/10/21,202411,23810,23836,23566,23567,53481,23574
2024/10/21,202412,23850,23850,23590,23590,540,23591
2024/10/21,202501,23850,23850,23650,23650,41,23621
2024/10/21,202503,23848,23848,23640,23640,6,23640
2024/10/21,202506,23829,23829,23687,23689,5,23660
2024/10/21,202509,,,,,0,23485
2024/10/22,202411,23560,23637,23332,23633,70377,23621
2024/10/22,202412,23591,23658,23376,23655,479,23643
2024/10/22,202501,23611,23669,23400,23662,49,23682
2024/10/22,202503,23631,23655,23480,23655,28,23714
2024/10/22,202506,23715,23715,23715,23715,1,23715
2024/10/22,202509,23385,23433,23385,23397,4,23557
2024/10/23,202411,23498,23511,23336,23406,65409,23409
2024/10/23,202412,23529,23529,23363,23429,578,23432
2024/10/23,202501,23528,23555,23408,23439,73,23465
2024/10/23,202503,23548,23581,23449,23449,4,23501
2024/10/23,202506,23534,23536,23495,23512,8,23512
2024/10/23,202509,23357,23359,23283,23283,8,23331
2024/10/24,202411,23383,23449,23203,23304,73038,23290
2024/10/24,202412,23400,23471,23227,23325,692,23311
2024/10/24,202501,23356,23500,23285,23330,33,23356
2024/10/24,202503,23493,23493,23345,23345,8,23387
2024/10/24,202506,23502,23530,23360,23425,23,23425
2024/10/24,202509,,,,,0,23234
2024/10/25,202411,23270,23487,23252,23481,57307,23476
2024/10/25,202412,23296,23500,23278,23500,569,23495
2024/10/25,202501,23337,23487,23321,23477,24,23530
2024/10/25,202503,23470,23478,23468,23478,9,23568
2024/10/25,202506,23503,23503,23503,23503,3,23598
2024/10/25,202509,,,,,0,23405
2024/10/28,202411,23650,23657,23216,23326,84796,23322
2024/10/28,202412,23676,23677,23244,23346,617,23345
2024/10/28,202501,23679,23683,23335,23379,71,23379
2024/10/28,202503,23602,23602,23377,23402,27,23402
2024/10/28,202506,23496,23496,23481,23481,2,23442
2024/10/28,202509,23166,23166,23166,23166,1,23255
2024/10/29,202411,23137,23148,22693,22976,107580,22979
2024/10/29,202412,23168,23169,22718,22994,2076,22994
2024/10/29,202501,23200,23200,22756,23050,100,23026
2024/10/29,202503,23161,23161,22800,22934,40,23059
2024/10/29,202506,23179,23179,22906,23100,8,23100
2024/10/29,202509,23000,23000,22785,22785,4,22924
2024/10/30,202411,23072,23145,22845,22904,63255,22901
2024/10/30,202412,23086,23164,22866,22919,1252,22919
2024/10/30,202501,23125,23172,22920,22957,33,22957
2024/10/30,202503,,,,,0,22989
2024/10/30,202506,23177,23177,23056,23056,3,23033
2024/10/30,202509,23000,23052,23000,23000,3,22854
2024/11/01,202411,22397,22822,22232,22753,87411,22767
2024/11/01,202412,22437,22833,22250,22800,944,22801
2024/11/01,202501,22466,22861,22293,22820,42,22799
2024/11/01,202503,22417,22872,22336,22834,24,22834
2024/11/01,202506,22403,22943,22388,22885,8,22885
2024/11/01,202509,22214,22254,22214,22254,4,22709
2024/11/04,202411,22767,23046,22700,23041,65879,23036
2024/11/04,202412,22801,23044,22716,23039,769,23036
2024/11/04,202501,22833,23046,22804,23019,36,23073
2024/11/04,202503,23002,23086,23002,23086,2,23086
2024/11/04,202506,22949,22956,22949,22956,2,23146
2024/11/04,202509,22721,22724,22721,22724,2,22963
2024/11/05,202411,22808,23239,22782,23135,73010,23137
2024/11/05,202412,22838,23243,22790,23142,672,23148
2024/11/05,202501,22835,23275,22831,23168,48,23168
2024/11/05,202503,23152,23250,23049,23149,4,23207
2024/11/05,202506,23117,23117,23100,23100,2,23248
2024/11/05,202509,23052,23052,23052,23052,1,23052
2024/11/06,202411,23250,23448,23051,23324,102643,23319
2024/11/06,202412,23271,23455,23065,23336,1131,23331
2024/11/06,202501,23271,23482,23099,23366,65,23364
2024/11/06,202503,23214,23501,23154,23380,36,23401
2024/11/06,202506,23340,23520,23191,23492,6,23435
2024/11/06,202509,23112,23334,23112,23307,3,23250
2024/11/07,202411,23183,23576,23085,23532,78519,23525
2024/11/07,202412,23212,23586,23107,23545,946,23540
2024/11/07,202501,23208,23608,23144,23540,102,23577
2024/11/07,202503,23292,23635,23292,23610,15,23610
2024/11/07,202506,23561,23678,23561,23655,3,23655
2024/11/07,202509,23158,23438,23158,23431,5,23434
2024/11/08,202411,23772,23794,23528,23781,71139,23774
2024/11/08,202412,23790,23805,23546,23790,1089,23785
2024/11/08,202501,23804,23826,23588,23820,106,23820
2024/11/08,202503,23755,23852,23639,23852,40,23852
2024/11/08,202506,23700,23762,23700,23762,2,23890
2024/11/08,202509,23580,23580,23580,23580,1,23688
2024/11/11,202411,23555,23632,23309,23573,71558,23572
2024/11/11,202412,23577,23646,23333,23587,1139,23587
2024/11/11,202501,23596,23682,23368,23618,114,23618
2024/11/11,202503,23546,23644,23464,23644,15,23658
2024/11/11,202506,23548,23549,23477,23477,5,23693
2024/11/11,202509,23379,23500,23280,23500,6,23500
2024/11/12,202411,23013,23242,22863,22869,84421,22875
2024/11/12,202412,23048,23258,22885,22892,1370,22898
2024/11/12,202501,23097,23273,22921,22921,175,22921
2024/11/12,202503,23185,23306,22980,22980,15,22980
2024/11/12,202506,23226,23227,23007,23007,24,23007
2024/11/12,202509,22953,23100,22880,22880,6,22815
2024/11/13,202411,22755,23015,22730,22783,73177,22786
2024/11/13,202412,22765,23029,22755,22802,1381,22806
2024/11/13,202501,22813,23050,22788,22830,75,22830
2024/11/13,202503,22885,23018,22885,22918,5,22867
2024/11/13,202506,23049,23049,22919,22919,2,22897
2024/11/13,202509,,,,,0,22719
2024/11/14,202411,22786,22880,22576,22684,86815,22692
2024/11/14,202412,22806,22890,22604,22704,2687,22711
2024/11/14,202501,22880,22903,22643,22731,108,22731
2024/11/14,202503,22906,22906,22673,22789,23,22789
2024/11/14,202506,22767,22846,22730,22846,20,22813
2024/11/14,202509,22600,22634,22600,22634,3,22634
2024/11/15,202411,22710,22930,22684,22759,71504,22762
2024/11/15,202412,22739,22956,22710,22787,5788,22792
2024/11/15,202501,22753,22968,22753,22816,63,22816
2024/11/15,202503,22916,22966,22906,22906,16,22850
2024/11/15,202506,23041,23041,22930,23004,4,22890
2024/11/15,202509,22766,22766,22766,22766,1,22718
2024/11/18,202411,22654,22789,22544,22574,93348,22573
2024/11/18,202412,22678,22816,22577,22611,32506,22608
2024/11/18,202501,22708,22808,22620,22657,69,22645
2024/11/18,202503,22880,22880,22661,22672,7,22683
2024/11/18,202506,22730,22777,22719,22737,8,22737
2024/11/18,202509,22611,22611,22609,22610,3,22554
2024/11/19,202411,22641,22995,22592,22850,90975,22848
2024/11/19,202412,22666,23032,22631,22894,36205,22895
2024/11/19,202501,22710,23045,22666,22910,147,22919
2024/11/19,202503,22766,23086,22715,22947,33,22947
2024/11/19,202506,22848,23081,22829,23035,49,22995
2024/11/19,202509,,,,,0,22829
2024/11/20,202411,22906,22956,22668,22686,40197,0
2024/11/20,202412,22947,22999,22755,22773,40878,22779
2024/11/20,202501,22998,23030,22798,22828,155,22828
2024/11/20,202503,22984,22984,22872,22880,5,22880
2024/11/20,202506,23085,23085,22900,22900,12,22912
2024/11/20,202509,22919,22919,22750,22750,2,22750
2024/11/21,202412,22647,22733,22514,22573,74026,22575
2024/11/21,202501,22689,22763,22555,22607,405,22607
2024/11/21,202502,22700,22787,22640,22640,11,22640
2024/11/21,202503,22736,22736,22650,22650,17,22650
2024/11/21,202506,22816,22820,22720,22720,10,22720
2024/11/21,202509,22587,22700,22587,22700,3,22558
2024/11/22,202412,22811,23066,22780,23038,71376,23032
2024/11/22,202501,22829,23088,22818,23062,561,23061
2024/11/22,202502,22905,23100,22905,23064,18,23092
2024/11/22,202503,23023,23120,23006,23073,15,23105
2024/11/22,202506,23124,23150,23100,23100,17,23162
2024/11/22,202509,22964,22983,22934,22959,15,22998
2024/11/25,202412,23254,23287,23014,23066,61805,23062
2024/11/25,202501,23276,23300,23047,23092,503,23092
2024/11/25,202502,23319,23319,23102,23102,14,23126
2024/11/25,202503,23290,23290,23201,23201,20,23140
2024/11/25,202506,23360,23380,23180,23180,14,23199
2024/11/25,202509,23054,23054,23051,23051,3,23051
2024/11/26,202412,22710,22845,22615,22636,68259,22634
2024/11/26,202501,22755,22875,22652,22671,611,22666
2024/11/26,202502,22800,22842,22700,22710,15,22710
2024/11/26,202503,22817,22871,22782,22782,11,22720
2024/11/26,202506,22898,22898,22898,22898,1,22785
2024/11/26,202509,22730,22735,22655,22707,6,22636
2024/11/27,202412,22600,22690,22341,22347,67320,22352
2024/11/27,202501,22641,22720,22380,22380,685,22386
2024/11/27,202502,22729,22729,22430,22441,29,22418
2024/11/27,202503,22650,22650,22432,22432,15,22436
2024/11/27,202506,22707,22707,22504,22504,7,22504
2024/11/27,202509,22678,22678,22483,22483,7,22345
2024/11/28,202412,22302,22385,22117,22337,75167,22330
2024/11/28,202501,22322,22412,22157,22363,559,22362
2024/11/28,202502,22380,22433,22265,22353,25,22402
2024/11/28,202503,22410,22430,22220,22400,32,22416
2024/11/28,202506,22498,22498,22328,22415,33,22488
2024/11/28,202509,22340,22340,22280,22315,10,22315
2024/11/29,202412,22210,22438,22004,22313,84632,22307
2024/11/29,202501,22250,22464,22039,22337,657,22337
2024/11/29,202502,22268,22462,22084,22369,38,22369
2024/11/29,202503,22200,22466,22130,22406,14,22390
2024/11/29,202506,22188,22576,22188,22500,10,22459
2024/11/29,202509,22124,22376,22124,22366,17,22292
2024/12/02,202412,22530,22828,22498,22827,61921,22822
2024/12/02,202501,22571,22852,22530,22852,500,22849
2024/12/02,202502,22566,22872,22566,22864,42,22885
2024/12/02,202503,22649,22871,22639,22871,17,22899
2024/12/02,202506,22680,22971,22680,22971,13,22971
2024/12/02,202509,22575,22804,22575,22804,9,22804
2024/12/03,202412,23152,23191,22999,23112,64384,23111
2024/12/03,202501,23188,23200,23030,23142,761,23141
2024/12/03,202502,23212,23233,23070,23170,44,23170
2024/12/03,202503,23168,23172,23144,23170,9,23191
2024/12/03,202506,23194,23266,23166,23166,13,23254
2024/12/03,202509,23027,23121,23010,23121,14,23083
2024/12/04,202412,23200,23296,23071,23294,52064,23286
2024/12/04,202501,23175,23322,23108,23322,629,23320
2024/12/04,202502,23235,23362,23140,23354,66,23354
2024/12/04,202503,23279,23297,23279,23297,2,23377
2024/12/04,202506,23314,23431,23314,23431,11,23431
2024/12/04,202509,23196,23218,23196,23218,4,23270
2024/12/05,202412,23260,23328,23211,23251,45283,23252
2024/12/05,202501,23313,23360,23246,23294,608,23292
2024/12/05,202502,23352,23391,23288,23341,35,23325
2024/12/05,202503,23366,23388,23366,23366,3,23339
2024/12/05,202506,23400,23450,23400,23449,4,23404
2024/12/05,202509,23269,23287,23269,23287,2,23236
2024/12/06,202412,23321,23360,23134,23179,60688,23180
2024/12/06,202501,23340,23395,23172,23221,729,23218
2024/12/06,202502,23409,23409,23219,23301,53,23254
2024/12/06,202503,23389,23389,23300,23300,9,23265
2024/12/06,202506,23450,23450,23345,23400,13,23336
2024/12/06,202509,23250,23292,23176,23176,8,23176
2024/12/09,202412,23193,23287,23170,23249,47014,23250
2024/12/09,202501,23250,23314,23216,23296,875,23295
2024/12/09,202502,23287,23350,23278,23333,19,23333
2024/12/09,202503,23341,23349,23289,23289,4,23351
2024/12/09,202506,23387,23406,23387,23404,3,23418
2024/12/09,202509,23238,23260,23238,23258,7,23258
2024/12/10,202412,23228,23337,23026,23090,70540,23078
2024/12/10,202501,23259,23370,23084,23128,1546,23126
2024/12/10,202502,23334,23334,23140,23152,51,23186
2024/12/10,202503,23385,23385,23148,23191,17,23191
2024/12/10,202506,23481,23482,23238,23238,14,23274
2024/12/10,202509,23272,23320,23155,23155,7,23115
2024/12/11,202412,22887,23055,22824,22848,60252,22847
2024/12/11,202501,22926,23100,22874,22899,1602,22898
2024/12/11,202502,23021,23155,22942,22960,50,22960
2024/12/11,202503,23036,23159,22954,22992,19,22971
2024/12/11,202506,23115,23236,23022,23043,18,23043
2024/12/11,202509,22944,22984,22874,22874,9,22874
2024/12/12,202412,23004,23211,23003,23107,59344,23107
2024/12/12,202501,23050,23261,23050,23160,2658,23158
2024/12/12,202502,23119,23300,23119,23216,55,23216
2024/12/12,202503,23200,23287,23200,23236,18,23236
2024/12/12,202506,23290,23395,23290,23320,13,23320
2024/12/12,202509,23174,23250,23174,23186,12,23159
2024/12/13,202412,22996,23092,22888,22986,64309,22984
2024/12/13,202501,23050,23133,22941,23034,7298,23030
2024/12/13,202502,23093,23177,23015,23094,59,23094
2024/12/13,202503,23150,23184,23100,23120,38,23108
2024/12/13,202506,23200,23276,23160,23244,14,23185
2024/12/13,202509,23100,23100,23100,23100,1,23028
2024/12/16,202412,23220,23270,22946,22961,95042,22966
2024/12/16,202501,23263,23313,22994,23007,35263,23014
2024/12/16,202502,23299,23349,23065,23110,49,23057
2024/12/16,202503,23368,23368,23108,23108,19,23079
2024/12/16,202506,23438,23438,23180,23180,16,23158
2024/12/16,202509,23288,23288,23040,23040,10,23014
2024/12/17,202412,23105,23215,23024,23031,77090,23030
2024/12/17,202501,23175,23260,23082,23095,33806,23096
2024/12/17,202502,23181,23302,23132,23138,102,23138
2024/12/17,202503,23257,23314,23153,23154,29,23154
2024/12/17,202506,23290,23382,23235,23235,21,23235
2024/12/17,202509,23128,23132,23104,23104,3,23104
2024/12/18,202412,22937,23200,22902,23105,44222,0
2024/12/18,202501,23002,23249,22972,23183,43700,23179
2024/12/18,202502,23063,23290,23020,23221,151,23221
2024/12/18,202503,23104,23282,23054,23240,89,23240
2024/12/18,202506,23165,23353,23165,23297,22,23315
2024/12/18,202509,22996,23196,22996,23196,7,23196
2024/12/19,202501,22747,22906,22718,22849,72523,22852
2024/12/19,202502,22774,22944,22769,22886,574,22889
2024/12/19,202503,22800,22951,22794,22930,72,22915
2024/12/19,202506,22896,23036,22880,22978,66,22999
2024/12/19,202509,22774,22878,22768,22833,42,22845
2024/12/19,202512,22864,22955,22852,22888,17,22909
2024/12/20,202501,22767,22793,22590,22635,75535,22631
2024/12/20,202502,22808,22832,22640,22682,609,22679
2024/12/20,202503,22787,22858,22679,22716,65,22716
2024/12/20,202506,22920,22936,22760,22864,28,22792
2024/12/20,202509,22751,22751,22474,22720,70,22622
2024/12/20,202512,22827,22827,22700,22700,7,22700
2024/12/23,202501,22904,23245,22899,23242,67589,23233
2024/12/23,202502,22941,23281,22941,23280,611,23272
2024/12/23,202503,22978,23305,22978,23305,90,23292
2024/12/23,202506,23100,23346,23100,23346,42,23383
2024/12/23,202509,22988,23192,22988,23192,13,23192
2024/12/23,202512,22987,23280,22987,23280,2,23304
2024/12/24,202501,23430,23459,23187,23216,47581,23201
2024/12/24,202502,23481,23500,23244,23260,508,23255
2024/12/24,202503,23500,23512,23278,23288,61,23288
2024/12/24,202506,23588,23588,23355,23355,16,23369
2024/12/24,202509,23287,23293,23287,23293,2,23192
2024/12/24,202512,23304,23304,23304,23304,1,23304
2024/12/25,202501,23340,23349,23240,23329,32836,23326
2024/12/25,202502,23397,23397,23300,23375,223,23375
2024/12/25,202503,23401,23412,23332,23409,30,23409
2024/12/25,202506,23463,23486,23409,23483,14,23483
2024/12/25,202509,,,,,0,23314
2024/12/25,202512,23370,23370,23370,23370,1,23415
2024/12/26,202501,23358,23380,23285,23326,27231,23326
2024/12/26,202502,23411,23430,23345,23380,198,23378
2024/12/26,202503,23431,23438,23378,23378,39,23414
2024/12/26,202506,23497,23497,23459,23459,10,23495
2024/12/26,202509,23330,23335,23309,23314,8,23314
2024/12/26,202512,,,,,0,23415
2024/12/27,202501,23194,23378,23148,23372,43009,23372
2024/12/27,202502,23259,23430,23217,23428,354,23429
2024/12/27,202503,23291,23460,23250,23460,51,23460
2024/12/27,202506,23347,23542,23347,23536,19,23536
2024/12/27,202509,23350,23365,23339,23341,8,23377
2024/12/27,202512,,,,,0,23478
2024/12/30,202501,23202,23324,23154,23177,37022,23171
2024/12/30,202502,23262,23376,23217,23228,317,23226
2024/12/30,202503,23301,23405,23265,23272,38,23272
2024/12/30,202506,23488,23488,23352,23352,4,23352
2024/12/30,202509,,,,,0,23194
2024/12/30,202512,,,,,0,23296
2024/12/31,202501,22998,23110,22955,23041,48455,23044
2024/12/31,202502,23060,23168,23023,23107,580,23107
2024/12/31,202503,23103,23201,23078,23145,53,23145
2024/12/31,202506,23170,23294,23163,23294,22,23240
2024/12/31,202509,23030,23099,23030,23089,42,23065
2024/12/31,202512,23196,23196,23192,23192,24,23166
2025/01/02,202501,22935,22995,22689,22842,78968,22843
2025/01/02,202502,23003,23060,22763,22906,1137,22910
2025/01/02,202503,23042,23089,22810,22950,211,22950
2025/01/02,202506,23134,23166,22938,23080,28,23057
2025/01/02,202509,23022,23022,22800,22817,58,22887
2025/01/02,202512,22972,22972,22866,22866,54,22992
2025/01/03,202501,22935,23108,22905,22977,62488,22977
2025/01/03,202502,22980,23161,22976,23045,877,23045
2025/01/03,202503,23080,23180,23025,23051,176,23075
2025/01/03,202506,23253,23289,23150,23250,27,23176
2025/01/03,202509,23012,23123,23012,23123,16,23001
2025/01/03,202512,23198,23198,23042,23042,10,23096
2025/01/06,202501,23222,23620,23218,23609,71554,23606
2025/01/06,202502,23289,23677,23280,23670,1380,23666
2025/01/06,202503,23380,23699,23380,23670,241,23692
2025/01/06,202506,23450,23780,23450,23780,60,23780
2025/01/06,202509,23407,23590,23407,23590,10,23613
2025/01/06,202512,23383,23700,23383,23700,6,23700
2025/01/07,202501,23965,23990,23723,23752,60282,23742
2025/01/07,202502,24037,24042,23785,23814,1103,23807
2025/01/07,202503,24079,24079,23830,23830,58,23846
2025/01/07,202506,24110,24110,24011,24011,20,23938
2025/01/07,202509,23889,23889,23806,23806,4,23773
2025/01/07,202512,24048,24048,23895,23895,5,23870
2025/01/08,202501,23549,23649,23439,23450,57685,23449
2025/01/08,202502,23609,23713,23509,23516,1581,23516
2025/01/08,202503,23723,23725,23545,23547,87,23547
2025/01/08,202506,23778,23808,23687,23687,13,23649
2025/01/08,202509,23512,23512,23512,23512,3,23488
2025/01/08,202512,23693,23707,23616,23616,3,23588
2025/01/09,202501,23258,23410,23083,23105,61445,23099
2025/01/09,202502,23338,23479,23159,23170,3470,23174
2025/01/09,202503,23433,23500,23208,23212,123,23212
2025/01/09,202506,23520,23582,23320,23320,54,23320
2025/01/09,202509,23359,23420,23129,23129,40,23144
2025/01/09,202512,23513,23513,23234,23244,14,23244
2025/01/10,202501,23083,23141,22955,23049,66921,23058
2025/01/10,202502,23169,23213,23032,23124,6618,23142
2025/01/10,202503,23195,23254,23079,23193,118,23165
2025/01/10,202506,23276,23335,23200,23276,16,23266
2025/01/10,202509,23128,23129,22996,23106,49,23079
2025/01/10,202512,23222,23222,23138,23220,51,23169
2025/01/13,202501,22960,23008,22431,22535,125404,22540
2025/01/13,202502,23045,23090,22520,22619,35184,22628
2025/01/13,202503,23070,23100,22611,22686,222,22690
2025/01/13,202506,23145,23150,22730,22787,106,22787
2025/01/13,202509,22886,22889,22547,22613,28,22601
2025/01/13,202512,23109,23109,22663,22780,7,22719
2025/01/14,202501,22594,22767,22530,22750,76895,22754
2025/01/14,202502,22690,22833,22595,22816,34028,22824
2025/01/14,202503,22740,22870,22671,22868,137,22868
2025/01/14,202506,22827,22944,22780,22936,12,22955
2025/01/14,202509,22661,22796,22661,22796,49,22796
2025/01/14,202512,22809,22882,22805,22882,6,22882
2025/01/15,202501,22728,22749,22493,22519,34849,0
2025/01/15,202502,22814,22821,22512,22512,40448,22515
2025/01/15,202503,22868,22868,22570,22570,274,22571
2025/01/15,202506,22935,22935,22700,22700,11,22700
2025/01/15,202509,22589,22597,22589,22597,2,22597
2025/01/15,202512,22700,22708,22690,22700,6,22700
2025/01/16,202502,23080,23217,22990,23031,72531,23035
2025/01/16,202503,23123,23250,23035,23082,1024,23081
2025/01/16,202504,23173,23280,23088,23125,47,23125
2025/01/16,202506,23209,23286,23169,23259,17,23190
2025/01/16,202509,23040,23040,23023,23023,16,23023
2025/01/16,202512,23150,23150,23150,23150,43,23106
2025/01/17,202502,23277,23318,22956,23190,65291,23188
2025/01/17,202503,23314,23343,23003,23228,838,23227
2025/01/17,202504,23403,23403,23080,23280,48,23268
2025/01/17,202506,23421,23421,23171,23340,22,23340
2025/01/17,202509,23023,,,23023,4,23153
2025/01/17,202512,23190,23190,23190,23190,1,23241
2025/01/20,202502,23249,23417,23222,23346,44940,23343
2025/01/20,202503,23320,23435,23256,23360,675,23359
2025/01/20,202504,23332,23438,23332,23385,88,23378
2025/01/20,202506,23462,23506,23427,23427,31,23427
2025/01/20,202509,,,,,0,23233
2025/01/20,202512,,,,,0,23315
2025/01/21,202502,23426,23432,23203,23365,54466,23361
2025/01/21,202503,23437,23437,23215,23375,780,23375
2025/01/21,202504,23413,23432,23228,23401,50,23384
2025/01/21,202506,23365,23460,23268,23460,16,23426
2025/01/21,202509,23131,23230,23129,23230,24,23209
2025/01/21,202512,,,,,0,23286
2025/01/22,202502,23600,23719,23573,23698,53241,23689
2025/01/22,202503,23625,23739,23598,23723,687,23713
2025/01/22,202504,23670,23740,23654,23710,28,23738
2025/01/22,202506,23705,23770,23677,23744,22,23773
2025/01/22,202509,23433,23538,23433,23538,18,23538
2025/01/22,202512,23594,23600,23594,23600,2,23622
2025/02/03,202502,22680,22817,22539,22598,84296,22596
2025/02/03,202503,22740,22851,22600,22616,2021,22625
2025/02/03,202504,22738,22835,22600,22630,159,22638
2025/02/03,202506,22844,22900,22670,22678,76,22680
2025/02/03,202509,22611,22660,22470,22478,82,22479
2025/02/03,202512,22564,22666,22564,22588,10,22548
2025/02/04,202502,22919,22945,22708,22822,58313,22825
2025/02/04,202503,22917,22956,22740,22857,1126,22859
2025/02/04,202504,22930,22955,22801,22887,111,22887
2025/02/04,202506,22976,22977,22806,22806,13,22909
2025/02/04,202509,22716,22716,22716,22716,5,22700
2025/02/04,202512,22811,22811,22692,22693,6,22776
2025/02/05,202502,23077,23284,23063,23133,58490,23137
2025/02/05,202503,23096,23308,23092,23165,876,23165
2025/02/05,202504,23140,23325,23113,23191,90,23191
2025/02/05,202506,23164,23320,23143,23220,21,23220
2025/02/05,202509,22960,23123,22960,23016,17,23016
2025/02/05,202512,23202,23220,23077,23100,6,23100
2025/02/06,202502,23355,23379,23234,23290,39302,23295
2025/02/06,202503,23393,23405,23265,23324,552,23328
2025/02/06,202504,23395,23410,23294,23340,30,23340
2025/02/06,202506,23410,23438,23333,23349,6,23372
2025/02/06,202509,23214,23234,23214,23234,2,23172
2025/02/06,202512,,,,,0,23250
2025/02/07,202502,23285,23465,23278,23431,38176,23428
2025/02/07,202503,23328,23490,23319,23454,889,23455
2025/02/07,202504,23344,23502,23344,23500,29,23476
2025/02/07,202506,23429,23528,23428,23503,21,23503
2025/02/07,202509,23269,23269,23269,23269,2,23304
2025/02/07,202512,23344,23344,23344,23344,1,23381
2025/02/10,202502,23324,23366,23167,23246,53285,23236
2025/02/10,202503,23335,23392,23197,23260,1349,23260
2025/02/10,202504,23373,23407,23226,23294,87,23294
2025/02/10,202506,23392,23410,23280,23320,20,23320
2025/02/10,202509,23130,23200,23075,23200,8,23122
2025/02/10,202512,23260,23260,23126,23126,6,23196
2025/02/11,202502,23391,23503,23302,23335,48345,23334
2025/02/11,202503,23405,23522,23330,23360,1236,23360
2025/02/11,202504,23432,23537,23364,23378,39,23378
2025/02/11,202506,23487,23561,23390,23432,31,23414
2025/02/11,202509,23288,23355,23197,23207,9,23207
2025/02/11,202512,23275,23275,23267,23267,3,23283
2025/02/12,202502,23429,23536,23292,23315,50117,23311
2025/02/12,202503,23447,23558,23320,23336,1870,23335
2025/02/12,202504,23470,23568,23370,23370,54,23370
2025/02/12,202506,23545,23588,23402,23402,20,23392
2025/02/12,202509,23333,23333,23195,23195,4,23195
2025/02/12,202512,,,,,0,23257
2025/02/13,202502,23435,23460,23250,23399,46850,23401
2025/02/13,202503,23443,23475,23277,23425,2375,23426
2025/02/13,202504,23480,23488,23317,23453,80,23453
2025/02/13,202506,23503,23503,23337,23500,32,23475
2025/02/13,202509,23168,23279,23151,23279,9,23279
2025/02/13,202512,23350,23352,23217,23342,10,23342
2025/02/14,202502,23338,23349,23116,23179,62395,23180
2025/02/14,202503,23370,23370,23146,23203,7899,23200
2025/02/14,202504,23398,23398,23188,23240,86,23240
2025/02/14,202506,23366,23366,23230,23274,27,23274
2025/02/14,202509,23101,23101,23050,23050,5,23089
2025/02/14,202512,23235,23235,23130,23160,6,23160
2025/02/17,202502,23286,23540,23283,23504,81615,23506
2025/02/17,202503,23320,23554,23295,23521,37800,23521
2025/02/17,202504,23329,23560,23329,23506,198,23525
2025/02/17,202506,23382,23580,23382,23569,35,23545
2025/02/17,202509,23218,23358,23200,23331,21,23331
2025/02/17,202512,23266,23419,23266,23406,6,23406
2025/02/18,202502,23570,23663,23466,23649,58109,23645
2025/02/18,202503,23581,23665,23483,23652,29455,23652
2025/02/18,202504,23605,23676,23494,23661,147,23661
2025/02/18,202506,23579,23693,23521,23693,46,23693
2025/02/18,202509,23357,23441,23357,23441,10,23463
2025/02/18,202512,23500,23523,23500,23523,4,23523
2025/02/19,202502,23568,23697,23560,23608,29219,0
2025/02/19,202503,23582,23695,23568,23609,32947,23610
2025/02/19,202504,23638,23700,23588,23625,178,23625
2025/02/19,202506,23653,23713,23631,23636,15,23636
2025/02/19,202509,23438,23495,23416,23416,16,23416
2025/02/19,202512,23558,23558,23493,23493,3,23493
2025/02/20,202503,23505,23564,23371,23538,58443,23536
2025/02/20,202504,23529,23583,23400,23553,660,23553
2025/02/20,202505,23564,23585,23434,23584,99,23584
2025/02/20,202506,23557,23599,23432,23550,65,23575
2025/02/20,202509,23281,23339,23186,23334,41,23334
2025/02/20,202512,23358,23405,23275,23400,7,23400
2025/02/21,202503,23533,23761,23474,23745,54437,23743
2025/02/21,202504,23565,23777,23498,23761,608,23762
2025/02/21,202505,23558,23803,23528,23778,48,23791
2025/02/21,202506,23551,23789,23551,23789,50,23777
2025/02/21,202509,23333,23528,23291,23528,62,23528
2025/02/21,202512,23382,23540,23382,23540,3,23580
2025/02/24,202503,23549,23564,23444,23558,48887,23556
2025/02/24,202504,23580,23581,23471,23581,460,23578
2025/02/24,202505,23530,23598,23499,23592,32,23607
2025/02/24,202506,23588,23588,23500,23560,6,23597
2025/02/24,202509,23300,23330,23250,23330,4,23353
2025/02/24,202512,23355,23355,23355,23355,1,23404
2025/02/25,202503,23231,23345,23138,23299,60003,23295
2025/02/25,202504,23222,23368,23165,23314,651,23317
2025/02/25,202505,23275,23382,23230,23348,23,23348
2025/02/25,202506,23307,23380,23198,23322,34,23347
2025/02/25,202509,23030,23122,22950,23122,5,23105
2025/02/25,202512,23108,23108,23108,23108,1,23157
2025/02/26,202503,23150,23421,23104,23421,59018,23417
2025/02/26,202504,23168,23442,23126,23442,1134,23440
2025/02/26,202505,23181,23463,23175,23463,13,23470
2025/02/26,202506,23207,23460,23200,23460,37,23460
2025/02/26,202509,22988,23213,22988,23213,23,23211
2025/02/26,202512,22986,23244,22986,23244,4,23276
2025/02/27,202503,23374,23434,23127,23196,68861,23189
2025/02/27,202504,23400,23455,23155,23214,898,23212
2025/02/27,202505,23462,23462,23225,23229,13,23253
2025/02/27,202506,23400,23400,23200,23219,70,23252
2025/02/27,202509,23205,23205,22961,22966,23,23003
2025/02/27,202512,23176,23176,23059,23059,5,23059
2025/03/03,202503,22650,22797,22611,22718,78247,22724
2025/03/03,202504,22680,22823,22643,22746,634,22747
2025/03/03,202505,22728,22846,22700,22816,25,22793
2025/03/03,202506,22750,22858,22688,22812,29,22797
2025/03/03,202509,22517,22621,22460,22487,44,22562
2025/03/03,202512,22588,22588,22588,22588,10,22625
2025/03/04,202503,22242,22668,22194,22588,84542,22588
2025/03/04,202504,22256,22690,22230,22608,2096,22612
2025/03/04,202505,22337,22709,22284,22671,51,22648
2025/03/04,202506,22290,22680,22290,22625,55,22648
2025/03/04,202509,22088,22453,22088,22405,38,22405
2025/03/04,202512,22242,22505,22242,22505,5,22477
2025/03/05,202503,22659,22927,22637,22888,67984,22892
2025/03/05,202504,22686,22943,22663,22915,1021,22915
2025/03/05,202505,22662,22960,22662,22927,36,22942
2025/03/05,202506,22850,22970,22840,22909,29,22940
2025/03/05,202509,22633,22728,22565,22675,33,22707
2025/03/05,202512,22635,22783,22634,22783,6,22783
2025/03/06,202503,22991,23017,22704,22763,56232,22762
2025/03/06,202504,23004,23029,22717,22765,1355,22767
2025/03/06,202505,22978,22978,22747,22785,59,22794
2025/03/06,202506,22916,22916,22750,22791,21,22791
2025/03/06,202509,22649,22649,22545,22545,8,22559
2025/03/06,202512,22658,22658,22610,22610,3,22610
2025/03/07,202503,22499,22685,22480,22520,54464,22523
2025/03/07,202504,22520,22692,22495,22522,1084,22529
2025/03/07,202505,22543,22700,22533,22582,38,22553
2025/03/07,202506,22590,22700,22544,22585,13,22548
2025/03/07,202509,22340,22412,22310,22358,20,22321
2025/03/07,202512,22400,22523,22376,22400,7,22374
2025/03/10,202503,22456,22547,22315,22446,65258,22446
2025/03/10,202504,22490,22553,22324,22450,1278,22450
2025/03/10,202505,22509,22552,22360,22477,59,22477
2025/03/10,202506,22504,22550,22398,22446,29,22477
2025/03/10,202509,22231,22240,22231,22240,5,22252
2025/03/10,202512,,,,,0,22302
2025/03/11,202503,21868,22085,21661,22031,87716,22027
2025/03/11,202504,21861,22086,21671,22030,2120,22030
2025/03/11,202505,21984,22102,21718,22065,118,22051
2025/03/11,202506,21975,22103,21727,22073,87,22054
2025/03/11,202509,21613,21878,21500,21878,29,21826
2025/03/11,202512,21788,21882,21669,21882,10,21882
2025/03/12,202503,22101,22345,22044,22232,67700,22234
2025/03/12,202504,22087,22330,22047,22225,2266,22223
2025/03/12,202505,22089,22321,22063,22226,131,22226
2025/03/12,202506,22085,22312,22085,22220,54,22220
2025/03/12,202509,21970,22000,21893,21893,23,21985
2025/03/12,202512,22023,22100,22023,22100,9,22010
2025/03/13,202503,22445,22475,21917,21920,76396,21923
2025/03/13,202504,22439,22460,21913,21913,3494,21920
2025/03/13,202505,22417,22418,21930,21939,98,21927
2025/03/13,202506,22407,22407,21960,21960,35,21916
2025/03/13,202509,22194,22194,21700,21700,7,21700
2025/03/13,202512,22223,22223,21730,21730,6,21730
2025/03/14,202503,22120,22131,21874,21961,73591,21962
2025/03/14,202504,22100,22124,21879,21953,5427,21953
2025/03/14,202505,22132,22132,21900,22019,47,21964
2025/03/14,202506,22071,22079,21935,22010,28,21956
2025/03/14,202509,21700,21753,21700,21753,6,21753
2025/03/14,202512,21892,21892,21748,21842,4,21760
2025/03/17,202503,22161,22312,22111,22158,91180,22155
2025/03/17,202504,22154,22302,22113,22156,35095,22156
2025/03/17,202505,22189,22307,22126,22168,57,22166
2025/03/17,202506,22180,22298,22125,22137,34,22158
2025/03/17,202509,21912,22037,21912,21960,4,21918
2025/03/17,202512,21979,21979,21979,21979,1,21943
2025/03/18,202503,22373,22385,22191,22230,73960,22227
2025/03/18,202504,22359,22380,22196,22259,35835,22249
2025/03/18,202505,22365,22365,22204,22260,80,22260
2025/03/18,202506,22312,22350,22200,22244,42,22244
2025/03/18,202509,21967,22007,21967,21989,4,21989
2025/03/18,202512,22015,22025,22015,22025,2,22025
2025/03/19,202503,22238,22247,21935,21964,35128,0
2025/03/19,202504,22244,22262,21977,22034,45036,22018
2025/03/19,202505,22270,22273,22013,22064,232,22060
2025/03/19,202506,22327,22327,22020,22062,82,22062
2025/03/19,202509,22007,22007,21805,21851,32,21851
2025/03/19,202512,21925,21925,21844,21886,14,21886
2025/03/20,202504,22236,22417,22202,22365,62082,22365
2025/03/20,202505,22267,22430,22220,22384,512,22383
2025/03/20,202506,22299,22412,22239,22395,82,22377
2025/03/20,202509,22120,22179,22041,22165,32,22138
2025/03/20,202512,22024,22184,22024,22153,41,22153
2025/03/20,202603,22117,22263,22111,22263,80,22191
2025/03/21,202504,22323,22377,22173,22177,59593,22181
2025/03/21,202505,22347,22393,22200,22201,566,22204
2025/03/21,202506,22318,22377,22197,22197,66,22197
2025/03/21,202509,22040,22086,21952,21952,19,21952
2025/03/21,202512,22120,22120,21956,21956,10,21956
2025/03/21,202603,22177,22202,21958,21973,19,21973
2025/03/24,202504,22302,22399,22124,22160,53681,22151
2025/03/24,202505,22316,22418,22150,22170,481,22181
2025/03/24,202506,22318,22409,22147,22150,52,22173
2025/03/24,202509,,,,,0,21915
2025/03/24,202512,22140,22140,22012,22012,2,21922
2025/03/24,202603,22160,22160,21918,21918,3,21937
2025/03/25,202504,22330,22443,22202,22298,64095,22301
2025/03/25,202505,22355,22461,22228,22323,667,22319
2025/03/25,202506,22338,22450,22222,22306,103,22306
2025/03/25,202509,22175,22175,21971,22049,21,22049
2025/03/25,202512,22126,22126,21965,21988,6,22045
2025/03/25,202603,22168,22168,22060,22060,2,22060
2025/03/26,202504,22409,22429,22250,22305,53992,22304
2025/03/26,202505,22424,22444,22274,22330,498,22326
2025/03/26,202506,22439,22439,22270,22312,49,22312
2025/03/26,202509,22150,22150,22036,22036,18,22036
2025/03/26,202512,22134,22148,22000,22054,6,22054
2025/03/26,202603,22125,22125,22082,22082,2,22067
2025/03/27,202504,22031,22052,21891,21968,60620,21971
2025/03/27,202505,22045,22073,21919,21998,567,21998
2025/03/27,202506,22066,22066,21917,21952,125,21980
2025/03/27,202509,21799,21800,21659,21680,29,21715
2025/03/27,202512,21782,21782,21680,21689,22,21723
2025/03/27,202603,21738,21738,21738,21738,1,21738
2025/03/28,202504,21750,21795,21485,21603,79673,21599
2025/03/28,202505,21758,21819,21514,21625,1204,21621
2025/03/28,202506,21744,21794,21500,21614,140,21614
2025/03/28,202509,21493,21533,21269,21343,34,21343
2025/03/28,202512,21500,21500,21245,21344,32,21344
2025/03/28,202603,21440,21440,21303,21328,3,21366
2025/03/31,202504,20856,21065,20724,20769,103146,20764
2025/03/31,202505,20882,21080,20750,20796,1470,20785
2025/03/31,202506,20889,21070,20747,20786,230,20786
2025/03/31,202509,20629,20752,20461,20512,197,20512
2025/03/31,202512,20701,20732,20480,20480,16,20509
2025/03/31,202603,20500,20575,20500,20575,2,20532
2025/04/01,202504,21000,21271,20888,21181,81447,21187
2025/04/01,202505,21037,21288,20917,21195,1254,21203
2025/04/01,202506,21043,21270,20900,21207,203,21186
2025/04/01,202509,20643,20999,20636,20923,57,20923
2025/04/01,202512,20692,20973,20687,20973,28,20919
2025/04/01,202603,20664,20985,20664,20985,3,20933
2025/04/02,202504,21273,21360,21188,21304,66423,21296
2025/04/02,202505,21300,21377,21211,21321,1169,21318
2025/04/02,202506,21323,21358,21200,21291,31,21303
2025/04/02,202509,21000,21017,20964,21011,9,21034
2025/04/02,202512,21000,21060,20950,21006,17,21041
2025/04/02,202603,21027,21027,21000,21000,2,21055
2025/04/07,202504,19167,19167,19167,19167,2736,19167
2025/04/07,202505,19187,19187,19187,19187,871,19187
2025/04/07,202506,19173,19173,19173,19173,38,19173
2025/04/07,202509,18931,18931,18931,18931,9,18931
2025/04/07,202512,18937,18937,18937,18937,18,18937
2025/04/07,202603,18950,18950,18950,18950,2,18950
2025/04/08,202504,18596,18754,18004,18190,152423,18169
2025/04/08,202505,18601,18733,18000,18178,1805,18151
2025/04/08,202506,18514,18617,17966,18110,245,18125
2025/04/08,202509,18079,18362,17714,17833,63,17833
2025/04/08,202512,18098,18343,17750,17889,34,17848
2025/04/08,202603,18000,18400,17772,17886,7,17886
2025/04/09,202504,17846,18286,17139,17204,176779,17184
2025/04/09,202505,17860,18281,17138,17202,3509,17181
2025/04/09,202506,17894,18250,17140,17224,282,17183
2025/04/09,202509,17574,17947,16907,16959,91,16889
2025/04/09,202512,17608,17928,16943,16999,17,16900
2025/04/09,202603,17650,17650,17650,17650,2,16898
2025/04/10,202504,18902,18902,18902,18902,2382,18902
2025/04/10,202505,18899,18899,18899,18899,1017,18899
2025/04/10,202506,18901,18901,18901,18901,662,18901
2025/04/10,202509,18577,18577,18577,18577,307,18577
2025/04/10,202512,18590,18590,18590,18590,378,18590
2025/04/10,202603,18587,18587,18587,18587,213,18587
2025/04/11,202504,18560,19566,18441,19524,132834,19543
2025/04/11,202505,18566,19550,18436,19511,9094,19519
2025/04/11,202506,18679,19498,18443,19498,181,19460
2025/04/11,202509,18300,19188,18300,19188,35,19158
2025/04/11,202512,18300,18950,18271,18950,10,19156
2025/04/11,202603,18870,18870,18870,18870,1,19159
2025/04/14,202504,19800,19982,19450,19491,129898,19497
2025/04/14,202505,19762,19943,19425,19471,41274,19476
2025/04/14,202506,19732,19903,19370,19400,245,19400
2025/04/14,202509,19407,19579,19089,19089,40,19089
2025/04/14,202512,19412,19545,19074,19074,26,19098
2025/04/14,202603,19560,19560,19120,19120,2,19120
2025/04/15,202504,19585,19833,19517,19798,83145,19794
2025/04/15,202505,19555,19803,19482,19779,41339,19778
2025/04/15,202506,19503,19731,19450,19715,131,19715
2025/04/15,202509,19162,19389,19162,19386,14,19386
2025/04/15,202512,19157,19351,19157,19351,5,19390
2025/04/15,202603,,,,,0,19387
2025/04/16,202504,19601,19672,19426,19548,40993,0
2025/04/16,202505,19539,19622,19304,19353,52635,19349
2025/04/16,202506,19515,19569,19267,19295,565,19295
2025/04/16,202509,19198,19230,19006,19006,32,18967
2025/04/16,202512,19203,19203,18996,18996,11,18996
2025/04/16,202603,19100,19100,19000,19000,12,19000
2025/04/17,202505,19243,19406,19112,19369,79033,19367
2025/04/17,202506,19178,19339,19075,19315,622,19315
2025/04/17,202507,19068,19121,19015,19015,8,19109
2025/04/17,202509,18867,18972,18773,18972,10,18980
2025/04/17,202512,18862,18862,18861,18861,7,18979
2025/04/17,202603,18840,18840,18840,18840,1,18981
2025/04/18,202505,19380,19432,19288,19330,43062,19334
2025/04/18,202506,19318,19370,19244,19278,283,19278
2025/04/18,202507,19085,19152,19048,19080,17,19063
2025/04/18,202509,18976,18980,18930,18979,22,18949
2025/04/18,202512,18989,18989,18975,18975,2,18945
2025/04/18,202603,18960,18960,18938,18945,4,18945
2025/04/21,202505,19347,19368,19027,19099,60135,19099
2025/04/21,202506,19278,19305,18975,19046,606,19046
2025/04/21,202507,18960,19002,18765,18777,10,18831
2025/04/21,202509,18846,18846,18646,18646,13,18714
2025/04/21,202512,,,,,0,18710
2025/04/21,202603,18660,18660,18660,18660,1,18714
2025/04/22,202505,18945,19035,18773,18797,69898,18803
2025/04/22,202506,18868,18972,18720,18745,618,18745
2025/04/22,202507,18665,18727,18558,18562,29,18526
2025/04/22,202509,18560,18560,18415,18415,29,18404
2025/04/22,202512,18536,18630,18380,18394,14,18394
2025/04/22,202603,18388,18395,18388,18395,2,18395
2025/04/23,202505,19250,19596,19171,19554,76954,19558
2025/04/23,202506,19151,19508,19120,19473,742,19471
2025/04/23,202507,18976,19254,18976,19254,14,19254
2025/04/23,202509,18805,19140,18801,19115,58,19115
2025/04/23,202512,18786,19122,18765,19122,15,19106
2025/04/23,202603,,,,,0,19104
2025/04/24,202505,19636,19682,19413,19466,58194,19460
2025/04/24,202506,19578,19600,19350,19385,493,19385
2025/04/24,202507,19356,19356,19135,19172,20,19172
2025/04/24,202509,19188,19188,19019,19019,8,19042
2025/04/24,202512,19085,19085,19005,19005,5,19031
2025/04/24,202603,,,,,0,19028
2025/04/25,202505,19980,20008,19848,19873,66662,19873
2025/04/25,202506,19907,19926,19780,19795,394,19795
2025/04/25,202507,19690,19690,19568,19600,10,19574
2025/04/25,202509,19516,19564,19456,19456,7,19437
2025/04/25,202512,19500,19522,19470,19497,19,19427
2025/04/25,202603,,,,,0,19426
2025/04/28,202505,19965,20053,19933,19965,44357,19965
2025/04/28,202506,19898,19970,19861,19886,320,19887
2025/04/28,202507,19663,19730,19663,19685,10,19660
2025/04/28,202509,19548,19588,19500,19545,12,19526
2025/04/28,202512,19537,19557,19502,19502,9,19513
2025/04/28,202603,19554,19554,19519,19519,2,19519
2025/04/29,202505,19980,20207,19963,20154,57788,20155
2025/04/29,202506,19891,20119,19887,20078,408,20078
2025/04/29,202507,19730,19885,19730,19844,16,19844
2025/04/29,202509,19558,19744,19535,19742,13,19713
2025/04/29,202512,19550,19723,19546,19640,9,19696
2025/04/29,202603,19547,19716,19546,19638,5,19694
2025/04/30,202505,20091,20268,20065,20149,58130,20154
2025/04/30,202506,20022,20177,19987,20075,374,20075
2025/04/30,202507,19782,19902,19768,19845,15,19831
2025/04/30,202509,19712,19800,19656,19656,11,19705
2025/04/30,202512,19626,19689,19625,19689,14,19689
2025/04/30,202603,19623,19695,19623,19694,4,19680
2025/05/02,202505,20488,20710,20469,20677,61777,20682
2025/05/02,202506,20370,20618,20370,20583,553,20583
2025/05/02,202507,20125,20348,20125,20348,25,20315
2025/05/02,202509,20034,20200,20034,20200,30,20186
2025/05/02,202512,20026,20147,20009,20146,10,20146
2025/05/02,202603,20003,20139,20000,20130,8,20130
2025/05/05,202505,20757,20796,20206,20404,97067,20423
2025/05/05,202506,20681,20708,20114,20295,1527,20309
2025/05/05,202507,20406,20435,19888,20041,48,20041
2025/05/05,202509,20290,20290,19800,19954,32,19919
2025/05/05,202512,20220,20220,19839,19955,9,19878
2025/05/05,202603,19970,19970,19830,19922,5,19880
2025/05/06,202505,20150,20483,20150,20337,69754,20345
2025/05/06,202506,20037,20333,20037,20206,946,20196
2025/05/06,202507,19780,20041,19780,19910,27,19910
2025/05/06,202509,19856,19925,19793,19800,8,19800
2025/05/06,202512,,,,,0,19755
2025/05/06,202603,19785,19786,19785,19786,2,19742
2025/05/07,202505,20440,20560,20265,20381,73631,20377
2025/05/07,202506,20328,20400,20129,20229,811,20229
2025/05/07,202507,20005,20037,19850,19958,20,19938
2025/05/07,202509,19792,19800,19792,19800,23,19817
2025/05/07,202512,19889,19889,19753,19769,5,19769
2025/05/07,202603,19744,19758,19743,19758,3,19758
2025/05/08,202505,20475,20695,20452,20575,63264,20578
2025/05/08,202506,20321,20540,20312,20425,809,20427
2025/05/08,202507,20033,20207,20033,20122,43,20137
2025/05/08,202509,19998,20121,19963,20102,34,20014
2025/05/08,202512,20018,20021,20018,20021,3,19958
2025/05/08,202603,20002,20013,20002,20013,3,19949
2025/05/09,202505,20649,20872,20596,20848,67856,20845
2025/05/09,202506,20529,20725,20471,20702,894,20700
2025/05/09,202507,20254,20420,20230,20420,17,20420
2025/05/09,202509,20150,20300,20150,20283,25,20283
2025/05/09,202512,20224,20224,20224,20224,3,20224
2025/05/09,202603,20047,20047,20047,20047,1,20216
2025/05/12,202505,21015,21134,20978,21066,58691,21073
2025/05/12,202506,20853,20979,20847,20918,1628,20921
2025/05/12,202507,20596,20682,20570,20639,21,20639
2025/05/12,202509,20476,20548,20454,20454,102,20479
2025/05/12,202512,20409,20500,20407,20412,12,20432
2025/05/12,202603,20378,20415,20378,20415,2,20415
2025/05/13,202505,21421,21520,21288,21360,61021,21355
2025/05/13,202506,21276,21360,21143,21201,1441,21200
2025/05/13,202507,20963,21031,20886,20912,37,20912
2025/05/13,202509,20826,20873,20725,20725,21,20761
2025/05/13,202512,20787,20787,20687,20688,7,20688
2025/05/13,202603,20811,20811,20737,20737,3,20679
2025/05/14,202505,21677,21787,21579,21768,59116,21772
2025/05/14,202506,21517,21638,21432,21628,3318,21627
2025/05/14,202507,21221,21329,21138,21329,38,21329
2025/05/14,202509,21020,21155,20966,21133,100,21148
2025/05/14,202512,21016,21080,20940,21080,14,21080
2025/05/14,202603,20934,21048,20934,21048,8,21048
2025/05/15,202505,21776,21810,21676,21694,45704,21695
2025/05/15,202506,21632,21670,21537,21563,2515,21566
2025/05/15,202507,21329,21350,21226,21265,38,21251
2025/05/15,202509,21114,21180,21066,21073,55,21076
2025/05/15,202512,21028,21055,21001,21055,5,21009
2025/05/15,202603,21050,21050,21050,21050,1,20981
2025/05/16,202505,21775,21878,21679,21821,55404,21823
2025/05/16,202506,21633,21743,21550,21695,10507,21700
2025/05/16,202507,21345,21420,21285,21394,17,21378
2025/05/16,202509,21112,21236,21095,21191,60,21191
2025/05/16,202512,21160,21160,21160,21160,2,21111
2025/05/16,202603,21078,21078,21068,21068,6,21068
2025/05/19,202505,21682,21748,21499,21538,98203,21538
2025/05/19,202506,21587,21620,21408,21441,45753,21437
2025/05/19,202507,21260,21301,21125,21152,19,21146
2025/05/19,202509,21082,21107,20922,20922,35,20944
2025/05/19,202512,21025,21040,20834,20839,12,20863
2025/05/19,202603,20919,20919,20799,20799,5,20799
2025/05/20,202505,21753,21772,21505,21539,81214,21543
2025/05/20,202506,21663,21663,21412,21451,45424,21459
2025/05/20,202507,21370,21370,21150,21158,32,21158
2025/05/20,202509,21125,21125,20922,20951,21,20951
2025/05/20,202512,20990,20990,20990,20990,1,20855
2025/05/20,202603,20899,20899,20878,20878,2,20815
2025/05/21,202505,21564,21852,21549,21849,36813,0
2025/05/21,202506,21472,21747,21472,21672,44969,21683
2025/05/21,202507,21183,21426,21183,21380,64,21380
2025/05/21,202509,21074,21200,21074,21197,13,21155
2025/05/21,202512,,,,,0,21068
2025/05/21,202603,20901,21040,20901,21030,3,21030
2025/05/22,202506,21465,21550,21396,21503,48283,21499
2025/05/22,202507,21154,21280,21132,21220,656,21220
2025/05/22,202508,21086,21100,20992,21068,41,21068
2025/05/22,202509,21000,21000,20922,20922,12,20999
2025/05/22,202512,20943,20943,20832,20850,5,20914
2025/05/22,202603,20900,20900,20782,20782,2,20866
2025/05/23,202506,21558,21640,21372,21470,51667,21466
2025/05/23,202507,21256,21350,21098,21185,378,21185
2025/05/23,202508,21138,21177,20936,20947,13,21022
2025/05/23,202509,21078,21078,20888,20888,9,20955
2025/05/23,202512,20988,21042,20817,20817,7,20870
2025/05/23,202603,20855,20855,20855,20855,1,20817
2025/05/26,202506,21450,21569,21357,21385,56961,21381
2025/05/26,202507,21142,21262,21048,21070,1020,21070
2025/05/26,202508,21004,21060,20888,20888,11,20910
2025/05/26,202509,20900,20900,20840,20840,16,20846
2025/05/26,202512,20906,20918,20776,20776,5,20747
2025/05/26,202603,20870,20876,20739,20739,3,20698
2025/05/27,202506,21403,21438,21133,21233,61109,21221
2025/05/27,202507,21088,21133,20829,20922,859,20914
2025/05/27,202508,20888,20888,20740,20740,27,20759
2025/05/27,202509,20755,20755,20600,20600,33,20694
2025/05/27,202512,20625,20625,20522,20522,16,20594
2025/05/27,202603,20476,20476,20476,20476,1,20545
2025/05/28,202506,21420,21512,21150,21252,69146,21250
2025/05/28,202507,21106,21196,20850,20945,596,20945
2025/05/28,202508,20933,20955,20685,20713,29,20767
2025/05/28,202509,20921,20921,20600,20600,46,20698
2025/05/28,202512,20796,20796,20528,20594,11,20594
2025/05/28,202603,20545,,,20545,13,20523
2025/05/29,202506,21513,21616,21275,21320,76415,21317
2025/05/29,202507,21188,21290,20973,21013,576,21011
2025/05/29,202508,21015,21113,20798,20798,36,20833
2025/05/29,202509,20978,21039,20739,20739,20,20767
2025/05/29,202512,20898,20932,20660,20660,16,20660
2025/05/29,202603,20680,20680,20680,20680,1,20590
2025/06/02,202506,20976,21049,20790,20866,66441,20870
2025/06/02,202507,20652,20739,20496,20578,596,20578
2025/06/02,202508,20508,20508,20375,20388,138,20388
2025/06/02,202509,20428,20428,20259,20314,87,20327
2025/06/02,202512,20200,20249,20200,20246,13,20225
2025/06/02,202603,20123,20123,20123,20123,1,20149
2025/06/03,202506,21034,21221,20955,20971,64909,20974
2025/06/03,202507,20722,20915,20661,20685,555,20676
2025/06/03,202508,20553,20730,20500,20505,13,20505
2025/06/03,202509,20608,20656,20420,20420,31,20431
2025/06/03,202512,20561,20561,20353,20353,7,20330
2025/06/03,202603,20400,20400,20254,20254,3,20254
2025/06/04,202506,21280,21533,21261,21482,61616,21479
2025/06/04,202507,20977,21235,20977,21191,945,21191
2025/06/04,202508,20804,21032,20804,21023,21,21023
2025/06/04,202509,20723,20988,20723,20960,15,20950
2025/06/04,202512,20788,20887,20788,20887,8,20853
2025/06/04,202603,20782,20810,20782,20810,3,20786
2025/06/05,202506,21589,21677,21512,21553,46482,21554
2025/06/05,202507,21298,21380,21217,21260,818,21260
2025/06/05,202508,21134,21134,21068,21068,6,21091
2025/06/05,202509,21050,21114,21018,21024,16,21024
2025/06/05,202512,20987,20987,20906,20915,8,20931
2025/06/05,202603,,,,,0,20868
2025/06/06,202506,21599,21630,21513,21578,37655,21566
2025/06/06,202507,21277,21333,21227,21281,525,21274
2025/06/06,202508,21123,21132,21089,21132,8,21116
2025/06/06,202509,21070,21070,21000,21038,8,21052
2025/06/06,202512,20991,20991,20938,20942,5,20958
2025/06/06,202603,20942,20942,20942,20942,1,20893
2025/06/09,202506,21663,21788,21626,21727,43471,21719
2025/06/09,202507,21374,21490,21340,21438,1060,21432
2025/06/09,202508,21207,21319,21178,21263,13,21278
2025/06/09,202509,21142,21244,21128,21185,5,21214
2025/06/09,202512,21140,21140,21114,21114,2,21114
2025/06/09,202603,21026,21032,21026,21032,2,21054
2025/06/10,202506,21879,22236,21850,22113,70320,22116
2025/06/10,202507,21572,21941,21566,21826,1713,21824
2025/06/10,202508,21437,21675,21437,21675,9,21664
2025/06/10,202509,21384,21705,21384,21588,50,21588
2025/06/10,202512,21398,21601,21398,21508,8,21508
2025/06/10,202603,21364,21364,21364,21364,1,21436
2025/06/11,202506,22296,22355,22190,22351,53385,22344
2025/06/11,202507,22030,22074,21911,22071,2197,22069
2025/06/11,202508,21838,21900,21796,21896,24,21908
2025/06/11,202509,21704,21826,21672,21815,35,21815
2025/06/11,202512,,,,,0,21739
2025/06/11,202603,21585,21666,21585,21666,6,21666
2025/06/12,202506,22315,22329,22214,22252,43973,22253
2025/06/12,202507,22055,22059,21941,21955,4154,21953
2025/06/12,202508,21894,21894,21789,21810,25,21805
2025/06/12,202509,21747,21748,21699,21711,23,21720
2025/06/12,202512,21641,21678,21640,21677,6,21631
2025/06/12,202603,21580,21610,21580,21605,4,21560
2025/06/13,202506,21954,22139,21893,21940,87803,21940
2025/06/13,202507,21651,21821,21576,21609,14241,21616
2025/06/13,202508,21498,21665,21440,21458,83,21458
2025/06/13,202509,21415,21568,21353,21450,59,21360
2025/06/13,202512,21360,21470,21300,21392,9,21274
2025/06/13,202603,21240,21372,21215,21307,16,21178
2025/06/16,202506,22030,22061,21868,22032,95307,22032
2025/06/16,202507,21686,21717,21559,21686,51028,21692
2025/06/16,202508,21522,21527,21400,21513,67,21524
2025/06/16,202509,21423,21443,21350,21430,10,21430
2025/06/16,202512,21250,21285,21250,21285,5,21328
2025/06/16,202603,,,,,0,21247
2025/06/17,202506,22150,22260,22061,22159,88076,22163
2025/06/17,202507,21801,21906,21683,21784,49873,21791
2025/06/17,202508,21702,21708,21520,21620,47,21613
2025/06/17,202509,21551,21593,21420,21496,26,21511
2025/06/17,202512,21435,21435,21367,21390,8,21401
2025/06/17,202603,21345,21345,21345,21345,1,21345
2025/06/18,202506,22109,22384,22080,22308,40498,0
2025/06/18,202507,21714,21962,21694,21930,40655,21931
2025/06/18,202508,21605,21775,21604,21756,169,21752
2025/06/18,202509,21510,21654,21510,21647,34,21647
2025/06/18,202512,21373,21438,21373,21438,9,21526
2025/06/18,202603,21445,21445,21421,21421,3,21441
2025/06/19,202507,21820,21857,21675,21704,52900,21703
2025/06/19,202508,21664,21675,21520,21548,398,21548
2025/06/19,202509,21520,21559,21430,21459,32,21445
2025/06/19,202512,21419,21419,21332,21341,33,21331
2025/06/19,202603,21290,21290,21257,21257,6,21248
2025/06/19,202606,21141,21236,21124,21142,11,21116
2025/06/20,202507,21635,21743,21470,21653,67982,21650
2025/06/20,202508,21483,21585,21332,21515,834,21515
2025/06/20,202509,21383,21478,21230,21406,51,21406
2025/06/20,202512,21270,21327,21127,21188,13,21293
2025/06/20,202603,,,,,0,21211
2025/06/20,202606,21137,21142,21137,21142,4,21074
2025/06/23,202507,21350,21484,21205,21473,72002,21472
2025/06/23,202508,21221,21341,21070,21333,714,21333
2025/06/23,202509,21108,21236,20999,21236,38,21236
2025/06/23,202512,20997,21113,20900,21112,21,21134
2025/06/23,202603,20950,20980,20808,20980,3,21055
2025/06/23,202606,20819,20889,20819,20889,3,20943
2025/06/24,202507,21770,21966,21764,21959,69758,21959
2025/06/24,202508,21614,21815,21614,21815,721,21814
2025/06/24,202509,21515,21706,21515,21706,30,21706
2025/06/24,202512,21456,21600,21456,21600,21,21600
2025/06/24,202603,21399,21406,21350,21400,13,21521
2025/06/24,202606,21227,21227,21226,21226,2,21401
2025/06/25,202507,22138,22168,22017,22159,49936,22163
2025/06/25,202508,22068,22068,21877,22006,740,22006
2025/06/25,202509,21896,21896,21777,21885,15,21903
2025/06/25,202512,21731,21786,21682,21786,8,21786
2025/06/25,202603,21688,21688,21630,21679,6,21700
2025/06/25,202606,21577,21577,21577,21577,1,21597
2025/06/26,202507,22161,22263,22078,22117,59606,22115
2025/06/26,202508,22010,22088,21913,21942,1405,21942
2025/06/26,202509,21903,21960,21842,21842,16,21842
2025/06/26,202512,21823,21830,21746,21746,5,21721
2025/06/26,202603,21690,21750,21610,21610,3,21623
2025/06/26,202606,21623,21640,21516,21516,3,21516
2025/06/27,202507,22197,22221,21989,22121,60785,22122
2025/06/27,202508,22029,22038,21811,21948,1436,21948
2025/06/27,202509,21919,21919,21705,21800,22,21834
2025/06/27,202512,21770,21770,21639,21700,49,21700
2025/06/27,202603,21680,21680,21528,21591,9,21607
2025/06/27,202606,21439,21439,21439,21439,2,21493
2025/06/30,202507,22239,22254,22083,22145,50980,22144
2025/06/30,202508,22050,22066,21904,21967,1009,21967
2025/06/30,202509,21941,21941,21800,21837,28,21849
2025/06/30,202512,21805,21809,21740,21748,5,21717
2025/06/30,202603,21709,21709,21607,21648,7,21614
2025/06/30,202606,,,,,0,21501
2025/07/01,202507,22197,22593,22191,22353,86050,22352
2025/07/01,202508,22021,22411,22021,22174,1609,22174
2025/07/01,202509,21917,22285,21917,22065,78,22065
2025/07/01,202512,22012,22140,21884,21931,20,21931
2025/07/01,202603,21694,22001,21694,21804,8,21829
2025/07/01,202606,21900,21900,21900,21900,4,21728
2025/07/02,202507,22298,22401,22208,22396,47593,22393
2025/07/02,202508,22132,22224,22040,22220,677,22220
2025/07/02,202509,22027,22109,21958,22109,16,22109
2025/07/02,202512,21833,21968,21833,21968,3,21968
2025/07/02,202603,21732,21850,21721,21850,5,21874
2025/07/02,202606,21651,21768,21645,21768,4,21782
2025/07/03,202507,22568,22716,22547,22675,53951,22680
2025/07/03,202508,22397,22535,22375,22506,1044,22506
2025/07/03,202509,22273,22420,22273,22390,40,22390
2025/07/03,202512,22188,22275,22162,22275,5,22244
2025/07/03,202603,,,,,0,22145
2025/07/03,202606,22042,22042,22042,22042,1,22053
2025/07/04,202507,22739,22762,22431,22435,56506,22436
2025/07/04,202508,22572,22583,22259,22268,1155,22263
2025/07/04,202509,22458,22458,22180,22180,31,22155
2025/07/04,202512,22202,22202,22202,22202,1,22012
2025/07/04,202603,22150,22150,21934,21936,5,21912
2025/07/04,202606,,,,,0,21823
2025/07/07,202507,22349,22506,22244,22336,61023,22328
2025/07/07,202508,22189,22333,22075,22166,940,22166
2025/07/07,202509,22076,22224,22021,22032,18,22061
2025/07/07,202512,21909,21950,21839,21900,46,21919
2025/07/07,202603,21899,21951,21758,21768,4,21818
2025/07/07,202606,,,,,0,21725
2025/07/08,202507,22353,22397,22141,22251,63578,22258
2025/07/08,202508,22185,22231,21987,22083,1498,22086
2025/07/08,202509,22068,22084,21891,21991,26,21977
2025/07/08,202512,21796,21855,21779,21814,126,21814
2025/07/08,202603,21829,21849,21673,21747,42,21706
2025/07/08,202606,,,,,0,21622
2025/07/09,202507,22250,22473,22146,22434,57715,22434
2025/07/09,202508,22093,22303,21984,22266,1448,22266
2025/07/09,202509,22006,22184,21982,22153,20,22153
2025/07/09,202512,21790,21988,21746,21981,48,21981
2025/07/09,202603,21640,21901,21640,21901,13,21879
2025/07/09,202606,21813,21813,21813,21813,2,21803
2025/07/10,202507,22470,22647,22410,22611,58504,22607
2025/07/10,202508,22287,22462,22247,22430,2576,22430
2025/07/10,202509,22141,22340,22141,22318,55,22318
2025/07/10,202512,22066,22116,21966,22081,36,22139
2025/07/10,202603,21949,22049,21880,21970,9,22024
2025/07/10,202606,21803,,,21803,1,21922
2025/07/11,202507,22519,22774,22488,22764,62637,22767
2025/07/11,202508,22366,22589,22310,22578,8838,22582
2025/07/11,202509,22229,22468,22229,22468,64,22468
2025/07/11,202512,22017,22017,22017,22017,1,22273
2025/07/11,202603,21934,22099,21934,22099,14,22158
2025/07/11,202606,21922,,,21922,6,22055
2025/07/14,202507,22670,22695,22520,22551,90014,22547
2025/07/14,202508,22492,22515,22361,22396,49128,22389
2025/07/14,202509,22376,22376,22250,22270,21,22288
2025/07/14,202512,22209,22209,22070,22077,55,22077
2025/07/14,202603,22023,22023,22023,22023,1,21987
2025/07/14,202606,21922,21922,21922,21922,1,21900
2025/07/15,202507,22529,22882,22512,22810,102751,22804
2025/07/15,202508,22382,22734,22367,22675,55753,22669
2025/07/15,202509,22338,22599,22335,22573,190,22573
2025/07/15,202512,22119,22403,22119,22355,78,22387
2025/07/15,202603,22149,22285,22149,22285,11,22285
2025/07/15,202606,22180,22180,22161,22161,4,22161
2025/07/16,202507,22849,23116,22845,23047,39445,0
2025/07/16,202508,22704,22998,22701,22920,42855,22917
2025/07/16,202509,22591,22896,22591,22820,196,22820
2025/07/16,202512,22465,22692,22465,22607,27,22624
2025/07/16,202603,22311,22557,22311,22553,13,22521
2025/07/16,202606,,,,,0,22407
2025/07/17,202508,22958,23150,22866,23148,60136,23137
2025/07/17,202509,22887,23057,22777,23051,869,23042
2025/07/17,202510,22803,22925,22803,22925,26,23010
2025/07/17,202512,22682,22860,22637,22860,35,22860
2025/07/17,202603,22506,22750,22506,22734,6,22757
2025/07/17,202606,22400,22620,22400,22620,3,22633
2025/07/18,202508,23350,23399,23230,23262,51164,23260
2025/07/18,202509,23260,23305,23148,23179,439,23169
2025/07/18,202510,23177,23200,23150,23169,20,23140
2025/07/18,202512,23087,23087,23018,23018,24,23002
2025/07/18,202603,22990,22990,22887,22887,8,22887
2025/07/18,202606,22870,22870,22790,22790,2,22790
2025/07/21,202508,23234,23301,23172,23228,40802,23220
2025/07/21,202509,23150,23215,23094,23163,323,23148
2025/07/21,202510,23125,23159,23086,23105,19,23105
2025/07/21,202512,22994,23020,22940,22965,13,22982
2025/07/21,202603,22868,22891,22817,22864,7,22864
2025/07/21,202606,22749,22753,22745,22753,3,22753
2025/07/22,202508,23241,23406,22977,22990,77037,22996
2025/07/22,202509,23167,23324,22921,22943,807,22925
2025/07/22,202510,23130,23285,22895,22895,66,22895
2025/07/22,202512,22986,22986,22760,22760,11,22760
2025/07/22,202603,22894,22894,22695,22695,3,22666
2025/07/22,202606,22641,22641,22587,22587,2,22587
2025/07/23,202508,23006,23258,23000,23186,63250,23184
2025/07/23,202509,22904,23185,22904,23122,559,23120
2025/07/23,202510,22882,23145,22882,23097,38,23086
2025/07/23,202512,22958,23015,22958,23000,17,22974
2025/07/23,202603,22752,22922,22752,22890,11,22872
2025/07/23,202606,22637,22650,22637,22650,2,22765
2025/07/24,202508,23400,23408,23229,23310,46341,23303
2025/07/24,202509,23344,23344,23157,23226,812,23227
2025/07/24,202510,23314,23314,23145,23200,42,23200
2025/07/24,202512,23105,23106,23105,23106,3,23092
2025/07/24,202603,23061,23061,22930,22985,19,22985
2025/07/24,202606,,,,,0,22884
2025/07/25,202508,23264,23328,23207,23238,43044,23237
2025/07/25,202509,23170,23236,23132,23152,379,23152
2025/07/25,202510,23127,23168,23113,23116,16,23116
2025/07/25,202512,23092,,,23092,2,23012
2025/07/25,202603,22900,22970,22900,22915,9,22915
2025/07/25,202606,22855,22855,22855,22855,3,22802
2025/07/28,202508,23368,23483,23265,23392,55104,23385
2025/07/28,202509,23290,23399,23189,23308,519,23306
2025/07/28,202510,23247,23330,23160,23277,27,23277
2025/07/28,202512,23208,23212,23208,23212,2,23163
2025/07/28,202603,23107,23107,22970,23051,6,23061
2025/07/28,202606,,,,,0,22950
2025/07/29,202508,23326,23359,23027,23163,73363,23151
2025/07/29,202509,23272,23283,22969,23085,718,23082
2025/07/29,202510,23233,23240,22950,23054,35,23054
2025/07/29,202512,23078,23078,22850,22952,13,22952
2025/07/29,202603,22893,22893,22754,22855,11,22855
2025/07/29,202606,22700,22742,22650,22742,6,22754
2025/07/30,202508,23213,23421,23198,23361,72116,23359
2025/07/30,202509,23141,23345,23141,23299,851,23283
2025/07/30,202510,23104,23309,23104,23254,66,23254
2025/07/30,202512,22965,23180,22965,23180,4,23155
2025/07/30,202603,22978,23098,22978,23028,6,23054
2025/07/30,202606,,,,,0,22952
2025/07/31,202508,23497,23621,23355,23589,66444,23584
2025/07/31,202509,23424,23550,23290,23540,1136,23506
2025/07/31,202510,23400,23500,23270,23480,48,23480
2025/07/31,202512,23280,23402,23177,23402,18,23402
2025/07/31,202603,23149,23282,23097,23282,9,23294
2025/07/31,202606,22989,22989,22989,22989,1,23201
2025/08/01,202508,23064,23442,23048,23344,69641,23345
2025/08/01,202509,23100,23370,22997,23272,1641,23279
2025/08/01,202510,23079,23325,23014,23245,55,23245
2025/08/01,202512,23020,23176,22990,23176,7,23167
2025/08/01,202603,23051,23059,23051,23059,2,23077
2025/08/01,202606,23036,23036,23036,23036,1,22990
2025/08/04,202508,23108,23300,23032,23260,55560,23272
2025/08/04,202509,23048,23214,22970,23172,1396,23195
2025/08/04,202510,23034,23159,22953,23130,40,23148
2025/08/04,202512,22988,23100,22936,23100,11,23068
2025/08/04,202603,22887,22956,22855,22956,12,22974
2025/08/04,202606,22782,22820,22782,22820,2,22891
2025/08/05,202508,23446,23584,23421,23575,52372,23577
2025/08/05,202509,23347,23503,23343,23494,812,23495
2025/08/05,202510,23327,23466,23313,23466,73,23466
2025/08/05,202512,23311,23380,23311,23380,6,23380
2025/08/05,202603,23205,23220,23205,23220,2,23283
2025/08/05,202606,23160,23160,23160,23160,1,23199
2025/08/06,202508,23423,23483,23381,23425,45239,23417
2025/08/06,202509,23348,23405,23310,23355,688,23350
2025/08/06,202510,23332,23365,23285,23320,28,23320
2025/08/06,202512,23282,23292,23228,23230,4,23252
2025/08/06,202603,23155,23201,23131,23190,9,23159
2025/08/06,202606,23100,23100,23100,23100,1,23075
2025/08/07,202508,23660,24054,23653,23997,71465,23997
2025/08/07,202509,23537,23965,23537,23910,2395,23910
2025/08/07,202510,23541,23928,23541,23868,94,23879
2025/08/07,202512,23528,23861,23528,23816,50,23816
2025/08/07,202603,23425,23715,23425,23710,7,23710
2025/08/07,202606,23550,23628,23550,23628,2,23628
2025/08/08,202508,24091,24095,23947,23949,42140,23953
2025/08/08,202509,23987,24011,23873,23873,643,23875
2025/08/08,202510,23951,23951,23847,23860,36,23838
2025/08/08,202512,23809,23809,23809,23809,1,23772
2025/08/08,202603,23724,23724,23695,23695,4,23673
2025/08/08,202606,,,,,0,23583
2025/08/11,202508,23973,24223,23833,24162,62090,24148
2025/08/11,202509,23894,24142,23760,24088,1432,24077
2025/08/11,202510,23860,24103,23728,24048,118,24048
2025/08/11,202512,23778,23995,23723,23980,16,23974
2025/08/11,202603,23606,23900,23606,23900,3,23879
2025/08/11,202606,23531,23531,23531,23531,1,23788
2025/08/12,202508,24155,24241,24088,24135,53748,24142
2025/08/12,202509,24077,24169,24021,24066,1523,24070
2025/08/12,202510,24056,24130,23988,24024,82,24024
2025/08/12,202512,23960,24038,23920,23950,16,23950
2025/08/12,202603,23840,23912,23830,23883,9,23860
2025/08/12,202606,,,,,0,23779
2025/08/13,202508,24298,24412,24154,24347,71303,24343
2025/08/13,202509,24236,24333,24088,24277,2479,24274
2025/08/13,202510,24195,24279,24079,24236,54,24236
2025/08/13,202512,24089,24200,24040,24156,10,24156
2025/08/13,202603,24045,24088,23951,24053,6,24053
2025/08/13,202606,23985,23985,23817,23868,4,23970
2025/08/14,202508,24337,24362,24207,24250,46241,24252
2025/08/14,202509,24275,24290,24139,24191,2094,24194
2025/08/14,202510,24238,24258,24122,24178,51,24160
2025/08/14,202512,24128,24137,24047,24098,8,24081
2025/08/14,202603,24045,24060,24000,24042,7,23982
2025/08/14,202606,23973,23973,23973,23973,1,23901
2025/08/15,202508,24282,24385,24188,24312,64076,24297
2025/08/15,202509,24231,24348,24161,24289,10596,24269
2025/08/15,202510,24190,24310,24150,24288,40,24258
2025/08/15,202512,24136,24217,24089,24217,6,24177
2025/08/15,202603,24036,24120,24036,24120,2,24085
2025/08/15,202606,23901,,,23901,1,24004
2025/08/18,202508,24199,24462,24176,24426,86686,24424
2025/08/18,202509,24176,24439,24155,24399,42246,24403
2025/08/18,202510,24175,24410,24170,24383,132,24383
2025/08/18,202512,24134,24335,24134,24334,12,24303
2025/08/18,202603,24054,24241,24054,24240,9,24208
2025/08/18,202606,,,,,0,24131
2025/08/19,202508,24380,24447,24313,24342,70121,24346
2025/08/19,202509,24361,24422,24280,24284,35485,24288
2025/08/19,202510,24348,24392,24266,24266,65,24266
2025/08/19,202512,24258,24258,24203,24220,12,24198
2025/08/19,202603,24208,24208,24108,24108,7,24108
2025/08/19,202606,,,,,0,24012
2025/08/20,202508,24156,24201,23631,23637,51192,0
2025/08/20,202509,24100,24140,23613,23667,64312,23661
2025/08/20,202510,24080,24109,23608,23652,368,23652
2025/08/20,202512,23937,23937,23576,23595,30,23613
2025/08/20,202603,23901,23901,23569,23576,34,23537
2025/08/20,202606,23827,23827,23450,23450,9,23450
2025/08/21,202509,23729,23943,23691,23852,63709,23852
2025/08/21,202510,23730,23925,23693,23830,793,23830
2025/08/21,202511,23849,23849,23849,23849,1,23829
2025/08/21,202512,23715,23852,23715,23775,91,23775
2025/08/21,202603,23641,23800,23641,23720,13,23720
2025/08/21,202606,23688,23688,23688,23688,2,23644
2025/08/22,202509,23877,23982,23732,23750,56030,23750
2025/08/22,202510,23857,23966,23729,23743,840,23743
2025/08/22,202511,23853,23953,23736,23750,29,23737
2025/08/22,202512,23810,23890,23685,23713,18,23689
2025/08/22,202603,23775,23775,23660,23686,5,23621
2025/08/22,202606,,,,,0,23562
2025/08/25,202509,24120,24314,24070,24251,63108,24255
2025/08/25,202510,24118,24291,24063,24240,713,24240
2025/08/25,202511,24094,24248,24094,24230,11,24230
2025/08/25,202512,24057,24208,24003,24176,17,24176
2025/08/25,202603,24011,24100,24011,24100,5,24086
2025/08/25,202606,,,,,0,24009
2025/08/26,202509,24143,24281,24090,24253,53798,24255
2025/08/26,202510,24161,24267,24086,24250,508,24250
2025/08/26,202511,24105,24225,24100,24225,16,24235
2025/08/26,202512,24168,24168,24137,24137,7,24176
2025/08/26,202603,23966,24063,23966,24043,8,24100
2025/08/26,202606,23973,24019,23973,24019,2,24019
2025/08/27,202509,24350,24496,24331,24463,51154,24464
2025/08/27,202510,24325,24486,24320,24459,520,24457
2025/08/27,202511,24337,24458,24337,24441,13,24441
2025/08/27,202512,24318,24400,24318,24387,8,24387
2025/08/27,202603,24250,24275,24250,24270,3,24292
2025/08/27,202606,24100,24250,24100,24225,4,24197
2025/08/28,202509,24358,24420,24203,24228,62184,24224
2025/08/28,202510,24355,24420,24205,24228,884,24228
2025/08/28,202511,24354,24407,24225,24225,19,24225
2025/08/28,202512,24320,24320,24190,24190,8,24166
2025/08/28,202603,24190,24190,24190,24190,1,24106
2025/08/28,202606,,,,,0,24018
2025/08/29,202509,24401,24453,24246,24267,56576,24268
2025/08/29,202510,24397,24444,24242,24260,1232,24260
2025/08/29,202511,24389,24425,24249,24261,32,24261
2025/08/29,202512,24220,24223,24186,24186,9,24208
2025/08/29,202603,24180,24229,24133,24133,3,24133
2025/08/29,202606,,,,,0,24032
2025/09/01,202509,24120,24245,23847,24008,82254,24007
2025/09/01,202510,24123,24244,23850,24016,1315,24016
2025/09/01,202511,24133,24182,23868,24026,38,24017
2025/09/01,202512,24147,24158,23868,23940,12,23970
2025/09/01,202603,23871,23871,23782,23782,4,23907
2025/09/01,202606,23790,23793,23779,23793,3,23848
2025/09/02,202509,24083,24249,23879,23965,78953,23972
2025/09/02,202510,24076,24242,23880,23966,1236,23966
2025/09/02,202511,24088,24240,23900,23983,48,23983
2025/09/02,202512,24136,24174,23858,23939,19,23939
2025/09/02,202603,24020,24095,23814,23871,7,23879
2025/09/02,202606,23848,23932,23788,23788,4,23814
2025/09/03,202509,23966,24083,23888,23997,57816,23997
2025/09/03,202510,23969,24083,23888,24000,620,24000
2025/09/03,202511,23980,24059,23933,24016,20,24016
2025/09/03,202512,23962,24038,23957,23983,17,23983
2025/09/03,202603,23957,23967,23957,23967,2,23938
2025/09/03,202606,,,,,0,23878
2025/09/04,202509,24195,24365,24113,24132,78433,24130
2025/09/04,202510,24200,24357,24116,24129,1385,24129
2025/09/04,202511,24240,24350,24131,24131,37,24142
2025/09/04,202512,24211,24299,24110,24110,31,24120
2025/09/04,202603,24202,24224,24068,24068,11,24068
2025/09/04,202606,24097,24097,24071,24071,8,24003
2025/09/05,202509,24363,24429,24286,24419,55821,24424
2025/09/05,202510,24365,24421,24282,24412,1209,24418
2025/09/05,202511,24378,24415,24289,24415,41,24415
2025/09/05,202512,24357,24400,24279,24400,13,24400
2025/09/05,202603,24266,24349,24245,24349,6,24340
2025/09/05,202606,24256,24277,24256,24277,3,24277
2025/09/08,202509,24588,24674,24518,24551,58765,24556
2025/09/08,202510,24570,24660,24509,24543,1231,24545
2025/09/08,202511,24583,24638,24523,24552,32,24552
2025/09/08,202512,24590,24639,24493,24562,16,24515
2025/09/08,202603,24537,24537,24489,24489,4,24470
2025/09/08,202606,24506,24512,24475,24475,4,24421
2025/09/09,202509,24725,24838,24660,24802,56977,24803
2025/09/09,202510,24702,24822,24652,24788,2050,24784
2025/09/09,202511,24700,24811,24660,24783,115,24783
2025/09/09,202512,24668,24772,24620,24742,20,24742
2025/09/09,202603,24646,24660,24586,24607,19,24693
2025/09/09,202606,24562,24562,24561,24561,3,24646
2025/09/10,202509,24970,25244,24961,25178,70661,25176
2025/09/10,202510,24942,25220,24942,25148,2828,25152
2025/09/10,202511,24963,25200,24959,25130,111,25150
2025/09/10,202512,24928,25140,24928,25113,101,25113
2025/09/10,202603,24900,25102,24900,25062,32,25062
2025/09/10,202606,,,,,0,25013
2025/09/11,202509,25386,25464,25176,25240,73339,25233
2025/09/11,202510,25382,25450,25168,25226,3366,25225
2025/09/11,202511,25358,25439,25180,25219,85,25228
2025/09/11,202512,25325,25399,25174,25182,41,25195
2025/09/11,202603,25268,25354,25120,25126,55,25137
2025/09/11,202606,25235,25279,25073,25073,6,25098
2025/09/12,202509,25418,25466,25350,25459,55444,25458
2025/09/12,202510,25409,25475,25359,25475,8427,25469
2025/09/12,202511,25410,25463,25384,25462,35,25462
2025/09/12,202512,25406,25437,25337,25437,76,25437
2025/09/12,202603,25320,25370,25320,25360,67,25377
2025/09/12,202606,,,,,0,25349
2025/09/15,202509,25404,25450,25269,25353,89375,25347
2025/09/15,202510,25434,25466,25283,25361,40286,25358
2025/09/15,202511,25442,25467,25325,25365,42,25365
2025/09/15,202512,25429,25430,25266,25329,34,25341
2025/09/15,202603,25348,25348,25190,25251,105,25264
2025/09/15,202606,25288,25288,25288,25288,2,25253
2025/09/16,202509,25420,25663,25410,25629,76338,25625
2025/09/16,202510,25439,25665,25416,25639,39771,25635
2025/09/16,202511,25427,25650,25424,25615,195,25628
2025/09/16,202512,25438,25614,25438,25597,143,25595
2025/09/16,202603,25337,25545,25337,25528,56,25528
2025/09/16,202606,25397,25496,25388,25496,6,25496
2025/09/17,202509,25556,25583,25402,25433,33006,0
2025/09/17,202510,25575,25596,25441,25470,33472,25473
2025/09/17,202511,25583,25587,25448,25473,137,25473
2025/09/17,202512,25537,25561,25435,25453,34,25444
2025/09/17,202603,25450,25505,25360,25388,15,25388
2025/09/17,202606,25386,25386,25348,25348,3,25364
2025/09/18,202510,25623,25747,25490,25709,60615,25712
2025/09/18,202511,25608,25733,25493,25706,874,25706
2025/09/18,202512,25600,25709,25460,25681,138,25681
2025/09/18,202603,25507,25640,25433,25640,15,25621
2025/09/18,202606,25530,25564,25498,25548,6,25567
2025/09/18,202609,25000,25280,24962,25155,45,25161
2025/09/19,202510,25850,25853,25636,25671,59278,25670
2025/09/19,202511,25855,25855,25645,25673,675,25675
2025/09/19,202512,25821,25821,25614,25641,60,25641
2025/09/19,202603,25657,25668,25618,25660,18,25601
2025/09/19,202606,,,,,0,25548
2025/09/19,202609,,,,,0,25164
2025/09/22,202510,25756,25941,25689,25891,57516,25893
2025/09/22,202511,25763,25942,25703,25892,771,25892
2025/09/22,202512,25720,25900,25669,25873,92,25868
2025/09/22,202603,25722,25850,25722,25818,70,25818
2025/09/22,202606,25548,,,25548,10,25771
2025/09/22,202609,25404,25404,25404,25404,5,25394
2025/09/23,202510,26058,26328,26023,26273,77069,26263
2025/09/23,202511,26062,26329,26030,26272,1434,26271
2025/09/23,202512,26031,26298,26022,26203,102,26244
2025/09/23,202603,26015,26185,25995,26185,97,26201
2025/09/23,202606,26005,26095,26005,26079,85,26153
2025/09/23,202609,,,,,0,25778
2025/09/24,202510,26376,26393,26072,26237,71446,26234
2025/09/24,202511,26390,26392,26087,26245,789,26245
2025/09/24,202512,26349,26349,26067,26228,70,26228
2025/09/24,202603,26089,26165,26020,26155,16,26169
2025/09/24,202606,26277,26277,25992,26120,24,26120
2025/09/24,202609,25778,,,25778,9,25774
2025/09/25,202510,26191,26283,26087,26097,55994,26095
2025/09/25,202511,26195,26293,26105,26111,701,26111
2025/09/25,202512,26177,26236,26093,26093,28,26093
2025/09/25,202603,26111,26162,26049,26049,15,26049
2025/09/25,202606,26072,26076,25989,25989,23,25989
2025/09/25,202609,,,,,0,25660
2025/09/26,202510,25944,25991,25500,25669,95718,25660
2025/09/26,202511,25960,26006,25540,25695,1477,25695
2025/09/26,202512,25964,25977,25519,25666,302,25666
2025/09/26,202603,25837,25837,25550,25640,74,25641
2025/09/26,202606,25773,25773,25507,25599,45,25613
2025/09/26,202609,25270,25300,25270,25300,3,25300
2025/09/30,202510,25800,26046,25797,25954,58862,25953
2025/09/30,202511,25798,26056,25798,25968,825,25967
2025/09/30,202512,25782,26024,25782,25936,49,25946
2025/09/30,202603,25866,25919,25830,25919,43,25919
2025/09/30,202606,25827,25938,25827,25937,5,25879
2025/09/30,202609,25572,25572,25525,25525,3,25568
2025/10/01,202510,26094,26375,26000,26045,77280,26043
2025/10/01,202511,26118,26382,26024,26061,1102,26061
2025/10/01,202512,26080,26350,26006,26050,109,26050
2025/10/01,202603,26060,26252,26001,26001,8,26016
2025/10/01,202606,,,,,0,25978
2025/10/01,202609,25699,25869,25699,25869,3,25657
2025/10/02,202510,26459,26527,26381,26431,57057,26424
2025/10/02,202511,26470,26540,26398,26444,822,26438
2025/10/02,202512,26455,26514,26388,26421,56,26421
2025/10/02,202603,26450,26475,26365,26379,30,26399
2025/10/02,202606,26428,26428,26428,26428,1,26355
2025/10/02,202609,26125,26125,26042,26042,7,26042
2025/10/03,202510,26480,26764,26388,26745,68029,26736
2025/10/03,202511,26472,26780,26415,26760,1360,26756
2025/10/03,202512,26456,26756,26454,26756,71,26740
2025/10/03,202603,26449,26723,26434,26715,33,26715
2025/10/03,202606,26400,26664,26400,26664,38,26685
2025/10/03,202609,26042,26281,26042,26281,3,26354
2025/10/07,202510,27202,27356,26995,27322,70532,27317
2025/10/07,202511,27250,27385,27027,27345,1619,27348
2025/10/07,202512,27245,27352,27020,27319,103,27337
2025/10/07,202603,27048,27337,27048,27326,18,27326
2025/10/07,202606,26990,27232,26990,27232,24,27319
2025/10/07,202609,,,,,0,26982
2025/10/08,202510,27061,27127,26912,27093,58514,27093
2025/10/08,202511,27115,27164,26957,27133,1513,27132
2025/10/08,202512,27077,27161,26969,27141,119,27141
2025/10/08,202603,27100,27169,26995,27149,36,27149
2025/10/08,202606,27104,27154,27060,27153,8,27153
2025/10/08,202609,,,,,0,26841
2025/10/09,202510,27440,27455,27273,27335,71155,27338
2025/10/09,202511,27449,27485,27319,27381,7268,27387
2025/10/09,202512,27458,27480,27327,27375,95,27375
2025/10/09,202603,27450,27476,27325,27340,50,27373
2025/10/09,202606,27404,27404,27348,27348,4,27375
2025/10/09,202609,,,,,0,27090
2025/10/13,202510,26450,26945,26390,26904,112620,26915
2025/10/13,202511,26500,27002,26460,26958,41195,26977
2025/10/13,202512,26498,27002,26477,26998,218,26998
2025/10/13,202603,26500,26993,26500,26993,34,26966
2025/10/13,202606,26500,26888,26500,26848,27,26961
2025/10/13,202609,26400,26630,26400,26586,6,26685
2025/10/14,202510,27269,27450,26716,26718,122162,26725
2025/10/14,202511,27309,27493,26762,26765,49859,26770
2025/10/14,202512,27300,27476,26791,26794,290,26794
2025/10/14,202603,27403,27486,26796,26796,59,26774
2025/10/14,202606,27325,27477,26799,26799,44,26765
2025/10/14,202609,27130,27130,26570,26588,5,26511
2025/10/15,202510,26850,27191,26775,27156,45269,0
2025/10/15,202511,26878,27300,26821,27288,50492,27289
2025/10/15,202512,26886,27291,26864,27291,330,27290
2025/10/15,202603,27144,27296,27110,27296,51,27296
2025/10/15,202606,27160,27290,27160,27290,26,27299
2025/10/15,202609,26890,26890,26872,26872,2,27002
2025/10/16,202511,27545,27877,27450,27822,93889,27818
2025/10/16,202512,27500,27864,27448,27801,1069,27815
2025/10/16,202601,27644,27802,27500,27802,10,27835
2025/10/16,202603,27510,27805,27500,27805,13,27829
2025/10/16,202606,27556,27857,27500,27827,18,27827
2025/10/16,202609,27256,27256,27256,27256,5,27547
2025/10/17,202511,27251,27545,27244,27328,70093,27328
2025/10/17,202512,27300,27544,27266,27338,690,27338
2025/10/17,202601,27439,27555,27380,27380,24,27365
2025/10/17,202603,27466,27548,27400,27400,20,27353
2025/10/17,202606,27505,27541,27350,27350,51,27350
2025/10/17,202609,27294,27294,27293,27293,6,27089
2025/10/20,202511,27444,27824,27432,27783,75805,27780
2025/10/20,202512,27457,27820,27443,27780,763,27780
2025/10/20,202601,27570,27807,27570,27805,35,27805
2025/10/20,202603,27553,27835,27553,27807,47,27806
2025/10/20,202606,27536,27830,27536,27803,84,27802
2025/10/20,202609,27541,27547,27492,27497,24,27497
2025/10/21,202511,27900,28036,27798,27833,73065,27831
2025/10/21,202512,27907,28031,27803,27839,1050,27839
2025/10/21,202601,27938,28052,27860,27865,44,27865
2025/10/21,202603,28000,28031,27850,27850,16,27859
2025/10/21,202606,27882,28030,27880,27910,46,27854
2025/10/21,202609,,,,,0,27571
2025/10/22,202511,27690,27797,27526,27704,77497,27708
2025/10/22,202512,27708,27800,27535,27708,1126,27708
2025/10/22,202601,27733,27783,27578,27765,59,27736
2025/10/22,202603,27701,27785,27570,27785,26,27734
2025/10/22,202606,27638,27783,27550,27782,61,27722
2025/10/22,202609,,,,,0,27452
2025/10/23,202511,27385,27629,27313,27556,58000,27556
2025/10/23,202512,27378,27631,27324,27559,551,27559
2025/10/23,202601,27429,27630,27384,27590,24,27590
2025/10/23,202603,27394,27600,27393,27600,27,27588
2025/10/23,202606,27370,27626,27370,27600,33,27572
2025/10/23,202609,27116,27305,27116,27305,4,27305
2025/10/27,202511,28284,28291,28079,28225,60960,28219
2025/10/27,202512,28250,28282,28085,28228,1000,28226
2025/10/27,202601,28290,28298,28118,28225,38,28249
2025/10/27,202603,28202,28286,28150,28196,9,28247
2025/10/27,202606,28254,28254,28111,28180,163,28232
2025/10/27,202609,27305,,,27305,2,27968
2025/10/28,202511,28233,28250,27984,28002,58805,28005
2025/10/28,202512,28264,28264,27992,28007,1289,28011
2025/10/28,202601,28287,28287,28029,28080,58,28038
2025/10/28,202603,28150,28150,28056,28056,23,28037
2025/10/28,202606,28119,28119,28016,28074,44,28023
2025/10/28,202609,,,,,0,27763
2025/10/29,202511,28225,28446,28203,28412,59854,28414
2025/10/29,202512,28202,28445,28202,28419,919,28421
2025/10/29,202601,28234,28463,28234,28449,40,28449
2025/10/29,202603,28288,28450,28280,28450,8,28450
2025/10/29,202606,28326,28433,28326,28411,46,28434
2025/10/29,202609,28169,28169,28169,28169,1,28169
2025/10/30,202511,28430,28552,28181,28398,79008,28399
2025/10/30,202512,28442,28554,28189,28402,1371,28401
2025/10/30,202601,28425,28564,28221,28429,76,28429
2025/10/30,202603,28466,28466,28300,28390,8,28433
2025/10/30,202606,28460,28472,28215,28215,80,28421
2025/10/30,202609,28193,28193,28193,28193,1,28161
2025/10/31,202511,28478,28588,28378,28431,66689,28430
2025/10/31,202512,28451,28592,28389,28444,921,28439
2025/10/31,202601,28497,28600,28431,28470,106,28470
2025/10/31,202603,28496,28515,28462,28476,8,28476
2025/10/31,202606,28513,28580,28450,28450,37,28450
2025/10/31,202609,28275,28363,28194,28194,14,28212
2025/11/03,202511,28380,28583,28229,28340,71870,28341
2025/11/03,202512,28398,28597,28251,28357,1113,28356
2025/11/03,202601,28440,28594,28288,28401,28,28401
2025/11/03,202603,28594,28611,28335,28420,14,28410
2025/11/03,202606,28500,28593,28300,28320,33,28391
2025/11/03,202609,,,,,0,28149
2025/11/04,202511,28410,28594,28113,28117,87286,28119
2025/11/04,202512,28432,28611,28141,28141,1719,28141
2025/11/04,202601,28467,28626,28190,28190,92,28180
2025/11/04,202603,28526,28526,28300,28300,11,28200
2025/11/04,202606,28464,28493,28193,28193,30,28175
2025/11/04,202609,28250,28250,28215,28215,2,27941
2025/11/05,202511,27710,27850,27415,27805,112619,27808
2025/11/05,202512,27787,27871,27458,27826,2508,27829
2025/11/05,202601,27853,27917,27520,27889,101,27872
2025/11/05,202603,27811,27920,27580,27886,50,27886
2025/11/05,202606,27775,27899,27527,27859,77,27859
2025/11/05,202609,27372,27435,27310,27435,4,27639
2025/11/06,202511,28010,28141,27903,28034,69013,28034
2025/11/06,202512,28025,28159,27926,28051,1477,28055
2025/11/06,202601,28045,28180,28025,28082,22,28093
2025/11/06,202603,28005,28201,28000,28103,8,28115
2025/11/06,202606,28057,28155,28050,28153,6,28087
2025/11/06,202609,,,,,0,27865
2025/11/07,202511,27777,27838,27596,27730,78246,27721
2025/11/07,202512,27781,27856,27618,27750,1200,27738
2025/11/07,202601,27844,27898,27690,27768,46,27786
2025/11/07,202603,27885,27888,27750,27762,12,27804
2025/11/07,202606,27854,27885,27678,27748,14,27776
2025/11/07,202609,,,,,0,27563
2025/11/10,202511,27777,28039,27718,28016,70027,28016
2025/11/10,202512,27738,28054,27738,28035,1997,28032
2025/11/10,202601,27820,28062,27763,28057,260,28057
2025/11/10,202603,27829,28019,27789,28019,27,28081
2025/11/10,202606,27801,28005,27759,28005,49,28057
2025/11/10,202609,27563,,,27563,4,27837
2025/11/11,202511,28149,28180,27762,27780,68312,27780
2025/11/11,202512,28176,28196,27788,27791,1598,27799
2025/11/11,202601,28201,28221,27825,27825,69,27828
2025/11/11,202603,28225,28227,27914,27914,19,27850
2025/11/11,202606,28208,28216,27862,27862,21,27824
2025/11/11,202609,,,,,0,27601
2025/11/12,202511,27889,28078,27858,28054,59591,28059
2025/11/12,202512,27900,28074,27860,28055,1944,28057
2025/11/12,202601,28000,28072,27870,28057,62,28058
2025/11/12,202603,28000,28080,28000,28069,21,28069
2025/11/12,202606,28042,28057,28011,28057,28,28035
2025/11/12,202609,,,,,0,27799
2025/11/13,202511,28038,28044,27802,27980,69907,27978
2025/11/13,202512,28060,28060,27817,27988,2364,27990
2025/11/13,202601,27930,28030,27830,27993,45,27993
2025/11/13,202603,27980,28018,27860,28004,27,28003
2025/11/13,202606,27905,28005,27835,27981,9,27981
2025/11/13,202609,,,,,0,27752
2025/11/14,202511,27510,27596,27366,27401,75965,27404
2025/11/14,202512,27533,27610,27384,27433,5678,27422
2025/11/14,202601,27577,27632,27420,27452,91,27451
2025/11/14,202603,27500,27609,27444,27444,13,27460
2025/11/14,202606,27528,27574,27414,27414,25,27433
2025/11/14,202609,,,,,0,27212
2025/11/17,202511,27570,27690,27465,27479,105151,27481
2025/11/17,202512,27548,27663,27422,27441,44885,27448
2025/11/17,202601,27600,27674,27436,27439,179,27439
2025/11/17,202603,27600,27680,27440,27440,89,27440
2025/11/17,202606,27558,27653,27418,27418,30,27418
2025/11/17,202609,27200,27200,27200,27200,1,27200
2025/11/18,202511,27142,27298,26772,26805,105050,26814
2025/11/18,202512,27129,27279,26786,26805,47229,26822
2025/11/18,202601,27166,27274,26818,26855,407,26855
2025/11/18,202603,27150,27262,26850,26850,105,26850
2025/11/18,202606,27100,27242,26820,26859,66,26837
2025/11/18,202609,26700,26724,26696,26696,7,26619
2025/11/19,202511,26807,26915,26537,26615,41184,0
2025/11/19,202512,26801,26919,26559,26595,51969,26606
2025/11/19,202601,26839,26930,26600,26633,155,26637
2025/11/19,202603,26919,26919,26617,26638,94,26638
2025/11/19,202606,26922,26922,26663,26663,54,26631
2025/11/19,202609,26500,26500,26401,26488,3,26445
2025/11/20,202512,27308,27492,27201,27482,86253,27484
2025/11/20,202601,27327,27508,27230,27508,950,27506
2025/11/20,202602,27393,27525,27300,27525,29,27525
2025/11/20,202603,27324,27504,27292,27504,36,27504
2025/11/20,202606,27408,27412,27328,27328,15,27506
2025/11/20,202609,27185,27185,27115,27150,6,27304
2025/11/21,202512,26750,26770,26397,26486,94807,26476
2025/11/21,202601,26847,26847,26427,26507,1079,26502
2025/11/21,202602,26805,26805,26491,26585,31,26537
2025/11/21,202603,26783,26794,26460,26559,149,26512
2025/11/21,202606,26806,26808,26440,26440,122,26519
2025/11/21,202609,26479,26479,26300,26300,15,26312
2025/11/24,202512,26705,26730,26536,26615,64017,26614
2025/11/24,202601,26730,26745,26556,26634,1153,26632
2025/11/24,202602,26730,26764,26600,26636,16,26660
2025/11/24,202603,26707,26707,26590,26600,5,26636
2025/11/24,202606,26739,26740,26580,26650,29,26637
2025/11/24,202609,26542,26554,26422,26422,12,26422
2025/11/25,202512,27055,27105,26773,26933,65279,26933
2025/11/25,202601,27075,27114,26792,26951,644,26948
2025/11/25,202602,27082,27112,26836,26980,37,26980
2025/11/25,202603,27064,27064,26800,26944,19,26957
2025/11/25,202606,27039,27039,26837,26950,14,26950
2025/11/25,202609,26422,,,26422,2,26741
2025/11/26,202512,27188,27384,27133,27329,65611,27339
2025/11/26,202601,27194,27390,27148,27339,655,27348
2025/11/26,202602,27215,27390,27183,27375,40,27375
2025/11/26,202603,27168,27389,27155,27334,16,27334
2025/11/26,202606,27167,27375,27167,27335,8,27335
2025/11/26,202609,27002,27002,27002,27002,10,27104
2025/11/27,202512,27518,27649,27461,27583,61470,27579
2025/11/27,202601,27550,27656,27477,27592,738,27592
2025/11/27,202602,27561,27615,27522,27522,14,27619
2025/11/27,202603,27570,27648,27500,27589,28,27601
2025/11/27,202606,27519,27632,27519,27600,9,27600
2025/11/27,202609,27283,27283,27278,27280,5,27368
2025/11/28,202512,27590,27854,27558,27744,59543,27737
2025/11/28,202601,27600,27866,27576,27754,709,27755
2025/11/28,202602,27622,27880,27622,27787,8,27787
2025/11/28,202603,27637,27835,27588,27835,16,27765
2025/11/28,202606,27786,27806,27783,27806,3,27762
2025/11/28,202609,27444,27444,27444,27444,1,27528
2025/12/01,202512,27650,27674,27401,27404,64629,27406
2025/12/01,202601,27691,27691,27425,27425,866,27430
2025/12/01,202602,27666,27708,27461,27461,42,27461
2025/12/01,202603,27608,27691,27444,27444,26,27444
2025/12/01,202606,27605,27605,27475,27475,5,27438
2025/12/01,202609,27453,27453,27227,27227,5,27202
2025/12/02,202512,27674,27789,27528,27561,56480,27559
2025/12/02,202601,27657,27806,27554,27584,546,27584
2025/12/02,202602,27728,27823,27619,27669,15,27612
2025/12/02,202603,27800,27800,27704,27704,6,27593
2025/12/02,202606,27778,27778,27570,27570,9,27591
2025/12/02,202609,27402,27402,27402,27402,1,27357
2025/12/03,202512,27808,27888,27690,27758,54873,27760
2025/12/03,202601,27835,27912,27725,27795,777,27793
2025/12/03,202602,27886,27935,27750,27799,34,27812
2025/12/03,202603,27864,27864,27770,27774,30,27792
2025/12/03,202606,27760,27782,27760,27782,17,27793
2025/12/03,202609,27357,,,27357,1,27560
2025/12/04,202512,27841,27880,27670,27799,49647,27798
2025/12/04,202601,27882,27905,27705,27828,778,27828
2025/12/04,202602,27852,27918,27750,27860,29,27860
2025/12/04,202603,27910,27910,27738,27839,10,27839
2025/12/04,202606,27790,27845,27770,27837,4,27837
2025/12/04,202609,27504,27564,27504,27564,2,27609
2025/12/05,202512,27792,28019,27763,28016,57889,28010
2025/12/05,202601,27827,28048,27803,28048,1106,28043
2025/12/05,202602,27873,28050,27873,28050,43,28075
2025/12/05,202603,27970,27999,27906,27996,9,28062
2025/12/05,202606,27956,27956,27956,27956,1,28062
2025/12/05,202609,27688,27690,27650,27650,3,27840
2025/12/08,202512,28054,28298,28019,28286,46283,28284
2025/12/08,202601,28098,28322,28058,28313,1187,28312
2025/12/08,202602,28093,28350,28093,28350,54,28340
2025/12/08,202603,28120,28313,28112,28309,13,28337
2025/12/08,202606,28269,28324,28269,28324,5,28324
2025/12/08,202609,27924,28100,27924,28100,9,28100
2025/12/09,202512,28350,28360,28204,28220,41059,28217
2025/12/09,202601,28350,28388,28237,28255,920,28248
2025/12/09,202602,28400,28405,28285,28290,31,28290
2025/12/09,202603,28386,28386,28280,28343,7,28283
2025/12/09,202606,28324,,,28324,2,28280
2025/12/09,202609,28092,28092,28092,28092,1,28045
2025/12/10,202512,28279,28434,28252,28398,52229,28400
2025/12/10,202601,28289,28460,28285,28430,1673,28430
2025/12/10,202602,28334,28458,28334,28436,23,28455
2025/12/10,202603,28346,28440,28346,28440,10,28449
2025/12/10,202606,28472,28472,28472,28472,13,28449
2025/12/10,202609,28106,28171,28106,28171,6,28217
2025/12/11,202512,28600,28602,28059,28110,76960,28101
2025/12/11,202601,28655,28655,28098,28146,2877,28141
2025/12/11,202602,28665,28665,28155,28200,74,28188
2025/12/11,202603,28661,28661,28160,28160,33,28178
2025/12/11,202606,28577,28593,28167,28167,13,28185
2025/12/11,202609,28351,28351,27919,27920,13,27943
2025/12/12,202512,28266,28342,28157,28292,55172,28290
2025/12/12,202601,28293,28389,28206,28344,5349,28341
2025/12/12,202602,28325,28373,28260,28300,34,28383
2025/12/12,202603,28348,28386,28276,28386,7,28378
2025/12/12,202606,28360,28400,28282,28375,9,28382
2025/12/12,202609,28118,28160,28049,28160,4,28159
2025/12/15,202512,27834,27984,27755,27907,78935,27910
2025/12/15,202601,27879,28070,27820,28004,38941,28007
2025/12/15,202602,28043,28126,27883,28071,63,28063
2025/12/15,202603,27966,28079,27888,28062,19,28062
2025/12/15,202606,27970,28108,27918,28090,35,28059
2025/12/15,202609,27733,27869,27724,27845,17,27863
2025/12/16,202512,27630,27689,27411,27624,92661,27635
2025/12/16,202601,27731,27779,27504,27713,44884,27728
2025/12/16,202602,27822,27822,27600,27785,87,27785
2025/12/16,202603,27712,27818,27575,27812,28,27812
2025/12/16,202606,27788,27839,27667,27839,11,27812
2025/12/16,202609,27525,27627,27458,27565,10,27599
2025/12/17,202512,27625,27773,27474,27483,32073,0
2025/12/17,202601,27714,27858,27591,27692,43856,27689
2025/12/17,202602,27828,27907,27665,27763,104,27763
2025/12/17,202603,27800,27903,27672,27744,40,27766
2025/12/17,202606,27828,27890,27786,27788,14,27788
2025/12/17,202609,27686,27686,27576,27576,2,27576
2025/12/18,202601,27500,27679,27457,27591,66879,27598
2025/12/18,202602,27555,27742,27535,27663,750,27667
2025/12/18,202603,27613,27739,27559,27677,45,27677
2025/12/18,202606,27676,27749,27589,27749,17,27712
2025/12/18,202609,27430,27550,27410,27540,21,27504
2025/12/18,202612,27382,27590,27382,27516,4,27534
2025/12/19,202601,27800,27983,27795,27894,64331,27897
2025/12/19,202602,27868,28030,27868,27954,615,27958
2025/12/19,202603,27912,28054,27905,27955,47,27973
2025/12/19,202606,27971,28039,27970,27970,5,28012
2025/12/19,202609,27779,27810,27754,27766,7,27797
2025/12/19,202612,27826,27830,27780,27793,22,27831
2025/12/22,202601,28256,28368,28170,28341,52684,28341
2025/12/22,202602,28310,28428,28241,28403,523,28406
2025/12/22,202603,28325,28430,28257,28405,32,28413
2025/12/22,202606,28383,28475,28375,28443,9,28458
2025/12/22,202609,,,,,0,28241
2025/12/22,202612,28119,28278,28116,28278,4,28278
2025/12/23,202601,28392,28455,28359,28413,38940,28415
2025/12/23,202602,28469,28515,28430,28486,323,28481
2025/12/23,202603,28449,28516,28449,28486,17,28486
2025/12/23,202606,28506,28549,28506,28549,3,28533
2025/12/23,202609,,,,,0,28315
2025/12/23,202612,,,,,0,28364
2025/12/24,202601,28565,28577,28400,28472,37086,28467
2025/12/24,202602,28633,28635,28476,28544,547,28540
2025/12/24,202603,28650,28650,28488,28558,25,28558
2025/12/24,202606,28640,28640,28535,28535,4,28594
2025/12/24,202609,28387,28387,28335,28378,4,28378
2025/12/24,202612,28445,28447,28445,28447,2,28446
2025/12/26,202601,28595,28714,28536,28673,44249,28677
2025/12/26,202602,28651,28782,28606,28744,491,28748
2025/12/26,202603,28669,28789,28643,28761,50,28760
2025/12/26,202606,28780,28810,28700,28795,11,28802
2025/12/26,202609,28481,28563,28481,28555,9,28584
2025/12/26,202612,28670,28671,28670,28671,2,28646
2025/12/29,202601,28749,28998,28713,28950,49289,28940
2025/12/29,202602,28810,29066,28791,29020,597,29012
2025/12/29,202603,28844,29080,28810,29033,63,29033
2025/12/29,202606,28924,29125,28924,29106,40,29106
2025/12/29,202609,28650,28860,28649,28860,6,28881
2025/12/29,202612,28713,28933,28710,28933,12,28933
2025/12/30,202601,28777,28942,28705,28881,45027,28875
2025/12/30,202602,28862,29015,28788,28953,630,28954
2025/12/30,202603,28878,29030,28815,28975,50,28981
2025/12/30,202606,28950,29109,28950,29109,19,29061
2025/12/30,202609,28765,28765,28765,28765,1,28837
2025/12/30,202612,28835,28953,28835,28953,10,28908
2025/12/31,202601,28842,29053,28782,29016,53098,29014
2025/12/31,202602,28917,29127,28868,29100,627,29095
2025/12/31,202603,28937,29130,28898,29120,92,29120
2025/12/31,202606,29030,29193,29030,29193,41,29208
2025/12/31,202609,28837,,,28837,26,28976
2025/12/31,202612,,,,,0,29042
2026/01/02,202601,29047,29500,29026,29473,64172,29479
2026/01/02,202602,29131,29576,29131,29554,1295,29556
2026/01/02,202603,29151,29575,29151,29573,100,29573
2026/01/02,202606,29280,29670,29280,29657,42,29657
2026/01/02,202609,29055,29400,29055,29388,14,29430
2026/01/02,202612,29221,29502,29220,29502,6,29502
2026/01/05,202601,29888,30487,29850,30313,95320,30309
2026/01/05,202602,29976,30572,29943,30410,1504,30401
2026/01/05,202603,29989,30568,29966,30420,120,30420
2026/01/05,202606,30059,30653,30059,30474,68,30509
2026/01/05,202609,29839,30450,29835,30280,40,30295
2026/01/05,202612,29897,30426,29894,30345,35,30345
2026/01/06,202601,30271,30672,30183,30617,59699,30627
2026/01/06,202602,30393,30780,30289,30730,1264,30741
2026/01/06,202603,30418,30816,30348,30804,125,30759
2026/01/06,202606,30452,30896,30452,30887,34,30843
2026/01/06,202609,30229,30631,30229,30631,28,30639
2026/01/06,202612,30320,30712,30320,30639,14,30717
2026/01/07,202601,30609,30676,30448,30516,57861,30516
2026/01/07,202602,30745,30795,30576,30640,902,30630
2026/01/07,202603,30788,30826,30626,30704,32,30697
2026/01/07,202606,30872,30892,30813,30822,17,30800
2026/01/07,202609,30648,30698,30558,30650,8,30600
2026/01/07,202612,,,,,0,30686
2026/01/08,202601,30362,30663,30353,30458,63571,30458
2026/01/08,202602,30470,30766,30470,30572,1286,30567
2026/01/08,202603,30552,30827,30552,30641,154,30623
2026/01/08,202606,30700,30920,30700,30784,16,30738
2026/01/08,202609,30471,30719,30471,30580,11,30533
2026/01/08,202612,30557,30800,30557,30740,5,30625
2026/01/09,202601,30450,30578,30005,30456,83205,30453
2026/01/09,202602,30569,30690,30135,30562,1917,30561
2026/01/09,202603,30623,30740,30196,30618,179,30625
2026/01/09,202606,30630,30840,30319,30774,18,30748
2026/01/09,202609,30496,30535,30200,30535,4,30545
2026/01/09,202612,30364,30695,30364,30695,2,30636
2026/01/12,202601,30717,30763,30555,30701,57701,30700
2026/01/12,202602,30838,30878,30678,30821,1666,30820
2026/01/12,202603,30887,30915,30740,30875,103,30875
2026/01/12,202606,30982,30982,30880,30960,6,31027
2026/01/12,202609,30831,30831,30750,30750,4,30820
2026/01/12,202612,30934,30934,30914,30914,2,30914
2026/01/13,202601,31067,31252,30626,30874,76999,30870
2026/01/13,202602,31168,31364,30753,30993,2194,30990
2026/01/13,202603,31228,31408,30805,31036,194,31036
2026/01/13,202606,31480,31561,30980,31089,40,31212
2026/01/13,202609,31296,31296,30908,30908,11,31005
2026/01/13,202612,31323,31323,30903,30903,5,31119
2026/01/14,202601,31000,31162,30937,30982,54974,30980
2026/01/14,202602,31108,31285,31065,31106,1862,31108
2026/01/14,202603,31209,31336,31139,31158,105,31158
2026/01/14,202606,31380,31422,31322,31380,7,31346
2026/01/14,202609,,,,,0,31144
2026/01/14,202612,31220,31220,31220,31220,1,31250
2026/01/15,202601,30831,31057,30744,31050,58154,31050
2026/01/15,202602,30958,31134,30845,31127,2541,31130
2026/01/15,202603,31027,31151,30901,31151,224,31160
2026/01/15,202606,31200,31200,31200,31200,23,31345
2026/01/15,202609,31085,31085,31085,31085,3,31144
2026/01/15,202612,,,,,0,31262
2026/01/16,202601,31382,31536,31157,31474,72871,31476
2026/01/16,202602,31447,31607,31237,31568,8996,31567
2026/01/16,202603,31462,31610,31255,31578,234,31578
2026/01/16,202606,31574,31770,31500,31741,39,31741
2026/01/16,202609,31400,31560,31273,31514,15,31527
2026/01/16,202612,31502,31670,31370,31615,12,31634
2026/01/19,202601,31272,31774,31208,31669,89177,31672
2026/01/19,202602,31341,31890,31321,31786,34813,31792
2026/01/19,202603,31409,31902,31350,31814,225,31814
2026/01/19,202606,31565,32050,31560,31955,53,31955
2026/01/19,202609,31830,31840,31740,31750,8,31750
2026/01/19,202612,31550,31965,31550,31900,9,31868
2026/01/20,202601,31481,31742,31328,31672,81251,31668
2026/01/20,202602,31640,31860,31476,31800,42093,31794
2026/01/20,202603,31641,31888,31538,31825,232,31825
2026/01/20,202606,31801,31856,31695,31856,28,31998
2026/01/20,202609,31531,31750,31500,31735,7,31787
2026/01/20,202612,31690,31942,31600,31942,8,31908
2026/01/21,202601,31296,31650,31200,31245,48845,0
2026/01/21,202602,31437,31802,31377,31484,59065,31471
2026/01/21,202603,31575,31842,31425,31526,531,31526
2026/01/21,202606,31757,32006,31627,31726,66,31726
2026/01/21,202609,31596,31700,31450,31526,6,31526
2026/01/21,202612,31605,31909,31597,31652,8,31652
2026/01/22,202602,31876,32057,31783,31857,72142,31863
2026/01/22,202603,31912,32106,31845,31910,1394,31914
2026/01/22,202604,32088,32208,32088,32130,27,32006
2026/01/22,202606,32109,32255,32100,32114,30,32100
2026/01/22,202609,31940,32100,31920,32000,33,31918
2026/01/22,202612,32050,32235,32049,32235,5,32053
2026/01/23,202602,31995,32166,31873,32153,68404,32159
2026/01/23,202603,32033,32212,31925,32203,792,32208
2026/01/23,202604,32120,32228,32067,32228,20,32292
2026/01/23,202606,32313,32400,32126,32400,32,32400
2026/01/23,202609,32139,32192,31938,32192,14,32210
2026/01/23,202612,32280,32342,32100,32342,9,32358
2026/01/26,202602,32128,32231,32086,32144,57175,32150
2026/01/26,202603,32202,32267,32128,32181,837,32189
2026/01/26,202604,32297,32322,32287,32288,14,32264
2026/01/26,202606,32383,32451,32340,32370,31,32370
2026/01/26,202609,,,,,0,32188
2026/01/26,202612,32368,32451,32325,32325,7,32352
2026/01/27,202602,32313,32532,32206,32509,62851,32505
2026/01/27,202603,32328,32550,32233,32530,902,32533
2026/01/27,202604,32400,32610,32400,32586,21,32599
2026/01/27,202606,32480,32700,32480,32700,7,32688
2026/01/27,202609,32356,32521,32260,32483,61,32529
2026/01/27,202612,32530,32688,32530,32643,8,32681
2026/01/28,202602,32758,32938,32668,32927,60131,32925
2026/01/28,202603,32777,32963,32701,32957,894,32956
2026/01/28,202604,32856,33032,32791,33032,17,33032
2026/01/28,202606,32953,33100,32880,33098,76,33098
2026/01/28,202609,32830,32942,32730,32940,8,32940
2026/01/28,202612,32886,33075,32880,33075,6,33075
2026/01/29,202602,33014,33014,32587,32777,78180,32774
2026/01/29,202603,33053,33053,32636,32811,1321,32811
2026/01/29,202604,33118,33118,32729,32901,97,32904
2026/01/29,202606,33140,33140,32793,32983,27,32983
2026/01/29,202609,32796,32808,32730,32808,5,32834
2026/01/29,202612,33110,33110,32846,32962,4,32984
2026/01/30,202602,32456,32526,32092,32247,84129,32252
2026/01/30,202603,32550,32570,32149,32298,1520,32298
2026/01/30,202604,32608,32608,32265,32469,47,32398
2026/01/30,202606,32735,32735,32357,32490,56,32490
2026/01/30,202609,32276,32280,32218,32218,6,32323
2026/01/30,202612,32700,32700,32357,32500,19,32475
2026/02/02,202602,31888,31964,31392,31610,104352,31616
2026/02/02,202603,31941,32003,31450,31655,2386,31659
2026/02/02,202604,32039,32069,31570,31774,101,31760
2026/02/02,202606,32126,32201,31650,31910,69,31856
2026/02/02,202609,32026,32026,31478,31708,35,31681
2026/02/02,202612,31926,31926,31683,31709,32,31824
2026/02/03,202602,32386,32446,32004,32261,79583,32284
2026/02/03,202603,32410,32487,32052,32320,2069,32324
2026/02/03,202604,32512,32570,32198,32403,68,32392
2026/02/03,202606,32596,32614,32266,32525,24,32495
2026/02/03,202609,32199,32199,32199,32199,4,32321
2026/02/03,202612,32600,32653,32500,32500,10,32500
2026/02/04,202602,32110,32475,32034,32423,67316,32416
2026/02/04,202603,32163,32510,32080,32455,1742,32452
2026/02/04,202604,32260,32608,32260,32536,63,32551
2026/02/04,202606,32360,32688,32327,32644,74,32652
2026/02/04,202609,32321,,,32321,5,32483
2026/02/04,202612,32333,32674,32333,32543,4,32653
2026/02/05,202602,31970,32166,31798,31907,79892,31902
2026/02/05,202603,32011,32201,31848,31959,2845,31957
2026/02/05,202604,32111,32300,31948,32054,70,32054
2026/02/05,202606,32310,32420,32105,32105,32,32177
2026/02/05,202609,32483,,,32483,25,31986
2026/02/05,202612,32390,32390,32076,32076,4,32157
2026/02/06,202602,31458,31883,31220,31807,98135,31789
2026/02/06,202603,31522,31925,31280,31851,3493,31843
2026/02/06,202604,31617,31995,31400,31930,186,31945
2026/02/06,202606,31805,32062,31550,32062,58,32074
2026/02/06,202609,31506,31875,31506,31798,20,31890
2026/02/06,202612,31588,32060,31588,32060,50,32085
2026/02/09,202602,32824,32836,32515,32651,66559,32650
2026/02/09,202603,32859,32859,32556,32710,11149,32708
2026/02/09,202604,32916,32916,32668,32790,38,32790
2026/02/09,202606,33079,33079,32805,32865,20,32889
2026/02/09,202609,32902,32902,32834,32834,4,32722
2026/02/09,202612,33094,33094,32908,32908,7,32908
2026/02/10,202602,32906,33309,32879,33307,97636,33303
2026/02/10,202603,32972,33462,32937,33444,35306,33448
2026/02/10,202604,33130,33503,33130,33480,99,33498
2026/02/10,202606,33305,33601,33305,33576,63,33584
2026/02/10,202609,33181,33423,33181,33423,6,33423
2026/02/10,202612,33214,33625,33214,33625,20,33625
2026/02/11,202602,33349,33843,33272,33691,84634,33686
2026/02/11,202603,33499,33963,33404,33849,32992,33838
2026/02/11,202604,33601,34034,33498,33906,84,33923
2026/02/11,202606,33747,34166,33747,33995,65,34065
2026/02/11,202609,33510,34016,33510,34016,16,33915
2026/02/11,202612,33696,34295,33696,34294,43,34133
2026/02/23,202602,34269,34369,33836,33840,40512,0
2026/02/23,202603,34183,34507,33836,33961,58585,33971
2026/02/23,202604,34388,34597,33957,34080,303,34080
2026/02/23,202606,34495,34708,34119,34207,66,34230
2026/02/23,202609,34345,34541,34000,34103,47,34103
2026/02/23,202612,34600,34825,34450,34581,7,34330
2026/02/24,202603,34125,34956,34100,34827,78032,34837
2026/02/24,202604,34212,35035,34201,34921,1103,34921
2026/02/24,202605,34336,35150,34322,35015,22,35035
2026/02/24,202606,34359,35190,34359,35070,283,35077
2026/02/24,202609,34261,35005,34261,34923,28,34941
2026/02/24,202612,34522,35210,34522,35199,9,35174
2026/02/25,202603,35243,35777,35065,35490,86639,35489
2026/02/25,202604,35345,35861,35186,35587,1092,35587
2026/02/25,202605,35421,35962,35361,35768,22,35716
2026/02/25,202606,35530,36000,35388,35740,110,35740
2026/02/25,202609,35410,35760,35410,35666,19,35639
2026/02/25,202612,35650,36138,35550,35840,97,35922
2026/02/26,202603,35522,35755,35348,35604,71915,35611
2026/02/26,202604,35620,35845,35448,35715,925,35715
2026/02/26,202605,35780,35944,35592,35775,15,35822
2026/02/26,202606,35790,35990,35700,35871,124,35856
2026/02/26,202609,35694,35881,35560,35770,18,35754
2026/02/26,202612,35979,36144,35816,35991,21,36014
2026/03/02,202603,34744,35495,34722,35232,83451,35238
2026/03/02,202604,34825,35600,34825,35348,2079,35356
2026/03/02,202605,34986,35720,34986,35455,61,35469
2026/03/02,202606,35159,35705,35122,35496,111,35496
2026/03/02,202609,34896,35580,34896,35404,68,35387
2026/03/02,202612,35307,35785,35307,35785,51,35630
2026/03/03,202603,35018,35320,34314,34325,112098,34331
2026/03/03,202604,35137,35426,34435,34446,2162,34455
2026/03/03,202605,35300,35570,34600,34600,59,34588
2026/03/03,202606,35328,35515,34620,34620,248,34592
2026/03/03,202609,35168,35205,34487,34500,41,34500
2026/03/03,202612,35388,35388,34800,34800,11,34777
2026/03/04,202603,33461,33666,32679,32834,153854,32871
2026/03/04,202604,33588,33773,32795,32950,3649,32982
2026/03/04,202605,33697,33850,32900,33134,76,33037
2026/03/04,202606,33632,33852,32888,33015,290,33015
2026/03/04,202609,33621,33689,32754,32926,65,32927
2026/03/04,202612,33854,33864,32881,32881,40,33043
2026/03/05,202603,33911,34294,33392,33639,117939,33666
2026/03/05,202604,33985,34393,33500,33746,2311,33764
2026/03/05,202605,34092,34413,33648,33860,38,33860
2026/03/05,202606,34100,34426,33616,33851,51,33819
2026/03/05,202609,33925,34318,33535,33695,34,33713
2026/03/05,202612,34057,34430,33750,33750,55,33855
2026/03/06,202603,33360,33888,33296,33704,78813,33703
2026/03/06,202604,33441,33969,33394,33794,1264,33794
2026/03/06,202605,33639,33918,33589,33880,18,33880
2026/03/06,202606,33638,33944,33638,33841,42,33841
2026/03/06,202609,33512,33884,33512,33884,10,33737
2026/03/06,202612,33644,33855,33545,33821,10,33821
2026/03/09,202603,31730,32111,31124,31786,117924,31902
2026/03/09,202604,31808,32205,31227,31880,2619,31971
2026/03/09,202605,32199,32199,31357,32031,132,32057
2026/03/09,202606,31775,31988,31364,31988,112,31917
2026/03/09,202609,31700,32017,31208,32017,51,31803
2026/03/09,202612,32000,32055,31292,32055,60,31898
2026/03/10,202603,33242,33329,32374,32696,106333,32717
2026/03/10,202604,33351,33402,32465,32771,1893,32821
2026/03/10,202605,33379,33379,32595,32817,38,32835
2026/03/10,202606,33323,33389,32589,32764,83,32775
2026/03/10,202609,33091,33091,32491,32491,7,32650
2026/03/10,202612,33000,33260,32472,32735,40,32753
2026/03/11,202603,33341,34185,33277,33985,79384,34004
2026/03/11,202604,33425,34269,33368,34092,3052,34101
2026/03/11,202605,33478,34322,33478,34196,38,34165
2026/03/11,202606,33473,34300,33472,34216,124,34132
2026/03/11,202609,33646,34156,33621,34096,42,34021
2026/03/11,202612,33666,34300,33666,34280,66,34151
2026/03/12,202603,33678,33939,33326,33530,78520,33512
2026/03/12,202604,33744,34040,33443,33622,2963,33618
2026/03/12,202605,33680,34084,33547,33714,40,33729
2026/03/12,202606,33684,34076,33550,33570,38,33692
2026/03/12,202609,33567,33871,33515,33515,9,33582
2026/03/12,202612,33700,33800,33563,33708,40,33684
2026/03/13,202603,32664,33518,32663,33315,84529,33304
2026/03/13,202604,32764,33618,32764,33416,5637,33401
2026/03/13,202605,32962,33709,32962,33542,90,33519
2026/03/13,202606,32934,33590,32934,33386,41,33485
2026/03/13,202609,32823,33404,32823,33400,16,33378
2026/03/13,202612,32968,33600,32968,33600,52,33476
2026/03/16,202603,33460,33723,33077,33250,107940,33264
2026/03/16,202604,33476,33813,33164,33373,38660,33385
2026/03/16,202605,33649,33896,33334,33428,67,33439
2026/03/16,202606,33560,33840,33276,33426,64,33426
2026/03/16,202609,33575,33575,33296,33300,7,33300
2026/03/16,202612,33540,33602,33400,33400,8,33400
2026/03/17,202603,33616,34017,33593,33795,77658,33801
2026/03/17,202604,33729,34089,33698,33910,39668,33917
2026/03/17,202605,33803,34118,33803,33990,59,33990
2026/03/17,202606,33860,34103,33800,33965,16,33965
2026/03/17,202609,33941,33988,33800,33888,18,33866
2026/03/17,202612,33772,34010,33772,34010,8,33966
2026/03/18,202603,34266,34440,34100,34263,36612,0
2026/03/18,202604,34351,34580,34247,34551,42935,34558
2026/03/18,202605,34446,34660,34341,34652,151,34650
2026/03/18,202606,34499,34643,34400,34643,12,34643
2026/03/18,202609,34500,34500,34235,34385,8,34536
2026/03/18,202612,34516,34637,34451,34637,10,34637
2026/03/19,202604,33898,34083,33537,33553,70707,33559
2026/03/19,202605,34018,34190,33655,33655,444,33668
2026/03/19,202606,34046,34193,33700,33700,41,33700
2026/03/19,202609,33962,34119,33732,33732,15,33595
2026/03/19,202612,34038,34124,33935,34124,3,33698
2026/03/19,202703,34275,34275,33888,33888,2,33831
2026/03/20,202604,33809,33888,33371,33559,78064,33559
2026/03/20,202605,33911,33992,33500,33658,674,33668
2026/03/20,202606,33924,33990,33563,33741,24,33688
2026/03/20,202609,33759,33880,33500,33600,35,33600
2026/03/20,202612,33800,34021,33556,33722,44,33704
2026/03/20,202703,,,,,0,33851
2026/03/23,202604,32501,32890,32213,32532,85507,32559
2026/03/23,202605,32556,32983,32333,32630,504,32674
2026/03/23,202606,32570,33000,32501,32645,70,32645
2026/03/23,202609,32476,32855,32335,32580,17,32566
2026/03/23,202612,32581,32950,32400,32700,54,32660
2026/03/23,202703,32747,33147,32559,33147,10,32863
2026/03/24,202604,33280,33393,32342,32771,92474,32781
2026/03/24,202605,33431,33465,32465,32870,771,32870
2026/03/24,202606,33452,33452,32580,32858,74,32879
2026/03/24,202609,33240,33280,32500,32756,56,32785
2026/03/24,202612,33326,33438,32491,32720,16,32873
2026/03/24,202703,33189,33189,33189,33189,4,33075
2026/03/25,202604,33786,33880,33444,33638,65796,33623
2026/03/25,202605,33861,33965,33550,33733,629,33734
2026/03/25,202606,33900,33925,33571,33740,22,33740
2026/03/25,202609,33888,33888,33510,33510,6,33647
2026/03/25,202612,33884,33884,33884,33884,2,33738
2026/03/25,202703,33982,33982,33982,33982,5,33958
2026/03/26,202604,33855,34024,33347,33440,68947,33441
2026/03/26,202605,33969,34120,33469,33558,690,33541
2026/03/26,202606,33924,34103,33498,33576,52,33576
2026/03/26,202609,33873,33875,33380,33500,22,33500
2026/03/26,202612,33918,34000,33485,33485,10,33559
2026/03/26,202703,,,,,0,33776
2026/03/27,202604,32793,33243,32652,33120,64049,33126
2026/03/27,202605,32950,33370,32801,33250,364,33250
2026/03/27,202606,32935,33355,32895,33268,60,33271
2026/03/27,202609,32935,33150,32850,33150,10,33164
2026/03/27,202612,32982,33300,32982,33285,3,33261
2026/03/27,202703,,,,,0,33473
2026/03/30,202604,32048,32712,32027,32468,70743,32480
2026/03/30,202605,32175,32826,32159,32591,1160,32595
2026/03/30,202606,32322,32786,32322,32745,90,32611
2026/03/30,202609,32422,32538,32422,32508,4,32508
2026/03/30,202612,32296,32627,32236,32627,14,32611
2026/03/30,202703,32500,32800,32500,32800,16,32839
2026/03/31,202604,32000,32451,31806,31979,93371,31954
2026/03/31,202605,32106,32560,31950,32105,1026,32105
2026/03/31,202606,32308,32552,31988,32112,76,32112
2026/03/31,202609,32183,32380,31875,31927,16,32031
2026/03/31,202612,32121,32121,31987,32081,16,32129
2026/03/31,202703,32550,32650,32400,32400,40,32412
2026/04/01,202604,33049,33411,32906,33402,65125,33389
2026/04/01,202605,33200,33535,33050,33528,636,33513
2026/04/01,202606,33273,33550,33102,33535,61,33530
2026/04/01,202609,33230,33450,32972,33450,9,33450
2026/04/01,202612,33298,33547,33102,33530,61,33530
2026/04/01,202703,33652,33800,33652,33800,2,33800
2026/04/02,202604,33676,33687,32486,32487,85468,32505
2026/04/02,202605,33822,33822,32632,32632,801,32634
2026/04/02,202606,33787,33800,32675,32675,130,32646
2026/04/02,202609,33528,33528,32560,32560,26,32560
2026/04/02,202612,33750,33750,32800,32800,13,32644
2026/04/02,202703,33500,33500,33088,33088,6,32920
2026/04/07,202604,33192,33377,32955,33159,51955,33177
2026/04/07,202605,33272,33497,33085,33287,647,33302
2026/04/07,202606,33326,33507,33165,33323,35,33323
2026/04/07,202609,33250,33421,33060,33223,22,33223
2026/04/07,202612,33416,33478,33244,33333,16,33333
2026/04/07,202703,33575,33575,33575,33575,1,33588
2026/04/08,202604,34651,35060,34473,34996,74154,35016
2026/04/08,202605,34700,35168,34601,35122,1526,35131
2026/04/08,202606,34703,35174,34695,35123,109,35130
2026/04/08,202609,34666,35100,34568,35030,40,35041
2026/04/08,202612,34792,35182,34677,35170,44,35143
2026/04/08,202703,34792,35426,34792,35426,16,35375
2026/04/09,202604,35032,35100,34745,34932,53298,34924
2026/04/09,202605,35220,35220,34888,35055,1718,35059
2026/04/09,202606,35200,35200,34901,35109,37,35082
2026/04/09,202609,35041,35041,34857,35000,7,34994
2026/04/09,202612,35213,35213,34950,34999,19,35090
2026/04/09,202703,35250,35250,35250,35250,1,35348
2026/04/10,202604,35249,35580,35215,35567,55415,35569
2026/04/10,202605,35359,35711,35347,35697,3512,35703
2026/04/10,202606,35470,35728,35470,35710,89,35727
2026/04/10,202609,35378,35604,35376,35600,15,35630
2026/04/10,202612,35486,35733,35486,35721,20,35721
2026/04/10,202703,35950,35950,35950,35950,1,35984
2026/04/13,202604,35280,35652,35225,35457,83511,35460
2026/04/13,202605,35442,35852,35377,35652,45473,35650
2026/04/13,202606,35471,35870,35467,35681,449,35693
2026/04/13,202609,35346,35737,35346,35598,53,35598
2026/04/13,202612,35408,35750,35408,35702,10,35702
2026/04/13,202703,,,,,0,35937
2026/04/14,202604,36060,36430,35990,36381,71746,36377
2026/04/14,202605,36267,36664,36209,36639,40815,36649
2026/04/14,202606,36289,36701,36255,36692,732,36692
2026/04/14,202609,36184,36662,36184,36662,41,36652
2026/04/14,202612,36314,36802,36314,36800,19,36800
2026/04/14,202703,36720,37000,36720,36999,26,37035
2026/04/15,202604,36725,37073,36618,36643,30496,0
2026/04/15,202605,36997,37359,36909,36977,42753,36985
2026/04/15,202606,37066,37408,36981,37073,133,37076
2026/04/15,202609,37027,37313,36968,37050,52,37050
2026/04/15,202612,37205,37505,37161,37255,26,37215
2026/04/15,202703,37786,37864,37785,37864,5,37514
2026/04/16,202605,37321,37666,37086,37645,56683,37649
2026/04/16,202606,37408,37748,37188,37744,629,37746
2026/04/16,202607,37300,37444,37158,37444,27,37659
2026/04/16,202609,37386,37617,37208,37617,48,37752
2026/04/16,202612,37628,37901,37471,37891,24,37962
2026/04/16,202703,37755,37755,37755,37755,3,38250
2026/04/17,202605,37145,37388,37033,37083,51355,37078
2026/04/17,202606,37303,37466,37130,37151,427,37151
2026/04/17,202607,37305,37371,37110,37110,18,37122
2026/04/17,202609,37347,37487,37200,37200,70,37200
2026/04/17,202612,37681,37681,37384,37385,29,37410
2026/04/17,202703,37836,37836,37836,37836,1,37707
2026/04/20,202605,37324,37704,37209,37254,52704,37240
2026/04/20,202606,37442,37788,37311,37349,476,37333
2026/04/20,202607,37322,37719,37262,37285,38,37273
2026/04/20,202609,37444,37792,37330,37330,45,37330
2026/04/20,202612,37939,37973,37655,37655,26,37599
2026/04/20,202703,37707,,,37707,6,37920
2026/04/21,202605,37707,38159,37647,38048,63284,38048
2026/04/21,202606,37795,38241,37746,38132,556,38132
2026/04/21,202607,37770,38148,37758,38025,57,38078
2026/04/21,202609,37850,38238,37825,38124,43,38168
2026/04/21,202612,38295,38520,38095,38390,33,38427
2026/04/21,202703,37920,,,37920,2,38798
2026/04/22,202605,38150,38369,37925,38206,54740,38216
2026/04/22,202606,38223,38450,38040,38288,559,38303
2026/04/22,202607,38169,38400,38078,38206,22,38244
2026/04/22,202609,38250,38461,38070,38333,24,38345
2026/04/22,202612,38532,38728,38532,38638,7,38642
2026/04/22,202703,,,,,0,39045
2026/04/23,202605,38686,39087,37408,37875,111647,37851
2026/04/23,202606,38784,39162,37512,37972,1239,37969
2026/04/23,202607,38709,39065,37537,38070,88,37931
2026/04/23,202609,38828,39193,37600,38020,105,38043
2026/04/23,202612,39063,39419,38044,38398,24,38387
2026/04/23,202703,39390,39390,39050,39050,4,38794
2026/04/24,202605,38299,39244,38268,39224,87114,39222
2026/04/24,202606,38323,39322,38323,39309,958,39310
2026/04/24,202607,38414,39280,38412,39280,80,39258
2026/04/24,202609,38575,39370,38575,39353,28,39353
2026/04/24,202612,38877,39687,38877,39687,30,39687
2026/04/24,202703,39830,39830,39501,39501,3,40119
2026/04/27,202605,39999,40458,39837,39888,80194,39921
2026/04/27,202606,40086,40521,39949,39982,859,39997
2026/04/27,202607,40039,40460,39949,39949,55,39949
2026/04/27,202609,40177,40580,40000,40078,38,40047
2026/04/27,202612,40500,40892,40380,40380,11,40390
2026/04/27,202703,41219,41219,41090,41111,14,40952
2026/04/28,202605,39820,40347,39661,39749,63337,39733
2026/04/28,202606,39900,40435,39750,39815,1485,39814
2026/04/28,202607,40011,40373,39760,39760,51,39796
2026/04/28,202609,40044,40310,39888,39895,12,39895
2026/04/28,202612,40501,40796,40178,40178,10,40234
2026/04/28,202703,41350,41515,40955,40955,11,40762
2026/04/29,202605,39698,39790,39123,39490,59705,39479
2026/04/29,202606,39748,39824,39218,39550,1006,39572
2026/04/29,202607,39779,39779,39187,39466,24,39540
2026/04/29,202609,39650,39807,39360,39697,16,39636
2026/04/29,202612,40250,40250,39778,40092,13,39968
2026/04/29,202703,40458,40550,40458,40550,7,40337
2026/04/30,202605,39698,39937,39265,39360,70719,39342
2026/04/30,202606,39698,40016,39362,39424,1292,39418
2026/04/30,202607,39648,39980,39335,39420,51,39420
2026/04/30,202609,39852,39852,39500,39500,10,39500
2026/04/30,202612,40181,40389,40065,40090,16,39821
2026/04/30,202703,,,,,0,40200
2026/05/04,202605,40440,41074,40167,41031,63214,41056
2026/05/04,202606,40480,41162,40250,41126,1429,41138
2026/05/04,202607,40398,41030,40278,41030,57,41082
2026/05/04,202609,40500,41100,40398,41088,33,41177
2026/05/04,202612,40718,41409,40631,41402,35,41454
2026/05/04,202703,,,,,0,41831
2026/05/05,202605,40936,41097,40798,41035,41739,41034
2026/05/05,202606,41046,41188,40900,41133,444,41128
2026/05/05,202607,40934,41074,40913,41031,16,41090
2026/05/05,202609,41100,41190,40958,41190,8,41190
2026/05/05,202612,41400,41520,41288,41520,7,41506
2026/05/05,202703,41792,41792,41792,41792,2,41903
2026/05/06,202605,41650,42005,41038,41503,83758,41514
2026/05/06,202606,41680,42104,41164,41625,1637,41625
2026/05/06,202607,41680,42026,41200,41582,47,41604
2026/05/06,202609,41988,41999,41429,41750,17,41712
2026/05/06,202612,42205,42451,41678,42039,32,42039
2026/05/06,202703,42808,42876,42101,42460,12,42460
2026/05/07,202605,42329,42468,42005,42340,59558,42352
2026/05/07,202606,42478,42570,42131,42477,909,42475
2026/05/07,202607,42278,42544,42168,42477,52,42463
2026/05/07,202609,42326,42628,42326,42628,27,42582
2026/05/07,202612,42735,43088,42650,42990,24,42987
2026/05/07,202703,43444,43444,43098,43361,6,43565
2026/05/08,202605,42120,42343,41539,41937,66370,41931
2026/05/08,202606,42181,42466,41680,42068,1128,42060
2026/05/08,202607,42217,42435,41725,42122,85,42103
2026/05/08,202609,42482,42606,41850,42238,34,42238
2026/05/08,202612,42888,43070,42629,42698,13,42711
2026/05/08,202703,43246,43246,43246,43246,1,43268
2026/05/11,202605,42230,42258,41802,41945,46800,41969
2026/05/11,202606,42341,42387,41942,42074,1394,42080
2026/05/11,202607,42381,42382,41998,42113,142,42114
2026/05/11,202609,42480,42480,42150,42456,39,42258
2026/05/11,202612,42720,42911,42710,42873,30,42689
2026/05/11,202703,43420,43448,43251,43303,30,43282
2026/05/12,202605,42200,42363,41607,41695,72568,41704
2026/05/12,202606,42299,42475,41738,41818,1923,41826
2026/05/12,202607,42353,42457,41800,41850,213,41848
2026/05/12,202609,42500,42500,41950,42084,35,41994
2026/05/12,202612,42955,42955,42400,42453,17,42455
2026/05/12,202703,43297,43297,43000,43000,7,43000
2026/05/13,202605,41238,41604,40984,41469,73412,41448
2026/05/13,202606,41353,41714,41109,41563,2125,41576
2026/05/13,202607,41400,41705,41125,41566,136,41566
2026/05/13,202609,41368,41857,41288,41831,36,41741
2026/05/13,202612,41996,42178,41996,42158,13,42164
2026/05/13,202703,,,,,0,42720
2026/05/14,202605,41948,42238,41497,41602,73073,41636
2026/05/14,202606,41988,42350,41629,41727,3606,41744
2026/05/14,202607,42045,42300,41636,41780,93,41732
2026/05/14,202609,42260,42260,41830,41830,17,41901
2026/05/14,202612,42878,42878,42274,42274,8,42331
2026/05/14,202703,43200,43308,42801,42801,9,42850
2026/05/15,202605,42282,42454,40976,41012,100977,40998
2026/05/15,202606,42402,42573,41164,41183,11951,41176
2026/05/15,202607,42425,42500,41121,41121,257,41135
2026/05/15,202609,42560,42560,41335,41335,27,41335
2026/05/15,202612,42966,43100,42000,42000,20,41774
2026/05/15,202703,42797,42811,42491,42491,5,42266
2026/05/18,202605,40200,40990,40169,40807,99781,40797
2026/05/18,202606,40413,41180,40349,40965,43212,40963
2026/05/18,202607,40356,41100,40331,40953,220,40953
2026/05/18,202609,40675,41271,40631,41139,27,41140
2026/05/18,202612,41619,41700,41600,41630,10,41607
2026/05/18,202703,41605,42250,41605,42235,16,42144
2026/05/19,202605,40890,40931,40188,40248,86112,40240
2026/05/19,202606,40992,41100,40380,40383,45710,40399
2026/05/19,202607,41037,41037,40377,40378,282,40381
2026/05/19,202609,41049,41144,40629,40705,54,40604
2026/05/19,202612,41350,41350,41119,41166,5,41094
2026/05/19,202703,42007,42050,41800,41800,18,41800
2026/05/20,202605,40051,40405,39881,40078,35358,0
2026/05/20,202606,40282,40544,40005,40134,46223,40124
2026/05/20,202607,40232,40452,40076,40166,94,40178
2026/05/20,202609,40398,40731,40308,40391,56,40391
2026/05/20,202612,41051,41187,40828,40880,29,40921
2026/05/20,202703,41650,41666,41500,41500,10,41556
2026/05/21,202606,40967,41666,40957,41473,54092,41503
2026/05/21,202607,40971,41661,40971,41474,687,41488
2026/05/21,202608,41500,41802,41500,41661,53,41672
2026/05/21,202609,41541,41875,41541,41705,50,41705
2026/05/21,202612,42177,42268,42177,42268,4,42218
2026/05/21,202703,42780,42978,42780,42978,5,42848
2026/05/22,202606,42196,42502,41790,42442,57547,42455
2026/05/22,202607,42222,42495,41811,42456,535,42460
2026/05/22,202608,42418,42555,41975,42555,16,42595
2026/05/22,202609,42233,42665,42145,42665,41,42685
2026/05/22,202612,42782,43123,42680,43100,8,43177
2026/05/22,202703,43374,43680,43374,43680,3,43812
2026/05/25,202606,43195,44050,43004,43877,58040,43870
2026/05/25,202607,43183,44042,43079,43863,639,43863
2026/05/25,202608,43449,44035,43398,44035,28,44046
2026/05/25,202609,43440,44299,43440,44084,33,44139
2026/05/25,202612,43953,44606,43953,44594,25,44629
2026/05/25,202703,44666,45351,44666,45351,3,45249
2026/05/26,202606,44274,44280,43619,43893,57331,43864
2026/05/26,202607,44262,44262,43630,43890,386,43864
2026/05/26,202608,44278,44350,43966,43966,7,44081
2026/05/26,202609,44400,44400,43949,44148,26,44148
2026/05/26,202612,44947,44955,44518,44625,21,44661
2026/05/26,202703,,,,,0,45294
2026/05/27,202606,44490,45299,44336,44798,83854,44794
2026/05/27,202607,44460,45288,44348,44800,774,44800
2026/05/27,202608,44700,45300,44650,44860,30,44976
2026/05/27,202609,44850,45436,44700,44984,50,45082
2026/05/27,202612,45338,45932,45209,45411,43,45594
2026/05/27,202703,46418,46466,46151,46151,4,46232
2026/05/28,202606,45174,45348,43458,43842,98081,43839
2026/05/28,202607,45181,45300,43498,43865,851,43851
2026/05/28,202608,45300,45430,43700,44028,31,44028
2026/05/28,202609,45400,45400,43829,44155,46,44155
2026/05/28,202612,45966,46088,44344,44400,18,44676
2026/05/28,202703,45732,45732,45176,45352,11,45352
2026/05/29,202606,44655,45471,44655,45285,66493,45315
2026/05/29,202607,44655,45467,44655,45300,587,45308
2026/05/29,202608,45190,45627,45190,45627,9,45487
2026/05/29,202609,45012,45759,45012,45715,18,45611
2026/05/29,202612,45500,46292,45500,46292,25,46124
2026/05/29,202703,46655,46806,46586,46806,4,46828
2026/06/01,202606,45483,46465,45405,46035,75635,46041
2026/06/01,202607,45467,46454,45426,46059,963,46045
2026/06/01,202608,45766,46337,45636,46323,16,46296
2026/06/01,202609,45921,46680,45800,46331,74,46427
2026/06/01,202612,46430,47170,46264,46900,44,46970
2026/06/01,202703,47260,47700,47260,47500,5,47733
2026/06/02,202606,46145,46228,45333,46087,73548,46103
2026/06/02,202607,46153,46246,45386,46105,935,46105
2026/06/02,202608,46400,46400,45660,46050,57,46370
2026/06/02,202609,46150,46150,45977,45977,56,46538
2026/06/02,202612,47189,47189,46422,46899,7,47123
2026/06/02,202703,,,,,0,47874
2026/06/03,202606,46718,46994,46550,46868,56092,46857
2026/06/03,202607,46850,47013,46590,46893,1142,46902
2026/06/03,202608,46970,47150,46930,47150,28,47118
2026/06/03,202609,47270,47399,47195,47326,16,47297
2026/06/03,202612,47810,47877,47650,47838,10,47881
2026/06/03,202703,,,,,0,48645
2026/06/04,202606,46505,46587,46140,46294,59484,46310
2026/06/04,202607,46534,46640,46210,46356,678,46365
2026/06/04,202608,46686,46820,46503,46568,21,46639
2026/06/04,202609,46880,46980,46777,46777,14,46830
2026/06/04,202612,47500,47677,47377,47677,7,47490
2026/06/04,202703,48300,48300,48300,48300,4,48279
2026/06/05,202606,45668,45785,44655,45211,97457,45226
2026/06/05,202607,45750,45863,44752,45284,1462,45317
2026/06/05,202608,45943,45974,45057,45649,40,45578
2026/06/05,202609,46048,46267,45416,45880,30,45763
2026/06/05,202612,46923,46952,46190,46952,8,46459
2026/06/05,202703,47200,47200,47200,47200,1,47334
2026/06/08,202606,42344,43655,42225,43080,108149,43083
2026/06/08,202607,42038,43678,42038,43107,1811,43150
2026/06/08,202608,42748,43750,42632,43270,35,43293
2026/06/08,202609,42781,44066,42586,43521,48,43504
2026/06/08,202612,43618,44000,43493,43815,11,44161
2026/06/08,202703,45469,45570,45349,45349,5,45003
2026/06/09,202606,43661,44750,43552,44665,73328,44677
2026/06/09,202607,43733,44813,43621,44729,2288,44745
2026/06/09,202608,43824,44855,43824,44855,15,44885
2026/06/09,202609,44600,44600,44600,44600,24,45087
2026/06/09,202612,45285,45285,45285,45285,1,45709
2026/06/09,202703,45400,46269,45400,46269,6,46462
2026/06/10,202606,43839,44481,43126,43422,94590,43367
2026/06/10,202607,43889,44510,43158,43457,4641,43410
2026/06/10,202608,44164,44555,43398,43554,28,43666
2026/06/10,202609,44660,44800,43777,43777,89,43843
2026/06/10,202612,45450,45450,44517,44517,5,44462
2026/06/10,202703,45834,45834,45077,45077,5,45252
2026/06/11,202606,42643,43509,42050,43241,103003,43219
2026/06/11,202607,42629,43528,42088,43303,6903,43290
2026/06/11,202608,43278,43700,42379,43420,57,43420
2026/06/11,202609,43082,43800,42550,43444,167,43589
2026/06/11,202612,43626,44128,43252,44128,11,44213
2026/06/11,202703,,,,,0,45104
2026/06/12,202606,44929,44931,44045,44188,80412,44217
2026/06/12,202607,44967,44967,44106,44314,11456,44330
2026/06/12,202608,44959,45000,44357,44503,38,44420
2026/06/12,202609,45060,45080,44411,44656,38,44590
2026/06/12,202612,45606,45606,45116,45272,10,45184
2026/06/12,202703,,,,,0,46011
2026/06/15,202606,45750,45905,45340,45580,93560,45597
2026/06/15,202607,45783,45982,45428,45817,47214,45820
2026/06/15,202608,45866,45994,45700,45968,23,45968
2026/06/15,202609,46090,46250,45855,46068,34,46068
2026/06/15,202612,46699,46806,46524,46723,16,46690
2026/06/15,202703,,,,,0,47517
2026/06/16,202606,46124,46198,45463,45772,78609,45764
2026/06/16,202607,46394,46394,45658,45849,43099,45839
2026/06/16,202608,46460,46480,45988,46168,63,46116
2026/06/16,202609,46369,46386,46177,46386,13,46287
2026/06/16,202612,46800,46984,46760,46972,6,46905
2026/06/16,202703,48050,48050,48050,48050,1,47709
2026/06/17,202606,45345,45745,45113,45668,31546,0
2026/06/17,202607,45410,46065,45215,46031,40018,46011
2026/06/17,202608,45701,46261,45466,46249,53,46249
2026/06/17,202609,46088,46400,46015,46400,6,46472
2026/06/17,202612,46520,47077,46520,47077,7,47095
2026/06/17,202703,,,,,0,47898
2026/06/18,202607,46470,46778,46260,46769,60125,46752
2026/06/18,202608,46716,47002,46504,47002,441,46998
2026/06/18,202609,46915,47199,46700,47199,44,47199
2026/06/18,202612,47476,47740,47380,47740,22,47814
2026/06/18,202703,48388,48436,48316,48436,4,48617
2026/06/18,202706,49380,49417,49380,49417,3,49417
2026/06/22,202607,47460,48476,47371,48413,58587,48428
2026/06/22,202608,47642,48703,47642,48660,371,48654
2026/06/22,202609,47844,48807,47844,48807,31,48859
2026/06/22,202612,48572,49456,48572,49426,12,49493
2026/06/22,202703,,,,,0,50291
2026/06/22,202706,50708,50708,50708,50708,1,51157
2026/06/23,202607,48650,48711,47404,47436,78573,47437
2026/06/23,202608,49112,49112,47688,47730,868,47730
2026/06/23,202609,48777,48777,47934,47934,231,47955
2026/06/23,202612,49331,49333,48828,48828,5,48688
2026/06/23,202703,50050,50050,49843,49843,2,49502
2026/06/23,202706,51411,51411,50480,50480,4,50279
2026/06/24,202607,46858,47067,45898,46387,96199,46407
2026/06/24,202608,47063,47345,46207,46654,1104,46693
2026/06/24,202609,47293,47550,46501,46850,149,46877
2026/06/24,202612,48061,48061,47430,47636,10,47657
2026/06/24,202703,48696,48696,48400,48400,4,48497
2026/06/24,202706,49266,49489,49266,49489,8,49274
2026/06/25,202607,46993,46997,46091,46544,70863,46527
2026/06/25,202608,47228,47252,46400,46783,663,46778
2026/06/25,202609,47242,47401,46630,46981,36,47038
2026/06/25,202612,48098,48098,47657,47657,2,47864
2026/06/25,202703,,,,,0,48699
2026/06/25,202706,49570,49570,49570,49570,1,49512
2026/06/26,202607,45709,45922,44264,44373,102163,44452
2026/06/26,202608,45940,46150,44579,44665,844,44669
2026/06/26,202609,46170,46347,44894,44894,110,44894
2026/06/26,202612,47121,47121,46056,46056,20,45697
2026/06/26,202703,46511,47161,46511,47161,9,46572
2026/06/26,202706,48732,48732,47600,47600,12,47382
2026/06/29,202607,44799,45637,44373,45550,73327,45556
2026/06/29,202608,45055,45854,44656,45803,594,45803
2026/06/29,202609,44900,46055,44900,46000,89,45983
2026/06/29,202612,46700,46845,46580,46845,5,46845
2026/06/29,202703,46572,,,46572,2,47688
2026/06/29,202706,47571,48615,47571,48615,2,48561
2026/06/30,202607,46100,46883,45922,46730,65773,46779
2026/06/30,202608,46349,47090,46150,46948,600,46995
2026/06/30,202609,46401,47270,46401,47270,45,47151
2026/06/30,202612,47280,47726,47280,47577,10,47980
2026/06/30,202703,48453,48966,48402,48878,22,48878
2026/06/30,202706,49350,49648,49350,49648,7,49715
2026/07/01,202607,47516,47695,46895,47231,58097,47221
2026/07/01,202608,47706,47890,47118,47412,790,47426
2026/07/01,202609,47908,47908,47358,47614,33,47614
2026/07/01,202612,48439,48450,48435,48435,3,48422
2026/07/01,202703,,,,,0,49320
2026/07/01,202706,50250,50250,50250,50250,2,50133
2026/07/02,202607,46200,46987,45780,46599,66083,46606
2026/07/02,202608,46536,47180,46041,46816,721,46812
2026/07/02,202609,46500,47342,46435,47050,68,47009
2026/07/02,202612,47680,48056,47680,48056,6,47808
2026/07/02,202703,49066,49066,49015,49015,2,48716
2026/07/02,202706,49768,49768,49768,49768,1,49527
2026/07/03,202607,45700,47084,45608,46966,58841,47000
2026/07/03,202608,45917,47285,45869,47181,763,47207
2026/07/03,202609,46520,47477,46520,47425,38,47388
2026/07/03,202612,47709,47800,47709,47800,7,48172
2026/07/03,202703,,,,,0,49074
2026/07/03,202706,49478,49769,49478,49769,2,49909
2026/07/06,202607,47280,47547,46581,46886,59366,46874
2026/07/06,202608,47493,47757,46844,47131,1841,47144
2026/07/06,202609,47777,47960,47100,47363,66,47363
2026/07/06,202612,48688,48688,48084,48084,7,48101
2026/07/06,202703,,,,,0,48990
2026/07/06,202706,,,,,0,49818
2026/07/07,202607,47000,47187,45599,45775,86627,45695
2026/07/07,202608,47303,47450,45886,45982,3036,45978
2026/07/07,202609,47537,47626,46220,46345,192,46243
2026/07/07,202612,48100,48266,47155,47155,56,47092
2026/07/07,202703,48990,,,48990,2,47936
2026/07/07,202706,48918,48918,48918,48918,1,48709
2026/07/08,202607,45606,45960,45240,45564,75442,45563
2026/07/08,202608,45744,46222,45504,45824,3791,45846
2026/07/08,202609,46203,46365,45700,46084,57,46015
2026/07/08,202612,46901,47222,46901,47126,3,46846
2026/07/08,202703,,,,,0,47700
2026/07/08,202706,48449,48449,48449,48449,1,48492
2026/07/09,202607,46008,46158,45331,45678,73407,45648
2026/07/09,202608,46261,46430,45650,45987,7445,45960
2026/07/09,202609,46431,46526,45803,46166,468,46166
2026/07/09,202612,46894,46894,46894,46894,1,46950
2026/07/09,202703,47941,48004,47723,47948,9,47822
2026/07/09,202706,48739,48739,48739,48739,10,48617
2026/07/13,202607,46222,46378,45251,45617,115784,45565
2026/07/13,202608,46465,46650,45654,45980,54737,45926
2026/07/13,202609,46761,46778,45926,46131,291,46131
2026/07/13,202612,46966,47036,46700,46956,10,46956
2026/07/13,202703,48382,48382,47762,47893,10,47798
2026/07/13,202706,48548,48548,48548,48548,1,48594
2026/07/14,202607,45046,45464,43852,44815,126891,44790
2026/07/14,202608,45531,45800,44032,45135,74254,45145
2026/07/14,202609,45673,46016,44320,45372,90,45372
2026/07/14,202612,46286,46286,45196,45196,21,46181
2026/07/14,202703,47500,47500,45699,46912,33,47007
2026/07/14,202706,48041,48041,46792,47638,16,47846
2026/07/15,202607,45353,45842,45033,45830,30555,0
2026/07/15,202608,45652,46169,45406,46050,45252,46066
2026/07/15,202609,45879,46320,45630,46277,123,46277
2026/07/15,202612,46977,47100,46977,47058,9,47032
2026/07/15,202703,47007,,,47007,4,47876
2026/07/15,202706,48287,48696,48287,48696,2,48696
2026/07/16,202608,45519,46248,45191,45700,70808,45691
2026/07/16,202609,45882,46477,45488,45949,397,45967
2026/07/16,202610,46067,46770,46057,46300,23,46275
2026/07/16,202612,46890,47196,46890,47196,14,46761
2026/07/16,202703,47808,47938,47808,47938,5,47621
2026/07/16,202706,48457,48457,48457,48457,1,48415
2026/07/17,202608,44250,44512,42527,42725,103520,42604
2026/07/17,202609,44506,44768,42800,42975,548,42873
2026/07/17,202610,44842,44955,43856,43856,36,43325
2026/07/17,202612,45214,45499,43814,43814,34,43850
2026/07/17,202703,45807,45807,44700,44700,8,44700
2026/07/17,202706,46842,46842,45840,45840,16,45520
2026/07/20,202608,43500,43500,42457,42641,85444,42662
2026/07/20,202609,43655,43726,42760,42898,539,42868
2026/07/20,202610,44011,44011,43380,43450,7,43217
2026/07/20,202612,43901,44214,43638,44214,8,43749
2026/07/20,202703,,,,,0,44566
2026/07/20,202706,45480,45480,45480,45480,1,45372
2026/07/21,202608,43297,44404,43197,44377,61234,44375
2026/07/21,202609,43600,44600,43447,44597,486,44586
2026/07/21,202610,43834,44750,43834,44747,12,44933
2026/07/21,202612,44827,45354,44827,45300,7,45465
2026/07/21,202703,,,,,0,46279
2026/07/21,202706,46902,46902,46902,46902,3,47081
2026/07/22,202608,45000,45364,44613,44631,66011,44645
2026/07/22,202609,45274,45566,44835,44916,359,44837
2026/07/22,202610,45693,45859,45300,45300,18,45159
2026/07/22,202612,46288,46288,45808,45813,14,45661
2026/07/22,202703,47099,47099,46837,46837,6,46471
2026/07/22,202706,47800,47800,47800,47800,4,47290
2026/07/23,202608,45310,45339,44445,44930,54342,44912
2026/07/23,202609,45471,45501,44676,45101,244,45099
2026/07/23,202610,45828,45828,44988,45368,19,45444
2026/07/23,202612,45966,45966,45480,45600,6,45950
2026/07/23,202703,,,,,0,46755
2026/07/23,202706,47300,47300,47223,47223,2,47574
2026/07/24,202608,44166,44499,43640,43905,69395,43814
2026/07/24,202609,44349,44688,43820,44074,661,43949
2026/07/24,202610,44750,44750,44200,44200,17,44285
2026/07/24,202612,45950,,,45950,38,44852
2026/07/24,202703,45592,45592,45592,45592,1,45592
2026/07/24,202706,46352,46352,46352,46352,4,46352
2026/07/27,202608,43888,44083,43176,43907,66041,43880
2026/07/27,202609,44060,44234,43377,44040,538,44037
2026/07/27,202610,44453,44455,43847,44299,32,44321
2026/07/27,202612,44490,44738,44285,44738,15,44787
2026/07/27,202703,45592,,,45592,1,45554
2026/07/27,202706,,,,,0,46379
2026/07/28,202608,42569,42627,41516,41613,81786,41573
2026/07/28,202609,42942,42942,41687,41748,1027,41743
2026/07/28,202610,42888,42888,41954,41954,38,41977
2026/07/28,202612,43161,43178,42629,42629,43,42414
2026/07/28,202703,43926,43935,43567,43750,7,43195
2026/07/28,202706,44600,44828,44085,44300,27,43956
2026/07/29,202608,41915,42070,39442,40392,124405,40328
2026/07/29,202609,41963,42133,39643,40524,1698,40506
2026/07/29,202610,42360,42360,39900,40669,80,40670
2026/07/29,202612,42060,42140,40374,41086,28,41038
2026/07/29,202703,42583,42583,40980,41251,23,41683
2026/07/29,202706,43756,43756,41461,41546,48,42422
2026/07/30,202608,40007,41266,39701,40270,103235,40286
2026/07/30,202609,39712,41337,39712,40416,1678,40449
2026/07/30,202610,40519,41502,40280,40450,57,40592
2026/07/30,202612,41378,41891,40912,41211,17,40919
2026/07/30,202703,41582,41582,41582,41582,2,41540
2026/07/30,202706,42378,42378,42211,42211,2,42211
2026/07/31,202608,42331,43951,42305,43678,91473,43727
2026/07/31,202609,42478,44091,42478,43836,541,43888
2026/07/31,202610,42768,44154,42722,44150,25,44010
2026/07/31,202612,42888,44514,42888,44514,22,44306
2026/07/31,202703,44300,44430,44300,44306,5,44906
2026/07/31,202706,44528,45286,44528,45209,10,45543
2026/08/03,202608,43186,43836,42989,43230,69550,43219
2026/08/03,202609,43368,43966,43260,43388,485,43363
2026/08/03,202610,43394,43810,43394,43580,44,43580
2026/08/03,202612,44218,44218,43985,44014,10,43871
2026/08/03,202703,,,,,0,44470
2026/08/03,202706,,,,,0,45093
2026/08/04,202608,42750,43790,42553,43357,73478,43344
2026/08/04,202609,43204,43903,42724,43474,713,43474
2026/08/04,202610,42998,44000,42948,43783,41,43673
2026/08/04,202612,43222,44188,43222,44053,38,43934
2026/08/04,202703,44290,44350,44290,44350,9,44487
2026/08/04,202706,44912,45400,44912,45400,12,45098
2026/08/05,202608,44653,44923,44219,44514,67212,44537
2026/08/05,202609,44800,45011,44400,44624,1036,44626
2026/08/05,202610,44880,45190,44626,44675,50,44783
2026/08/05,202612,45126,45458,44940,44950,20,45049
2026/08/05,202703,45800,45860,45766,45777,9,45587
2026/08/05,202706,46479,46612,46479,46612,7,46220
2026/08/06,202608,44177,44494,43843,44280,55986,44258
2026/08/06,202609,44427,44538,43950,44300,908,44324
2026/08/06,202610,44502,44538,44176,44382,44,44440
2026/08/06,202612,44700,44778,44620,44688,18,44688
2026/08/06,202703,45200,45200,45172,45180,3,45194
2026/08/06,202706,46220,,,46220,1,45832
2026/08/07,202608,44588,44744,43923,44349,56058,44297
2026/08/07,202609,44597,44731,44036,44438,2392,44419
2026/08/07,202610,44592,44817,44133,44448,71,44525
2026/08/07,202612,44900,44900,44574,44574,12,44734
2026/08/07,202703,,,,,0,45233
2026/08/07,202706,45602,45602,45602,45602,2,45666
2026/08/10,202608,44985,45219,44668,44987,49606,44990
2026/08/10,202609,45048,45320,44790,45113,3078,45113
2026/08/10,202610,45138,45313,44906,45210,27,45210
2026/08/10,202612,45300,45555,45100,45410,31,45410
2026/08/10,202703,46014,46014,45854,45854,4,45888
2026/08/10,202706,46672,46672,46470,46470,3,46517
2026/08/11,202608,44761,45200,44570,45090,50327,45085
2026/08/11,202609,44918,45320,44725,45215,3285,45215
2026/08/11,202610,45103,45348,44901,45309,44,45324
2026/08/11,202612,45313,45610,45087,45518,29,45518
2026/08/11,202703,45798,46055,45798,46024,6,46024
2026/08/11,202706,,,,,0,46627
2026/08/12,202608,45350,45561,45156,45528,48409,45516
2026/08/12,202609,45460,45702,45300,45673,4721,45673
2026/08/12,202610,45583,45802,45467,45669,31,45786
2026/08/12,202612,45800,45948,45650,45888,14,45985
2026/08/12,202703,46287,46485,46240,46348,6,46480
2026/08/12,202706,,,,,0,47070
2026/08/13,202608,46120,46250,45840,46005,43260,46025
2026/08/13,202609,46293,46388,46000,46174,5360,46191
2026/08/13,202610,46481,46481,46290,46290,30,46290
2026/08/13,202612,46580,46635,46390,46531,29,46531
2026/08/13,202703,,,,,0,46997
2026/08/13,202706,47736,47736,47683,47683,2,47587
2026/08/14,202608,46466,46470,45676,45841,57509,45812
2026/08/14,202609,46641,46641,45827,45972,11386,45949
2026/08/14,202610,46645,46645,46106,46115,24,46115
2026/08/14,202612,46870,46870,46400,46408,16,46323
2026/08/14,202703,47010,47010,47010,47010,1,46844
2026/08/14,202706,47927,47927,47927,47927,1,47445
2026/08/17,202608,45850,46140,45738,45888,79450,45867
2026/08/17,202609,46000,46318,45870,46033,46829,46009
2026/08/17,202610,46328,46420,45987,46201,93,46162
2026/08/17,202612,46507,46507,46454,46454,2,46381
2026/08/17,202703,47053,47053,46941,46941,2,46846
2026/08/17,202706,47700,47700,47700,47700,1,47436
2026/08/18,202608,45967,45977,45070,45085,83392,45088
2026/08/18,202609,46097,46113,45159,45166,49922,45173
2026/08/18,202610,46201,46201,45387,45387,51,45332
2026/08/18,202612,46374,46374,45580,45580,11,45580
2026/08/18,202703,46893,46893,46360,46360,4,46065
2026/08/18,202706,47436,,,47436,1,46608
2026/08/19,202608,44411,44869,44208,44612,27795,0
2026/08/19,202609,44330,44876,44300,44528,42374,44500
2026/08/19,202610,44472,45000,44472,44665,59,44665
2026/08/19,202612,45086,45200,44856,44856,11,44856
2026/08/19,202703,45401,45700,45350,45350,8,45350
2026/08/19,202706,,,,,0,45908
2026/08/20,202609,44950,45122,44448,44868,53693,44903
2026/08/20,202610,45116,45158,44651,45029,122,45045
2026/08/20,202611,45110,45180,44800,45150,11,45150
2026/08/20,202612,45349,45458,44850,45093,13,45235
2026/08/20,202703,45800,45838,45442,45442,6,45664
2026/08/20,202706,46336,46336,46000,46000,3,46231
2026/08/21,202609,44887,45294,44566,45148,51446,45138
2026/08/21,202610,45045,45423,44777,45280,123,45280
2026/08/21,202611,45115,45510,44915,45400,30,45400
2026/08/21,202612,45500,45580,45305,45305,5,45508
2026/08/21,202703,45664,,,45664,2,45920
2026/08/21,202706,46373,46587,46314,46368,5,46481
2026/08/24,202609,45032,45292,44609,44762,43046,44740
2026/08/24,202610,45235,45436,44783,44900,184,44894
2026/08/24,202611,45380,45498,44987,44987,43,45040
2026/08/24,202612,45595,45658,45000,45000,16,45149
2026/08/24,202703,,,,,0,45543
2026/08/24,202706,46486,46489,46486,46489,3,46138
2026/08/25,202609,44488,45095,44146,45027,55218,45032
2026/08/25,202610,44581,45239,44351,45226,120,45177
2026/08/25,202611,44500,45340,44435,45298,56,45298
2026/08/25,202612,44750,45428,44600,45428,32,45398
2026/08/25,202703,45710,45710,45700,45700,2,45806
2026/08/25,202706,,,,,0,46392
2026/08/26,202609,45285,46027,44865,46011,57745,46003
2026/08/26,202610,45331,46146,45030,46146,322,46146
2026/08/26,202611,45585,46250,45250,46250,55,46279
2026/08/26,202612,45450,45958,45400,45958,11,46381
2026/08/26,202703,45806,,,45806,3,46794
2026/08/26,202706,46558,47294,46556,47294,11,47362
2026/08/27,202609,46175,46517,46006,46078,50701,46064
2026/08/27,202610,46303,46655,46193,46258,271,46246
2026/08/27,202611,46566,46770,46375,46375,18,46397
2026/08/27,202612,46488,46866,46474,46495,20,46495
2026/08/27,202703,47034,47150,46906,46906,9,46906
2026/08/27,202706,47828,47828,47562,47562,2,47435
2026/08/28,202609,46366,46580,46215,46357,41611,46357
2026/08/28,202610,46552,46735,46401,46502,474,46502
2026/08/28,202611,46820,46850,46587,46637,26,46667
2026/08/28,202612,46790,46850,46710,46780,19,46780
2026/08/28,202703,47353,47398,47100,47196,9,47196
2026/08/28,202706,47816,47816,47816,47816,1,47711
2026/08/31,202609,45800,46060,45415,45983,53336,45977
2026/08/31,202610,45987,46200,45588,46116,411,46116
2026/08/31,202611,46046,46228,45750,46225,25,46304
2026/08/31,202612,46150,46472,45946,46386,31,46410
2026/08/31,202703,46640,46888,46585,46888,3,46850
2026/08/31,202706,47144,47244,46847,47244,4,47354
2026/09/01,202609,46000,47220,45987,47209,57627,47201
2026/09/01,202610,46188,47364,46188,47364,328,47362
2026/09/01,202611,46447,47500,46433,47500,53,47536
2026/09/01,202612,46574,47350,46574,47350,21,47649
2026/09/01,202703,46974,48017,46974,48017,8,48106
2026/09/01,202706,47457,48530,47457,48530,10,48597
2026/09/02,202609,46701,46746,46131,46189,46145,46165
2026/09/02,202610,46913,46913,46337,46365,402,46365
2026/09/02,202611,46985,46985,46600,46601,59,46601
2026/09/02,202612,47125,47125,46680,46680,78,46715
2026/09/02,202703,47588,47588,47247,47247,4,47247
2026/09/02,202706,48041,48041,47713,47713,5,47713
2026/09/03,202609,46169,46472,45714,45837,53082,45819
2026/09/03,202610,46374,46651,45916,45997,572,46012
2026/09/03,202611,46600,46811,46117,46117,62,46202
2026/09/03,202612,46747,46964,46350,46350,12,46338
2026/09/03,202703,47066,47179,47066,47179,3,46840
2026/09/03,202706,47772,47772,47408,47408,3,47303
2026/09/04,202609,46406,46756,46057,46704,50177,46709
2026/09/04,202610,46711,46920,46233,46886,650,46886
2026/09/04,202611,46740,47069,46552,47069,42,47032
2026/09/04,202612,47088,47200,46655,47200,6,47153
2026/09/04,202703,47600,47639,47248,47639,5,47626
2026/09/04,202706,47999,48158,47652,48158,6,48140
2026/09/07,202609,47280,47572,47093,47470,43189,47462
2026/09/07,202610,47446,47752,47288,47667,831,47643
2026/09/07,202611,47698,47894,47698,47706,77,47813
2026/09/07,202612,47743,47968,47600,47900,38,47941
2026/09/07,202703,48327,48396,48303,48396,3,48396
2026/09/07,202706,48769,48960,48687,48795,5,48875
2026/09/08,202609,47480,47593,46934,46980,44455,46955
2026/09/08,202610,47642,47780,47122,47150,2464,47131
2026/09/08,202611,47899,47932,47280,47280,190,47280
2026/09/08,202612,48066,48066,47414,47414,47,47414
2026/09/08,202703,48501,48501,48041,48041,11,47916
2026/09/08,202706,48902,48902,48491,48491,5,48426
2026/09/09,202609,47076,47592,47054,47187,49381,47178
2026/09/09,202610,47311,47761,47299,47358,3496,47370
2026/09/09,202611,47400,47900,47400,47440,78,47524
2026/09/09,202612,47950,48000,47800,47800,28,47644
2026/09/09,202703,48316,48482,48313,48482,8,48118
2026/09/09,202706,48719,48955,48658,48658,5,48621
2026/09/10,202609,46940,46950,46506,46870,48692,46869
2026/09/10,202610,47179,47179,46700,47050,3975,47050
2026/09/10,202611,47266,47266,46868,47223,16,47223
2026/09/10,202612,47250,47380,47000,47320,18,47353
2026/09/10,202703,47550,47698,47550,47698,7,47816
2026/09/10,202706,48177,48198,48177,48198,2,48325
2026/09/11,202609,45820,46340,45780,46218,58137,46187
2026/09/11,202610,46041,46500,45960,46380,9371,46372
2026/09/11,202611,46217,46632,46150,46460,56,46543
2026/09/11,202612,46450,46630,46281,46630,22,46690
2026/09/11,202703,,,,,0,47173
2026/09/11,202706,47306,47306,47306,47306,1,47629
2026/09/14,202609,45589,46018,45302,45780,94885,45777
2026/09/14,202610,45908,46142,45444,45902,50428,45903
2026/09/14,202611,45763,46243,45624,46032,84,46032
2026/09/14,202612,45967,46382,45786,46200,35,46200
2026/09/14,202703,46342,46801,46342,46801,5,46690
2026/09/14,202706,46880,47098,46800,47098,7,47148
2026/09/15,202609,45777,45964,45512,45607,75529,45592
2026/09/15,202610,45898,46039,45644,45740,47926,45727
2026/09/15,202611,46064,46147,45800,45852,156,45886
2026/09/15,202612,46169,46185,45948,45971,52,45971
2026/09/15,202703,46730,46730,46450,46450,8,46507
2026/09/15,202706,47141,47141,47095,47095,4,46931
2026/09/16,202609,45534,46093,45518,45759,28491,0
2026/09/16,202610,45687,46242,45678,46078,36544,46060
2026/09/16,202611,45878,46349,45878,46200,88,46222
2026/09/16,202612,46146,46488,46009,46243,226,46328
2026/09/16,202703,46658,46905,46585,46743,14,46825
2026/09/16,202706,47122,47346,47122,47150,6,47270
2026/09/17,202610,46495,47037,46376,46445,50102,46459
2026/09/17,202611,46659,47150,46550,46613,230,46616
2026/09/17,202612,46810,47255,46664,46805,39,46718
2026/09/17,202703,47212,47650,47212,47250,11,47206
2026/09/17,202706,47640,48127,47640,47738,16,47679
2026/09/17,202709,47643,48000,47604,47983,25,47690
2026/09/18,202610,47080,47464,46897,47418,44655,47428
2026/09/18,202611,47300,47601,47083,47581,170,47581
2026/09/18,202612,47382,47710,47240,47710,31,47710
2026/09/18,202703,47900,48190,47900,48190,3,48171
2026/09/18,202706,48244,48665,48150,48665,12,48665
2026/09/18,202709,48500,48700,48429,48700,26,48700
2026/09/21,202610,47607,48091,47496,48077,37750,48053
2026/09/21,202611,47701,48219,47666,48205,193,48240
2026/09/21,202612,47845,48366,47845,48366,40,48361
2026/09/21,202703,48436,48765,48436,48765,11,48834
2026/09/21,202706,,,,,0,49335
2026/09/21,202709,49096,49544,49096,49544,12,49413
2026/09/22,202610,48888,48946,48034,48243,41691,48225
2026/09/22,202611,48979,49090,48206,48395,322,48387
2026/09/22,202612,49150,49150,48350,48400,28,48559
2026/09/22,202703,49481,49481,49050,49050,14,49033
2026/09/22,202706,50000,50000,49550,49550,2,49550
2026/09/22,202709,50228,50228,49743,49743,6,49635
2026/09/23,202610,48529,48623,48223,48336,32929,48312
2026/09/23,202611,48752,48760,48398,48508,203,48498
2026/09/23,202612,48800,48888,48566,48566,25,48675
2026/09/23,202703,49343,49343,49082,49082,10,49198
2026/09/23,202706,49814,49814,49630,49635,5,49745
2026/09/23,202709,49635,,,49635,7,49773
2026/09/24,202610,47850,48275,47797,48123,37196,48125
2026/09/24,202611,48054,48435,47986,48258,889,48258
2026/09/24,202612,48200,48509,48179,48500,71,48437
2026/09/24,202703,48726,48726,48726,48726,1,48980
2026/09/24,202706,49320,49540,49292,49540,5,49569
2026/09/24,202709,49588,49665,49465,49501,29,49526
2026/09/29,202610,48098,48194,47630,47767,43812,47781
2026/09/29,202611,48180,48300,47818,47930,275,47916
2026/09/29,202612,48379,48460,47951,47951,38,48066
2026/09/29,202703,48625,48625,48625,48625,1,48625
2026/09/29,202706,49411,49411,49236,49236,6,49154
2026/09/29,202709,49484,49484,49484,49484,1,49155
2026/09/30,202610,48467,48646,48230,48330,42731,48330
2026/09/30,202611,48640,48790,48398,48494,250,48494
2026/09/30,202612,48700,48910,48555,48620,41,48620
2026/09/30,202703,49160,49388,49055,49055,4,49125
2026/09/30,202706,49700,49900,49600,49672,12,49646
2026/09/30,202709,49830,49830,49830,49830,1,49692
